{
  "fold_index": 3,
  "best_val_metric": 0.9891029596328735,
  "test_metrics": {
    "total_loss": 0.7916875870331473,
    "cls_loss": 0.030510527326955722,
    "reg_loss": 0.7611770733543064,
    "cls_accuracy": 0.9911684782608695,
    "cls_precision": 1.0,
    "cls_recall": 0.9821428571428571,
    "cls_f1": 0.990990990990991,
    "cls_auc": 0.9999353804797354,
    "reg_mae": 1.1636056900024414,
    "reg_rmse": 1.5005930662155151,
    "reg_mse": 2.251779556274414,
    "combined": 0.9848978519439697
  }
}