{
  "fold_index": 4,
  "best_val_metric": 0.9904608130455017,
  "test_metrics": {
    "loss": 0.962974606021758,
    "reg_mae": 1.3823975324630737,
    "reg_rmse": 1.773504614830017,
    "reg_mse": 3.1453187465667725
  }
}