{
  "fold_index": 3,
  "best_val_metric": 0.9884771108627319,
  "test_metrics": {
    "total_loss": 0.8445916072182034,
    "cls_loss": 0.030544512087742434,
    "reg_loss": 0.81404709815979,
    "cls_accuracy": 0.9925271739130435,
    "cls_precision": 1.0,
    "cls_recall": 0.9848901098901099,
    "cls_f1": 0.9923875432525952,
    "cls_auc": 0.9994922751979204,
    "reg_mae": 1.2259644269943237,
    "reg_rmse": 1.597862958908081,
    "reg_mse": 2.553166151046753,
    "combined": 0.9852161407470703
  }
}