{
  "window_centers": [
    3.0,
    6.0,
    9.0,
    12.0,
    15.0,
    18.0,
    21.0,
    24.0,
    27.0,
    30.0,
    33.0,
    36.0,
    39.0,
    42.0,
    45.0
  ],
  "metrics": {
    "auc": [
      0.9680989583333334,
      0.9924045138888888,
      1.0,
      1.0,
      1.0,
      1.0,
      1.0,
      1.0,
      1.0,
      1.0,
      1.0,
      1.0,
      1.0,
      1.0,
      1.0
    ],
    "accuracy": [
      0.9431818181818182,
      0.9635416666666666,
      0.9947916666666666,
      1.0,
      1.0,
      1.0,
      1.0,
      1.0,
      1.0,
      1.0,
      1.0,
      1.0,
      1.0,
      1.0,
      1.0
    ],
    "f1": [
      0.9333333333333333,
      0.9621621621621622,
      0.9947643979057592,
      1.0,
      1.0,
      1.0,
      1.0,
      1.0,
      1.0,
      1.0,
      1.0,
      1.0,
      1.0,
      1.0,
      1.0
    ],
    "precision": [
      1.0,
      1.0,
      1.0,
      1.0,
      1.0,
      1.0,
      1.0,
      1.0,
      1.0,
      1.0,
      1.0,
      1.0,
      1.0,
      1.0,
      1.0
    ],
    "recall": [
      0.875,
      0.9270833333333334,
      0.9895833333333334,
      1.0,
      1.0,
      1.0,
      1.0,
      1.0,
      1.0,
      1.0,
      1.0,
      1.0,
      1.0,
      1.0,
      1.0
    ]
  },
  "window_size": 6.0,
  "stride": 3.0
}