{
  "fold_index": 4,
  "best_val_metric": 0.8675968647003174,
  "test_metrics": {
    "loss": 0.5077896956559066,
    "reg_mae": 0.891920804977417,
    "reg_rmse": 1.1099909543991089,
    "reg_mse": 1.2320799827575684
  }
}