{
  "fold_index": 2,
  "best_val_metric": 1.1924465894699097,
  "test_metrics": {
    "loss": 1.1143731301830662,
    "reg_mae": 1.5440220832824707,
    "reg_rmse": 1.9530915021896362,
    "reg_mse": 3.8145663738250732
  }
}