{
  "fold_index": 3,
  "best_val_metric": 1.7522375583648682,
  "test_metrics": {
    "loss": 1.0301160020853883,
    "reg_mae": 1.4536380767822266,
    "reg_rmse": 1.837116003036499,
    "reg_mse": 3.374994993209839
  }
}