{
  "fold_index": 2,
  "best_val_metric": 0.7442086935043335,
  "test_metrics": {
    "loss": 0.5119787493904868,
    "reg_mae": 0.8961814045906067,
    "reg_rmse": 1.1150999069213867,
    "reg_mse": 1.2434477806091309
  }
}