{
  "fold_index": 0,
  "best_val_metric": 0.6796730160713196,
  "test_metrics": {
    "loss": 0.4778460028407338,
    "reg_mae": 0.8654990792274475,
    "reg_rmse": 1.0644718408584595,
    "reg_mse": 1.1331002712249756
  }
}