{
  "fold_index": 4,
  "best_val_metric": 0.9919393062591553,
  "test_metrics": {
    "total_loss": 0.7000017684438954,
    "cls_loss": 0.023692020545359297,
    "reg_loss": 0.6763097410616667,
    "cls_accuracy": 0.9938858695652174,
    "cls_precision": 1.0,
    "cls_recall": 0.9876373626373627,
    "cls_f1": 0.9937802349689012,
    "cls_auc": 0.9999446118397731,
    "reg_mae": 1.0802232027053833,
    "reg_rmse": 1.370537519454956,
    "reg_mse": 1.878373146057129,
    "combined": 0.9872663021087646
  }
}