{
  "fold_index": 1,
  "best_val_metric": 1.4981342554092407,
  "test_metrics": {
    "loss": 1.030537284189655,
    "reg_mae": 1.4536408185958862,
    "reg_rmse": 1.8643540143966675,
    "reg_mse": 3.475816011428833
  }
}