{
  "fold_index": 1,
  "best_val_metric": 0.9904417991638184,
  "test_metrics": {
    "total_loss": 0.6841335296630859,
    "cls_loss": 0.024334248484355277,
    "reg_loss": 0.6597992751909338,
    "cls_accuracy": 0.9925271739130435,
    "cls_precision": 1.0,
    "cls_recall": 0.9848901098901099,
    "cls_f1": 0.9923875432525952,
    "cls_auc": 0.9998393743353421,
    "reg_mae": 1.0509201288223267,
    "reg_rmse": 1.351732850074768,
    "reg_mse": 1.8271815776824951,
    "combined": 0.9866749048233032
  }
}