{
  "fold_index": 1,
  "best_val_metric": 0.5891671180725098,
  "test_metrics": {
    "loss": 0.5074733030665052,
    "reg_mae": 0.8881536722183228,
    "reg_rmse": 1.1195746660232544,
    "reg_mse": 1.253447413444519
  }
}