{
  "fold_index": 2,
  "best_val_metric": 0.9915146827697754,
  "test_metrics": {
    "total_loss": 0.6684240517408951,
    "cls_loss": 0.022529630182796846,
    "reg_loss": 0.6458944160005321,
    "cls_accuracy": 0.9932065217391305,
    "cls_precision": 1.0,
    "cls_recall": 0.9862637362637363,
    "cls_f1": 0.9930843706777317,
    "cls_auc": 0.9999723059198866,
    "reg_mae": 1.0404130220413208,
    "reg_rmse": 1.3516321182250977,
    "reg_mse": 1.8269093036651611,
    "combined": 0.9871805310249329
  }
}