{
  "fold_index": 3,
  "best_val_metric": 0.9878972768783569,
  "test_metrics": {
    "total_loss": 0.8792787427487581,
    "cls_loss": 0.024961326357341655,
    "reg_loss": 0.854317421498506,
    "cls_accuracy": 0.9932065217391305,
    "cls_precision": 1.0,
    "cls_recall": 0.9862637362637363,
    "cls_f1": 0.9930843706777317,
    "cls_auc": 0.9997396756469337,
    "reg_mae": 1.2653074264526367,
    "reg_rmse": 1.6213557720184326,
    "reg_mse": 2.6287946701049805,
    "combined": 0.9853063821792603
  }
}