{
  "fold_index": 4,
  "best_val_metric": 1.1336703300476074,
  "test_metrics": {
    "loss": 1.077304296596076,
    "reg_mae": 1.5027962923049927,
    "reg_rmse": 1.9137195348739624,
    "reg_mse": 3.6623222827911377
  }
}