{
  "fold_index": 3,
  "best_val_metric": 0.9891274571418762,
  "test_metrics": {
    "total_loss": 0.8507766308991805,
    "cls_loss": 0.018494448852320405,
    "reg_loss": 0.8322821803714918,
    "cls_accuracy": 0.9945652173913043,
    "cls_precision": 1.0,
    "cls_recall": 0.989010989010989,
    "cls_f1": 0.994475138121547,
    "cls_auc": 0.9999224565756825,
    "reg_mae": 1.2517313957214355,
    "reg_rmse": 1.5690218210220337,
    "reg_mse": 2.461829423904419,
    "combined": 0.9862539768218994
  }
}