{
  "window_centers": [
    3.0,
    6.0,
    9.0,
    12.0,
    15.0,
    18.0,
    21.0,
    24.0,
    27.0,
    30.0,
    33.0,
    36.0,
    39.0,
    42.0,
    45.0
  ],
  "metrics": {
    "auc": [
      0.9947916666666667,
      0.9984809027777778,
      1.0,
      1.0,
      1.0,
      1.0,
      1.0,
      1.0,
      1.0,
      1.0,
      1.0,
      1.0,
      1.0,
      1.0,
      1.0
    ],
    "accuracy": [
      0.9602272727272727,
      0.96875,
      0.9947916666666666,
      1.0,
      1.0,
      1.0,
      1.0,
      1.0,
      1.0,
      1.0,
      1.0,
      1.0,
      1.0,
      1.0,
      1.0
    ],
    "f1": [
      0.954248366013072,
      0.967741935483871,
      0.9947643979057592,
      1.0,
      1.0,
      1.0,
      1.0,
      1.0,
      1.0,
      1.0,
      1.0,
      1.0,
      1.0,
      1.0,
      1.0
    ],
    "precision": [
      1.0,
      1.0,
      1.0,
      1.0,
      1.0,
      1.0,
      1.0,
      1.0,
      1.0,
      1.0,
      1.0,
      1.0,
      1.0,
      1.0,
      1.0
    ],
    "recall": [
      0.9125,
      0.9375,
      0.9895833333333334,
      1.0,
      1.0,
      1.0,
      1.0,
      1.0,
      1.0,
      1.0,
      1.0,
      1.0,
      1.0,
      1.0,
      1.0
    ]
  },
  "window_size": 6.0,
  "stride": 3.0
}