{
  "config": "configs/resnet50_baseline.yaml",
  "timestamp": "20251210-145424",
  "window_size": 6.0,
  "stride": 3.0,
  "window_starts": [
    1.0,
    4.0,
    7.0,
    10.0,
    13.0,
    16.0,
    19.0,
    22.0,
    25.0,
    28.0,
    31.0,
    34.0,
    37.0,
    40.0
  ],
  "max_hour": null,
  "metrics": [
    "auc",
    "accuracy",
    "f1"
  ],
  "split": "test",
  "k_folds": 5,
  "results": {
    "auc": {
      "window_starts": [
        1.0,
        4.0,
        7.0,
        10.0,
        13.0,
        16.0,
        19.0,
        22.0,
        25.0,
        28.0,
        31.0,
        34.0,
        37.0,
        40.0
      ],
      "window_ends": [
        7.0,
        10.0,
        13.0,
        16.0,
        19.0,
        22.0,
        25.0,
        28.0,
        31.0,
        34.0,
        37.0,
        40.0,
        43.0,
        46.0
      ],
      "window_centers": [
        4.0,
        7.0,
        10.0,
        13.0,
        16.0,
        19.0,
        22.0,
        25.0,
        28.0,
        31.0,
        34.0,
        37.0,
        40.0,
        43.0
      ],
      "fold_metrics": [
        [
          0.992917700578991,
          0.9989660876757651,
          0.9991728701406121,
          0.9991211745244003,
          0.9992116418527709
        ],
        [
          0.9998966087675765,
          0.9980226426799007,
          0.9986688378825476,
          0.998177729528536,
          0.9977900124069479
        ],
        [
          1.0,
          0.9998707609594707,
          1.0,
          1.0,
          0.9999353804797353
        ],
        [
          1.0,
          0.9999741521918941,
          0.9993925765095121,
          1.0,
          0.9993538047973533
        ],
        [
          1.0,
          1.0,
          1.0,
          1.0,
          1.0
        ],
        [
          1.0,
          1.0,
          1.0,
          1.0,
          1.0
        ],
        [
          1.0,
          1.0,
          1.0,
          1.0,
          1.0
        ],
        [
          1.0,
          1.0,
          1.0,
          1.0,
          1.0
        ],
        [
          1.0,
          1.0,
          1.0,
          1.0,
          1.0
        ],
        [
          1.0,
          1.0,
          1.0,
          1.0,
          1.0
        ],
        [
          1.0,
          1.0,
          1.0,
          1.0,
          1.0
        ],
        [
          1.0,
          1.0,
          1.0,
          1.0,
          1.0
        ],
        [
          1.0,
          1.0,
          1.0,
          1.0,
          1.0
        ],
        [
          1.0,
          1.0,
          1.0,
          1.0,
          1.0
        ]
      ],
      "means": [
        0.9978778958320618,
        0.9985111355781555,
        0.999961256980896,
        0.9997441172599792,
        1.0,
        1.0,
        1.0,
        1.0,
        1.0,
        1.0,
        1.0,
        1.0,
        1.0,
        1.0
      ],
      "stds": [
        0.0024815010838210583,
        0.0007502204389311373,
        5.168915231479332e-05,
        0.0003032397944480181,
        0.0,
        0.0,
        0.0,
        0.0,
        0.0,
        0.0,
        0.0,
        0.0,
        0.0,
        0.0
      ]
    },
    "accuracy": {
      "window_starts": [
        1.0,
        4.0,
        7.0,
        10.0,
        13.0,
        16.0,
        19.0,
        22.0,
        25.0,
        28.0,
        31.0,
        34.0,
        37.0,
        40.0
      ],
      "window_ends": [
        7.0,
        10.0,
        13.0,
        16.0,
        19.0,
        22.0,
        25.0,
        28.0,
        31.0,
        34.0,
        37.0,
        40.0,
        43.0,
        46.0
      ],
      "window_centers": [
        4.0,
        7.0,
        10.0,
        13.0,
        16.0,
        19.0,
        22.0,
        25.0,
        28.0,
        31.0,
        34.0,
        37.0,
        40.0,
        43.0
      ],
      "fold_metrics": [
        [
          0.9504716981132075,
          0.9870283018867925,
          0.9823113207547169,
          0.9799528301886793,
          0.9811320754716981
        ],
        [
          0.9811320754716981,
          0.9823113207547169,
          0.9764150943396226,
          0.9599056603773585,
          0.9752358490566038
        ],
        [
          0.9799528301886793,
          0.9186320754716981,
          0.9669811320754716,
          0.9811320754716981,
          0.8773584905660378
        ],
        [
          0.9858490566037735,
          0.9139150943396226,
          0.9174528301886793,
          0.9563679245283019,
          0.8903301886792453
        ],
        [
          0.9740566037735849,
          0.9457547169811321,
          1.0,
          0.9811320754716981,
          0.9988207547169812
        ],
        [
          0.9964622641509434,
          0.9481132075471698,
          0.9351415094339622,
          0.9893867924528302,
          0.9811320754716981
        ],
        [
          1.0,
          0.9976415094339622,
          0.9834905660377359,
          0.9988207547169812,
          1.0
        ],
        [
          1.0,
          1.0,
          1.0,
          1.0,
          1.0
        ],
        [
          1.0,
          1.0,
          1.0,
          1.0,
          1.0
        ],
        [
          1.0,
          1.0,
          1.0,
          1.0,
          1.0
        ],
        [
          1.0,
          1.0,
          1.0,
          0.9976415094339622,
          1.0
        ],
        [
          1.0,
          0.9716981132075472,
          0.9952830188679245,
          1.0,
          1.0
        ],
        [
          1.0,
          0.9988207547169812,
          1.0,
          1.0,
          0.9775943396226415
        ],
        [
          1.0,
          1.0,
          0.9988207547169812,
          0.9941037735849056,
          0.9952830188679245
        ]
      ],
      "means": [
        0.9761792421340942,
        0.9750000238418579,
        0.9448113441467285,
        0.9327830076217651,
        0.9799528121948242,
        0.9700471758842468,
        0.9959905743598938,
        1.0,
        1.0,
        1.0,
        0.9995282888412476,
        0.9933961629867554,
        0.9952830076217651,
        0.9976415634155273
      ],
      "stds": [
        0.013076333329081535,
        0.008011918514966965,
        0.04069608822464943,
        0.033957354724407196,
        0.019816944375634193,
        0.024058924987912178,
        0.00631088437512517,
        0.0,
        0.0,
        0.0,
        0.0009433985105715692,
        0.011001798324286938,
        0.008856135420501232,
        0.002473606029525399
      ]
    },
    "f1": {
      "window_starts": [
        1.0,
        4.0,
        7.0,
        10.0,
        13.0,
        16.0,
        19.0,
        22.0,
        25.0,
        28.0,
        31.0,
        34.0,
        37.0,
        40.0
      ],
      "window_ends": [
        7.0,
        10.0,
        13.0,
        16.0,
        19.0,
        22.0,
        25.0,
        28.0,
        31.0,
        34.0,
        37.0,
        40.0,
        43.0,
        46.0
      ],
      "window_centers": [
        4.0,
        7.0,
        10.0,
        13.0,
        16.0,
        19.0,
        22.0,
        25.0,
        28.0,
        31.0,
        34.0,
        37.0,
        40.0,
        43.0
      ],