{
  "fold_index": 3,
  "best_val_metric": 0.62385493516922,
  "test_metrics": {
    "loss": 0.4986901204664629,
    "reg_mae": 0.8694745302200317,
    "reg_rmse": 1.1286872625350952,
    "reg_mse": 1.2739349603652954
  }
}