{
  "fold_index": 2,
  "best_val_metric": 0.9901906847953796,
  "test_metrics": {
    "total_loss": 0.84426850857942,
    "cls_loss": 0.018430831842124462,
    "reg_loss": 0.8258376795312633,
    "cls_accuracy": 0.9952445652173914,
    "cls_precision": 1.0,
    "cls_recall": 0.9903846153846154,
    "cls_f1": 0.9951690821256038,
    "cls_auc": 0.999822757887274,
    "reg_mae": 1.2399762868881226,
    "reg_rmse": 1.566077470779419,
    "reg_mse": 2.452598810195923,
    "combined": 0.986768364906311
  }
}