{
  "fold_index": 0,
  "best_val_metric": 0.9897299408912659,
  "test_metrics": {
    "total_loss": 0.6687014413916547,
    "cls_loss": 0.025666825645717123,
    "reg_loss": 0.6430346188337906,
    "cls_accuracy": 0.9925271739130435,
    "cls_precision": 1.0,
    "cls_recall": 0.9848901098901099,
    "cls_f1": 0.9923875432525952,
    "cls_auc": 0.9998596833274254,
    "reg_mae": 1.029239296913147,
    "reg_rmse": 1.3630629777908325,
    "reg_mse": 1.8579405546188354,
    "combined": 0.9868555068969727
  }
}