{
  "fold_index": 4,
  "best_val_metric": 0.8235377073287964,
  "test_metrics": {
    "loss": 0.46287963547549404,
    "reg_mae": 0.8363310694694519,
    "reg_rmse": 1.0632034540176392,
    "reg_mse": 1.1304014921188354
  }
}