{
  "fold_index": 4,
  "best_val_metric": 0.9901911020278931,
  "test_metrics": {
    "total_loss": 0.9332893253654562,
    "cls_loss": 0.03525947494011733,
    "reg_loss": 0.8980298426843458,
    "cls_accuracy": 0.9885752688172043,
    "cls_precision": 1.0,
    "cls_recall": 0.9771505376344086,
    "cls_f1": 0.9884432358939497,
    "cls_auc": 0.9997976644698809,
    "reg_mae": 1.315533995628357,
    "reg_rmse": 1.6874512434005737,
    "reg_mse": 2.847491502761841,
    "combined": 0.9821031093597412
  }
}