{
  "window_centers": [
    3.0,
    6.0,
    9.0,
    12.0,
    15.0,
    18.0,
    21.0,
    24.0,
    27.0,
    30.0,
    33.0,
    36.0,
    39.0,
    42.0,
    45.0
  ],
  "metrics": {
    "auc": [
      0.9894748263888888,
      0.9969618055555556,
      0.9998914930555556,
      1.0,
      1.0,
      1.0,
      1.0,
      1.0,
      1.0,
      1.0,
      1.0,
      1.0,
      1.0,
      1.0,
      1.0
    ],
    "accuracy": [
      0.9270833333333334,
      0.9479166666666666,
      0.984375,
      1.0,
      1.0,
      1.0,
      1.0,
      1.0,
      1.0,
      1.0,
      1.0,
      1.0,
      1.0,
      1.0,
      1.0
    ],
    "f1": [
      0.9213483146067416,
      0.945054945054945,
      0.9841269841269841,
      1.0,
      1.0,
      1.0,
      1.0,
      1.0,
      1.0,
      1.0,
      1.0,
      1.0,
      1.0,
      1.0,
      1.0
    ],
    "precision": [
      1.0,
      1.0,
      1.0,
      1.0,
      1.0,
      1.0,
      1.0,
      1.0,
      1.0,
      1.0,
      1.0,
      1.0,
      1.0,
      1.0,
      1.0
    ],
    "recall": [
      0.8541666666666666,
      0.8958333333333334,
      0.96875,
      1.0,
      1.0,
      1.0,
      1.0,
      1.0,
      1.0,
      1.0,
      1.0,
      1.0,
      1.0,
      1.0,
      1.0
    ]
  },
  "window_size": 6.0,
  "stride": 3.0
}