{
  "fold_index": 4,
  "best_val_metric": 0.9901965856552124,
  "test_metrics": {
    "total_loss": 0.8608352256857831,
    "cls_loss": 0.029010913162694676,
    "reg_loss": 0.8318242974903273,
    "cls_accuracy": 0.9904891304347826,
    "cls_precision": 1.0,
    "cls_recall": 0.9807692307692307,
    "cls_f1": 0.9902912621359223,
    "cls_auc": 0.9997415219189413,
    "reg_mae": 1.24528968334198,
    "reg_rmse": 1.579138994216919,
    "reg_mse": 2.493680000305176,
    "combined": 0.9837973117828369
  }
}