{
  "fold_index": 2,
  "best_val_metric": 0.7311856150627136,
  "test_metrics": {
    "loss": 0.4932272132936415,
    "reg_mae": 0.8805612325668335,
    "reg_rmse": 1.1031060218811035,
    "reg_mse": 1.2168430089950562
  }
}