{
  "fold_index": 0,
  "best_val_metric": 0.7174363732337952,
  "test_metrics": {
    "loss": 0.582257940873995,
    "reg_mae": 0.981803834438324,
    "reg_rmse": 1.2007899284362793,
    "reg_mse": 1.4418965578079224
  }
}