{
  "fold_index": 4,
  "best_val_metric": 0.9906567335128784,
  "test_metrics": {
    "total_loss": 0.8083590372748997,
    "cls_loss": 0.03452429501845947,
    "reg_loss": 0.7738347519998965,
    "cls_accuracy": 0.9918478260869565,
    "cls_precision": 1.0,
    "cls_recall": 0.9835164835164835,
    "cls_f1": 0.9916897506925207,
    "cls_auc": 0.9997193666548505,
    "reg_mae": 1.1893199682235718,
    "reg_rmse": 1.5045651197433472,
    "reg_mse": 2.263716220855713,
    "combined": 0.9851028919219971
  }
}