{
  "fold_index": 0,
  "best_val_metric": 0.9879279136657715,
  "test_metrics": {
    "total_loss": 1.1208250644386455,
    "cls_loss": 0.03885151999026176,
    "reg_loss": 1.081973574494803,
    "cls_accuracy": 0.9905913978494624,
    "cls_precision": 1.0,
    "cls_recall": 0.9811827956989247,
    "cls_f1": 0.9905020352781547,
    "cls_auc": 0.9997886316337149,
    "reg_mae": 1.5089569091796875,
    "reg_rmse": 1.9511622190475464,
    "reg_mse": 3.8070340156555176,
    "combined": 0.9817265868186951
  }
}