{
  "fold_index": 1,
  "best_val_metric": 1.3097784519195557,
  "test_metrics": {
    "loss": 0.8551247683904504,
    "reg_mae": 1.2698343992233276,
    "reg_rmse": 1.6368627548217773,
    "reg_mse": 2.6793198585510254
  }
}