{
  "fold_index": 0,
  "best_val_metric": 1.138007640838623,
  "test_metrics": {
    "loss": 0.8903066080103639,
    "reg_mae": 1.3029505014419556,
    "reg_rmse": 1.6700873374938965,
    "reg_mse": 2.789191722869873
  }
}