{
  "num_folds": 5,
  "window_centers": [
    3.0,
    6.0,
    9.0,
    12.0,
    15.0,
    18.0,
    21.0,
    24.0,
    27.0,
    30.0,
    33.0,
    36.0,
    39.0,
    42.0,
    45.0
  ],
  "aggregated_metrics": {
    "auc": {
      "mean": [
        0.9754947916666667,
        0.9932508680555555,
        1.0,
        1.0,
        1.0,
        1.0,
        1.0,
        1.0,
        1.0,
        1.0,
        1.0,
        1.0,
        1.0,
        1.0,
        1.0
      ],
      "std": [
        0.011075640539853946,
        0.0025441581405820763,
        0.0,
        0.0,
        0.0,
        0.0,
        0.0,
        0.0,
        0.0,
        0.0,
        0.0,
        0.0,
        0.0,
        0.0,
        0.0
      ]
    },
    "accuracy": {
      "mean": [
        0.9329545454545455,
        0.9583333333333333,
        0.9947916666666666,
        1.0,
        1.0,
        1.0,
        1.0,
        1.0,
        1.0,
        1.0,
        1.0,
        1.0,
        1.0,
        1.0,
        1.0
      ],
      "std": [
        0.009090909090909123,
        0.005705443307345481,
        0.0032940392293420505,
        0.0,
        0.0,
        0.0,
        0.0,
        0.0,
        0.0,
        0.0,
        0.0,
        0.0,
        0.0,
        0.0,
        0.0
      ]
    },
    "f1": {
      "mean": [
        0.9202519600954042,
        0.9564845495280277,
        0.9947533755855608,
        1.0,
        1.0,
        1.0,
        1.0,
        1.0,
        1.0,
        1.0,
        1.0,
        1.0,
        1.0,
        1.0,
        1.0
      ],
      "std": [
        0.01166248318239866,
        0.00624674627291254,
        0.003328740699917343,
        0.0,
        0.0,
        0.0,
        0.0,
        0.0,
        0.0,
        0.0,
        0.0,
        0.0,
        0.0,
        0.0,
        0.0
      ]
    },
    "precision": {
      "mean": [
        1.0,
        1.0,
        1.0,
        1.0,
        1.0,
        1.0,
        1.0,
        1.0,
        1.0,
        1.0,
        1.0,
        1.0,
        1.0,
        1.0,
        1.0
      ],
      "std": [
        0.0,
        0.0,
        0.0,
        0.0,
        0.0,
        0.0,
        0.0,
        0.0,
        0.0,
        0.0,
        0.0,
        0.0,
        0.0,
        0.0,
        0.0
      ]
    },
    "recall": {
      "mean": [
        0.8525,
        0.9166666666666667,
        0.9895833333333334,
        1.0,
        1.0,
        1.0,
        1.0,
        1.0,
        1.0,
        1.0,
        1.0,
        1.0,
        1.0,
        1.0,
        1.0
      ],
      "std": [
        0.02000000000000001,
        0.011410886614690962,
        0.006588078458684136,
        0.0,
        0.0,
        0.0,
        0.0,
        0.0,
        0.0,
        0.0,
        0.0,
        0.0,
        0.0,
        0.0,
        0.0
      ]
    }
  },
  "window_size": 6.0,
  "stride": 3.0
}