{
  "fold_index": 1,
  "best_val_metric": 0.5698031187057495,
  "test_metrics": {
    "loss": 0.43400906337486517,
    "reg_mae": 0.8029005527496338,
    "reg_rmse": 1.0158106088638306,
    "reg_mse": 1.0318710803985596
  }
}