2026-01-20 13:35:21,589 | INFO | frame_policy[train]: frames_per_hour=2.00 | infected=[1.0,48.0] stride=1 | uninfected=[0.0,48.0] stride=1
2026-01-20 13:35:21,589 | INFO | frame_policy[val]: frames_per_hour=2.00 | infected=[1.0,48.0] stride=1 | uninfected=[0.0,48.0] stride=1
2026-01-20 13:35:21,589 | INFO | frame_policy[test]: frames_per_hour=2.00 | infected=[1.0,48.0] stride=1 | uninfected=[0.0,48.0] stride=1
2026-01-20 13:35:21,591 | INFO | train split -> total:4048 | conditions[infected:2002, uninfected:2046] | labels[label0:2046, label1:2002]
2026-01-20 13:35:21,592 | INFO | train TIFFs -> total:44 | per-condition[infected:22, uninfected:22] | avg-frames/TIFF[infected:91.0, uninfected:93.0]
2026-01-20 13:35:21,593 | INFO | train stack membership (44 unique TIFFs): 20251023hbmvecp510x30minintervalinfectedvsuninfected_s5_b2_p10_t0-94_ec.tiff, 20251023hbmvecp510x30minintervalinfectedvsuninfected_s5_b2_p12_t0-94_ec.tiff, 20251023hbmvecp510x30minintervalinfectedvsuninfected_s5_b2_p14_t0-94_ec.tiff, 20251023hbmvecp510x30minintervalinfectedvsuninfected_s5_b2_p16_t0-94_ec.tiff, 20251023hbmvecp510x30minintervalinfectedvsuninfected_s5_b2_p17_t0-94_ec.tiff, 20251023hbmvecp510x30minintervalinfectedvsuninfected_s5_b2_p18_t0-94_ec.tiff, 20251023hbmvecp510x30minintervalinfectedvsuninfected_s5_b2_p1_t0-94_ec.tiff, 20251023hbmvecp510x30minintervalinfectedvsuninfected_s5_b2_p20_t0-94_ec.tiff, 20251023hbmvecp510x30minintervalinfectedvsuninfected_s5_b2_p21_t0-94_ec.tiff, 20251023hbmvecp510x30minintervalinfectedvsuninfected_s5_b2_p22_t0-94_ec.tiff, 20251023hbmvecp510x30minintervalinfectedvsuninfected_s5_b2_p23_t0-94_ec.tiff, 20251023hbmvecp510x30minintervalinfectedvsuninfected_s5_b2_p24_t0-94_ec.tiff, 20251023hbmvecp510x30minintervalinfectedvsuninfected_s5_b2_p27_t0-94_ec.tiff, 20251023hbmvecp510x30minintervalinfectedvsuninfected_s5_b2_p28_t0-94_ec.tiff, 20251023hbmvecp510x30minintervalinfectedvsuninfected_s5_b2_p2_t0-94_ec.tiff, 20251023hbmvecp510x30minintervalinfectedvsuninfected_s5_b2_p30_t0-94_ec.tiff, 20251023hbmvecp510x30minintervalinfectedvsuninfected_s5_b2_p31_t0-94_ec.tiff, 20251023hbmvecp510x30minintervalinfectedvsuninfected_s5_b2_p32_t0-94_ec.tiff, 20251023hbmvecp510x30minintervalinfectedvsuninfected_s5_b2_p33_t0-94_ec.tiff, 20251023hbmvecp510x30minintervalinfectedvsuninfected_s5_b2_p35_t0-94_ec.tiff, ...
2026-01-20 13:35:21,598 | INFO | Saved train stack list to outputs/resnet50_baseline_crop5pct/20260120-133520/fold_01of05/train_stacks.txt
2026-01-20 13:35:21,598 | INFO | val split -> total:1104 | conditions[infected:546, uninfected:558] | labels[label0:558, label1:546]
2026-01-20 13:35:21,599 | INFO | val TIFFs -> total:12 | per-condition[infected:6, uninfected:6] | avg-frames/TIFF[infected:91.0, uninfected:93.0]
2026-01-20 13:35:21,599 | INFO | val stack membership (12 unique TIFFs): 20251023hbmvecp510x30minintervalinfectedvsuninfected_s5_b2_p11_t0-94_ec.tiff, 20251023hbmvecp510x30minintervalinfectedvsuninfected_s5_b2_p19_t0-94_ec.tiff, 20251023hbmvecp510x30minintervalinfectedvsuninfected_s5_b2_p25_t0-94_ec.tiff, 20251023hbmvecp510x30minintervalinfectedvsuninfected_s5_b2_p29_t0-94_ec.tiff, 20251023hbmvecp510x30minintervalinfectedvsuninfected_s5_b2_p3_t0-94_ec.tiff, 20251023hbmvecp510x30minintervalinfectedvsuninfected_s5_b2_p7_t0-94_ec.tiff, 20251023hbmvecp510x30minintervalinfectedvsuninfected_s5_c4_p16_t0-94_ec.tiff, 20251023hbmvecp510x30minintervalinfectedvsuninfected_s5_c4_p1_t0-94_ec.tiff, 20251023hbmvecp510x30minintervalinfectedvsuninfected_s5_c4_p22_t0-94_ec.tiff, 20251023hbmvecp510x30minintervalinfectedvsuninfected_s5_c4_p26_t0-94_ec.tiff, 20251023hbmvecp510x30minintervalinfectedvsuninfected_s5_c4_p2_t0-94_ec.tiff, 20251023hbmvecp510x30minintervalinfectedvsuninfected_s5_c4_p36_t0-94_ec.tiff
2026-01-20 13:35:21,602 | INFO | Saved val stack list to outputs/resnet50_baseline_crop5pct/20260120-133520/fold_01of05/val_stacks.txt
2026-01-20 13:35:21,602 | INFO | test split -> total:1472 | conditions[infected:728, uninfected:744] | labels[label0:744, label1:728]
2026-01-20 13:35:21,603 | INFO | test TIFFs -> total:16 | per-condition[infected:8, uninfected:8] | avg-frames/TIFF[infected:91.0, uninfected:93.0]
2026-01-20 13:35:21,603 | INFO | test stack membership (16 unique TIFFs): 20251023hbmvecp510x30minintervalinfectedvsuninfected_s5_b2_p13_t0-94_ec.tiff, 20251023hbmvecp510x30minintervalinfectedvsuninfected_s5_b2_p15_t0-94_ec.tiff, 20251023hbmvecp510x30minintervalinfectedvsuninfected_s5_b2_p26_t0-94_ec.tiff, 20251023hbmvecp510x30minintervalinfectedvsuninfected_s5_b2_p34_t0-94_ec.tiff, 20251023hbmvecp510x30minintervalinfectedvsuninfected_s5_b2_p36_t0-94_ec.tiff, 20251023hbmvecp510x30minintervalinfectedvsuninfected_s5_b2_p6_t0-94_ec.tiff, 20251023hbmvecp510x30minintervalinfectedvsuninfected_s5_b2_p8_t0-94_ec.tiff, 20251023hbmvecp510x30minintervalinfectedvsuninfected_s5_b2_p9_t0-94_ec.tiff, 20251023hbmvecp510x30minintervalinfectedvsuninfected_s5_c4_p11_t0-94_ec.tiff, 20251023hbmvecp510x30minintervalinfectedvsuninfected_s5_c4_p18_t0-94_ec.tiff, 20251023hbmvecp510x30minintervalinfectedvsuninfected_s5_c4_p19_t0-94_ec.tiff, 20251023hbmvecp510x30minintervalinfectedvsuninfected_s5_c4_p24_t0-94_ec.tiff, 20251023hbmvecp510x30minintervalinfectedvsuninfected_s5_c4_p27_t0-94_ec.tiff, 20251023hbmvecp510x30minintervalinfectedvsuninfected_s5_c4_p35_t0-94_ec.tiff, 20251023hbmvecp510x30minintervalinfectedvsuninfected_s5_c4_p6_t0-94_ec.tiff, 20251023hbmvecp510x30minintervalinfectedvsuninfected_s5_c4_p8_t0-94_ec.tiff
2026-01-20 13:35:21,607 | INFO | Saved test stack list to outputs/resnet50_baseline_crop5pct/20260120-133520/fold_01of05/test_stacks.txt
2026-01-20 13:35:22,153 | INFO | Fold 1/5 - Epoch 1/100
2026-01-20 13:37:23,858 | INFO | train loss: 0.1338
2026-01-20 13:38:02,995 | INFO | val threshold sweep:
  thr=0.10 | P=1.00 | R=0.02 | F1=0.04 | TP=12
  thr=0.15 | P=1.00 | R=0.02 | F1=0.03 | TP=9
  thr=0.20 | P=1.00 | R=0.02 | F1=0.03 | TP=9
  thr=0.25 | P=1.00 | R=0.01 | F1=0.02 | TP=6
  thr=0.30 | P=1.00 | R=0.01 | F1=0.02 | TP=5
  thr=0.50 | P=1.00 | R=0.01 | F1=0.01 | TP=3
2026-01-20 13:38:03,002 | INFO | val time bin [0.0h, 8.0h): samples=180 | accuracy:0.533 | precision:0.000 | recall:0.000 | f1:0.000 | auc:0.504
2026-01-20 13:38:03,007 | INFO | val time bin [8.0h, 12.0h): samples=96 | accuracy:0.500 | precision:0.000 | recall:0.000 | f1:0.000 | auc:0.753
2026-01-20 13:38:03,012 | INFO | val time bin [12.0h, 16.0h): samples=96 | accuracy:0.500 | precision:0.000 | recall:0.000 | f1:0.000 | auc:0.754
2026-01-20 13:38:03,017 | INFO | val time bin [16.0h, 24.0h): samples=192 | accuracy:0.500 | precision:0.000 | recall:0.000 | f1:0.000 | auc:0.240
2026-01-20 13:38:03,022 | INFO | val time bin [24.0h, 32.0h): samples=192 | accuracy:0.500 | precision:0.000 | recall:0.000 | f1:0.000 | auc:0.412
2026-01-20 13:38:03,022 | INFO | val: accuracy:0.5082 | precision:1.0000 | recall:0.0055 | f1:0.0109 | auc:0.4984 | loss:4.5402
2026-01-20 13:38:04,669 | INFO | New best model with auc 0.4984
2026-01-20 13:38:04,669 | INFO | Fold 1/5 - Epoch 2/100
2026-01-20 13:40:05,423 | INFO | train loss: 0.0261
2026-01-20 13:40:44,710 | INFO | val threshold sweep:
  thr=0.10 | P=0.98 | R=0.99 | F1=0.99 | TP=541
  thr=0.15 | P=0.99 | R=0.98 | F1=0.98 | TP=536
  thr=0.20 | P=0.99 | R=0.98 | F1=0.98 | TP=534
  thr=0.25 | P=0.99 | R=0.98 | F1=0.98 | TP=533
  thr=0.30 | P=0.99 | R=0.97 | F1=0.98 | TP=530
  thr=0.50 | P=0.99 | R=0.95 | F1=0.97 | TP=521
2026-01-20 13:40:44,716 | INFO | val time bin [0.0h, 8.0h): samples=180 | accuracy:0.861 | precision:0.928 | recall:0.762 | f1:0.837 | auc:0.974
2026-01-20 13:40:44,721 | INFO | val time bin [8.0h, 12.0h): samples=96 | accuracy:0.958 | precision:1.000 | recall:0.917 | f1:0.957 | auc:0.998
2026-01-20 13:40:44,726 | INFO | val time bin [12.0h, 16.0h): samples=96 | accuracy:0.990 | precision:1.000 | recall:0.979 | f1:0.989 | auc:1.000
2026-01-20 13:40:44,731 | INFO | val time bin [16.0h, 24.0h): samples=192 | accuracy:1.000 | precision:1.000 | recall:1.000 | f1:1.000 | auc:1.000
2026-01-20 13:40:44,736 | INFO | val time bin [24.0h, 32.0h): samples=192 | accuracy:1.000 | precision:1.000 | recall:1.000 | f1:1.000 | auc:1.000
2026-01-20 13:40:44,736 | INFO | val: accuracy:0.9728 | precision:0.9905 | recall:0.9542 | f1:0.9720 | auc:0.9990 | loss:0.0591
2026-01-20 13:40:46,385 | INFO | New best model with auc 0.9990
2026-01-20 13:40:46,386 | INFO | Fold 1/5 - Epoch 3/100
2026-01-20 13:42:43,716 | INFO | train loss: 0.0126
2026-01-20 13:43:21,668 | INFO | val threshold sweep:
  thr=0.10 | P=0.93 | R=1.00 | F1=0.96 | TP=546
  thr=0.15 | P=0.93 | R=1.00 | F1=0.96 | TP=546
  thr=0.20 | P=0.94 | R=1.00 | F1=0.97 | TP=546
  thr=0.25 | P=0.94 | R=1.00 | F1=0.97 | TP=546
  thr=0.30 | P=0.94 | R=1.00 | F1=0.97 | TP=546
  thr=0.50 | P=0.95 | R=1.00 | F1=0.97 | TP=546
2026-01-20 13:43:21,673 | INFO | val time bin [0.0h, 8.0h): samples=180 | accuracy:0.933 | precision:0.875 | recall:1.000 | f1:0.933 | auc:0.990
2026-01-20 13:43:21,678 | INFO | val time bin [8.0h, 12.0h): samples=96 | accuracy:0.948 | precision:0.906 | recall:1.000 | f1:0.950 | auc:0.999
2026-01-20 13:43:21,683 | INFO | val time bin [12.0h, 16.0h): samples=96 | accuracy:0.927 | precision:0.873 | recall:1.000 | f1:0.932 | auc:1.000
2026-01-20 13:43:21,688 | INFO | val time bin [16.0h, 24.0h): samples=192 | accuracy:0.974 | precision:0.950 | recall:1.000 | f1:0.975 | auc:1.000
2026-01-20 13:43:21,693 | INFO | val time bin [24.0h, 32.0h): samples=192 | accuracy:1.000 | precision:1.000 | recall:1.000 | f1:1.000 | auc:1.000
2026-01-20 13:43:21,693 | INFO | val: accuracy:0.9737 | precision:0.9496 | recall:1.0000 | f1:0.9741 | auc:0.9993 | loss:0.0676
2026-01-20 13:43:23,426 | INFO | New best model with auc 0.9993
2026-01-20 13:43:23,426 | INFO | Fold 1/5 - Epoch 4/100
2026-01-20 13:45:20,723 | INFO | train loss: 0.0075
2026-01-20 13:46:00,189 | INFO | val threshold sweep:
  thr=0.10 | P=0.94 | R=0.99 | F1=0.97 | TP=543
  thr=0.15 | P=0.95 | R=0.99 | F1=0.97 | TP=543
  thr=0.20 | P=0.95 | R=0.99 | F1=0.97 | TP=543
  thr=0.25 | P=0.96 | R=0.99 | F1=0.97 | TP=543
  thr=0.30 | P=0.96 | R=0.99 | F1=0.98 | TP=543
  thr=0.50 | P=0.97 | R=0.99 | F1=0.98 | TP=543
2026-01-20 13:46:00,194 | INFO | val time bin [0.0h, 8.0h): samples=180 | accuracy:0.917 | precision:0.871 | recall:0.964 | f1:0.915 | auc:0.978
2026-01-20 13:46:00,199 | INFO | val time bin [8.0h, 12.0h): samples=96 | accuracy:0.979 | precision:0.960 | recall:1.000 | f1:0.980 | auc:1.000
2026-01-20 13:46:00,204 | INFO | val time bin [12.0h, 16.0h): samples=96 | accuracy:1.000 | precision:1.000 | recall:1.000 | f1:1.000 | auc:1.000
2026-01-20 13:46:00,209 | INFO | val time bin [16.0h, 24.0h): samples=192 | accuracy:1.000 | precision:1.000 | recall:1.000 | f1:1.000 | auc:1.000
2026-01-20 13:46:00,214 | INFO | val time bin [24.0h, 32.0h): samples=192 | accuracy:1.000 | precision:1.000 | recall:1.000 | f1:1.000 | auc:1.000
2026-01-20 13:46:00,214 | INFO | val: accuracy:0.9846 | precision:0.9749 | recall:0.9945 | f1:0.9846 | auc:0.9976 | loss:0.0714
2026-01-20 13:46:00,214 | INFO | Fold 1/5 - Epoch 5/100
2026-01-20 13:47:58,010 | INFO | train loss: 0.0069
2026-01-20 13:48:37,421 | INFO | val threshold sweep:
  thr=0.10 | P=0.98 | R=0.99 | F1=0.99 | TP=543
  thr=0.15 | P=0.98 | R=0.99 | F1=0.99 | TP=543
  thr=0.20 | P=0.98 | R=0.99 | F1=0.99 | TP=543
  thr=0.25 | P=0.98 | R=0.99 | F1=0.99 | TP=543
  thr=0.30 | P=0.98 | R=0.99 | F1=0.99 | TP=543
  thr=0.50 | P=0.99 | R=0.99 | F1=0.99 | TP=541
2026-01-20 13:48:37,426 | INFO | val time bin [0.0h, 8.0h): samples=180 | accuracy:0.944 | precision:0.920 | recall:0.964 | f1:0.942 | auc:0.981
2026-01-20 13:48:37,431 | INFO | val time bin [8.0h, 12.0h): samples=96 | accuracy:0.969 | precision:0.979 | recall:0.958 | f1:0.968 | auc:0.998
2026-01-20 13:48:37,436 | INFO | val time bin [12.0h, 16.0h): samples=96 | accuracy:1.000 | precision:1.000 | recall:1.000 | f1:1.000 | auc:1.000
2026-01-20 13:48:37,441 | INFO | val time bin [16.0h, 24.0h): samples=192 | accuracy:1.000 | precision:1.000 | recall:1.000 | f1:1.000 | auc:1.000
2026-01-20 13:48:37,446 | INFO | val time bin [24.0h, 32.0h): samples=192 | accuracy:1.000 | precision:1.000 | recall:1.000 | f1:1.000 | auc:1.000
2026-01-20 13:48:37,446 | INFO | val: accuracy:0.9882 | precision:0.9854 | recall:0.9908 | f1:0.9881 | auc:0.9989 | loss:0.0510
2026-01-20 13:48:37,446 | INFO | Fold 1/5 - Epoch 6/100
2026-01-20 13:50:34,032 | INFO | train loss: 0.0034
2026-01-20 13:51:11,841 | INFO | val threshold sweep:
  thr=0.10 | P=0.97 | R=1.00 | F1=0.98 | TP=544
  thr=0.15 | P=0.97 | R=1.00 | F1=0.99 | TP=544
  thr=0.20 | P=0.97 | R=1.00 | F1=0.99 | TP=544
  thr=0.25 | P=0.98 | R=1.00 | F1=0.99 | TP=544
  thr=0.30 | P=0.98 | R=1.00 | F1=0.99 | TP=544
  thr=0.50 | P=0.98 | R=0.99 | F1=0.99 | TP=542
2026-01-20 13:51:11,847 | INFO | val time bin [0.0h, 8.0h): samples=180 | accuracy:0.933 | precision:0.909 | recall:0.952 | f1:0.930 | auc:0.985
2026-01-20 13:51:11,852 | INFO | val time bin [8.0h, 12.0h): samples=96 | accuracy:0.990 | precision:0.980 | recall:1.000 | f1:0.990 | auc:1.000
2026-01-20 13:51:11,857 | INFO | val time bin [12.0h, 16.0h): samples=96 | accuracy:1.000 | precision:1.000 | recall:1.000 | f1:1.000 | auc:1.000
2026-01-20 13:51:11,862 | INFO | val time bin [16.0h, 24.0h): samples=192 | accuracy:1.000 | precision:1.000 | recall:1.000 | f1:1.000 | auc:1.000
2026-01-20 13:51:11,867 | INFO | val time bin [24.0h, 32.0h): samples=192 | accuracy:1.000 | precision:1.000 | recall:1.000 | f1:1.000 | auc:1.000
2026-01-20 13:51:11,867 | INFO | val: accuracy:0.9882 | precision:0.9837 | recall:0.9927 | f1:0.9881 | auc:0.9994 | loss:0.0405
2026-01-20 13:51:13,528 | INFO | New best model with auc 0.9994
2026-01-20 13:51:13,528 | INFO | Fold 1/5 - Epoch 7/100
2026-01-20 13:53:11,966 | INFO | train loss: 0.0077
2026-01-20 13:53:51,251 | INFO | val threshold sweep:
  thr=0.10 | P=0.97 | R=0.99 | F1=0.98 | TP=541
  thr=0.15 | P=0.97 | R=0.99 | F1=0.98 | TP=540
  thr=0.20 | P=0.98 | R=0.99 | F1=0.98 | TP=540
  thr=0.25 | P=0.98 | R=0.99 | F1=0.98 | TP=540
  thr=0.30 | P=0.98 | R=0.99 | F1=0.98 | TP=540
  thr=0.50 | P=0.98 | R=0.99 | F1=0.98 | TP=539
2026-01-20 13:53:51,257 | INFO | val time bin [0.0h, 8.0h): samples=180 | accuracy:0.906 | precision:0.885 | recall:0.917 | f1:0.901 | auc:0.961
2026-01-20 13:53:51,262 | INFO | val time bin [8.0h, 12.0h): samples=96 | accuracy:0.990 | precision:0.980 | recall:1.000 | f1:0.990 | auc:1.000
2026-01-20 13:53:51,267 | INFO | val time bin [12.0h, 16.0h): samples=96 | accuracy:1.000 | precision:1.000 | recall:1.000 | f1:1.000 | auc:1.000
2026-01-20 13:53:51,271 | INFO | val time bin [16.0h, 24.0h): samples=192 | accuracy:1.000 | precision:1.000 | recall:1.000 | f1:1.000 | auc:1.000
2026-01-20 13:53:51,276 | INFO | val time bin [24.0h, 32.0h): samples=192 | accuracy:1.000 | precision:1.000 | recall:1.000 | f1:1.000 | auc:1.000
2026-01-20 13:53:51,277 | INFO | val: accuracy:0.9837 | precision:0.9800 | recall:0.9872 | f1:0.9836 | auc:0.9971 | loss:0.0848
2026-01-20 13:53:51,277 | INFO | Fold 1/5 - Epoch 8/100
2026-01-20 13:55:53,758 | INFO | train loss: 0.0051
2026-01-20 13:56:31,915 | INFO | val threshold sweep:
  thr=0.10 | P=0.86 | R=1.00 | F1=0.92 | TP=546
  thr=0.15 | P=0.88 | R=1.00 | F1=0.93 | TP=546
  thr=0.20 | P=0.89 | R=1.00 | F1=0.94 | TP=546
  thr=0.25 | P=0.90 | R=1.00 | F1=0.95 | TP=546
  thr=0.30 | P=0.90 | R=1.00 | F1=0.95 | TP=546
  thr=0.50 | P=0.92 | R=1.00 | F1=0.96 | TP=546
2026-01-20 13:56:31,920 | INFO | val time bin [0.0h, 8.0h): samples=180 | accuracy:0.883 | precision:0.800 | recall:1.000 | f1:0.889 | auc:0.983
2026-01-20 13:56:31,925 | INFO | val time bin [8.0h, 12.0h): samples=96 | accuracy:0.906 | precision:0.842 | recall:1.000 | f1:0.914 | auc:1.000
2026-01-20 13:56:31,930 | INFO | val time bin [12.0h, 16.0h): samples=96 | accuracy:0.906 | precision:0.842 | recall:1.000 | f1:0.914 | auc:1.000
2026-01-20 13:56:31,935 | INFO | val time bin [16.0h, 24.0h): samples=192 | accuracy:0.964 | precision:0.932 | recall:1.000 | f1:0.965 | auc:1.000
2026-01-20 13:56:31,940 | INFO | val time bin [24.0h, 32.0h): samples=192 | accuracy:0.990 | precision:0.980 | recall:1.000 | f1:0.990 | auc:1.000
2026-01-20 13:56:31,941 | INFO | val: accuracy:0.9565 | precision:0.9192 | recall:1.0000 | f1:0.9579 | auc:0.9925 | loss:0.2134
2026-01-20 13:56:31,941 | INFO | Fold 1/5 - Epoch 9/100
2026-01-20 13:58:29,680 | INFO | train loss: 0.0041
2026-01-20 13:59:07,823 | INFO | val threshold sweep:
  thr=0.10 | P=0.92 | R=1.00 | F1=0.96 | TP=545
  thr=0.15 | P=0.93 | R=1.00 | F1=0.96 | TP=545
  thr=0.20 | P=0.93 | R=1.00 | F1=0.96 | TP=545
  thr=0.25 | P=0.94 | R=1.00 | F1=0.97 | TP=545
  thr=0.30 | P=0.94 | R=1.00 | F1=0.97 | TP=545
  thr=0.50 | P=0.95 | R=1.00 | F1=0.97 | TP=544
2026-01-20 13:59:07,828 | INFO | val time bin [0.0h, 8.0h): samples=180 | accuracy:0.894 | precision:0.828 | recall:0.976 | f1:0.896 | auc:0.984
2026-01-20 13:59:07,833 | INFO | val time bin [8.0h, 12.0h): samples=96 | accuracy:0.927 | precision:0.873 | recall:1.000 | f1:0.932 | auc:1.000
2026-01-20 13:59:07,838 | INFO | val time bin [12.0h, 16.0h): samples=96 | accuracy:0.948 | precision:0.906 | recall:1.000 | f1:0.950 | auc:1.000
2026-01-20 13:59:07,843 | INFO | val time bin [16.0h, 24.0h): samples=192 | accuracy:1.000 | precision:1.000 | recall:1.000 | f1:1.000 | auc:1.000
2026-01-20 13:59:07,848 | INFO | val time bin [24.0h, 32.0h): samples=192 | accuracy:1.000 | precision:1.000 | recall:1.000 | f1:1.000 | auc:1.000
2026-01-20 13:59:07,848 | INFO | val: accuracy:0.9719 | precision:0.9494 | recall:0.9963 | f1:0.9723 | auc:0.9977 | loss:0.1147
2026-01-20 13:59:07,848 | INFO | Fold 1/5 - Epoch 10/100
2026-01-20 14:01:06,874 | INFO | train loss: 0.0010
2026-01-20 14:01:45,821 | INFO | val threshold sweep:
  thr=0.10 | P=0.91 | R=1.00 | F1=0.95 | TP=546
  thr=0.15 | P=0.91 | R=1.00 | F1=0.96 | TP=546
  thr=0.20 | P=0.92 | R=1.00 | F1=0.96 | TP=546
  thr=0.25 | P=0.93 | R=1.00 | F1=0.96 | TP=546
  thr=0.30 | P=0.93 | R=1.00 | F1=0.96 | TP=546
  thr=0.50 | P=0.94 | R=1.00 | F1=0.97 | TP=546
2026-01-20 14:01:45,826 | INFO | val time bin [0.0h, 8.0h): samples=180 | accuracy:0.911 | precision:0.840 | recall:1.000 | f1:0.913 | auc:0.986
2026-01-20 14:01:45,832 | INFO | val time bin [8.0h, 12.0h): samples=96 | accuracy:0.938 | precision:0.889 | recall:1.000 | f1:0.941 | auc:1.000
2026-01-20 14:01:45,837 | INFO | val time bin [12.0h, 16.0h): samples=96 | accuracy:0.938 | precision:0.889 | recall:1.000 | f1:0.941 | auc:1.000
2026-01-20 14:01:45,842 | INFO | val time bin [16.0h, 24.0h): samples=192 | accuracy:0.974 | precision:0.950 | recall:1.000 | f1:0.975 | auc:1.000
2026-01-20 14:01:45,846 | INFO | val time bin [24.0h, 32.0h): samples=192 | accuracy:0.995 | precision:0.990 | recall:1.000 | f1:0.995 | auc:1.000
2026-01-20 14:01:45,847 | INFO | val: accuracy:0.9692 | precision:0.9414 | recall:1.0000 | f1:0.9698 | auc:0.9919 | loss:0.1638
2026-01-20 14:01:45,847 | INFO | Fold 1/5 - Epoch 11/100
2026-01-20 14:03:48,549 | INFO | train loss: 0.0039
2026-01-20 14:04:26,776 | INFO | val threshold sweep:
  thr=0.10 | P=0.96 | R=1.00 | F1=0.98 | TP=546
  thr=0.15 | P=0.97 | R=1.00 | F1=0.98 | TP=546
  thr=0.20 | P=0.97 | R=1.00 | F1=0.99 | TP=546
  thr=0.25 | P=0.97 | R=1.00 | F1=0.99 | TP=546
  thr=0.30 | P=0.98 | R=1.00 | F1=0.99 | TP=546
  thr=0.50 | P=0.98 | R=1.00 | F1=0.99 | TP=545
2026-01-20 14:04:26,781 | INFO | val time bin [0.0h, 8.0h): samples=180 | accuracy:0.939 | precision:0.892 | recall:0.988 | f1:0.938 | auc:0.984
2026-01-20 14:04:26,786 | INFO | val time bin [8.0h, 12.0h): samples=96 | accuracy:0.979 | precision:0.960 | recall:1.000 | f1:0.980 | auc:1.000
2026-01-20 14:04:26,791 | INFO | val time bin [12.0h, 16.0h): samples=96 | accuracy:1.000 | precision:1.000 | recall:1.000 | f1:1.000 | auc:1.000
2026-01-20 14:04:26,796 | INFO | val time bin [16.0h, 24.0h): samples=192 | accuracy:1.000 | precision:1.000 | recall:1.000 | f1:1.000 | auc:1.000
2026-01-20 14:04:26,801 | INFO | val time bin [24.0h, 32.0h): samples=192 | accuracy:1.000 | precision:1.000 | recall:1.000 | f1:1.000 | auc:1.000
2026-01-20 14:04:26,801 | INFO | val: accuracy:0.9882 | precision:0.9785 | recall:0.9982 | f1:0.9882 | auc:0.9981 | loss:0.0653
2026-01-20 14:04:26,801 | INFO | Fold 1/5 - Epoch 12/100
2026-01-20 14:06:27,185 | INFO | train loss: 0.0023
2026-01-20 14:07:05,420 | INFO | val threshold sweep:
  thr=0.10 | P=0.88 | R=1.00 | F1=0.94 | TP=546
  thr=0.15 | P=0.89 | R=1.00 | F1=0.94 | TP=546
  thr=0.20 | P=0.90 | R=1.00 | F1=0.95 | TP=546
  thr=0.25 | P=0.91 | R=1.00 | F1=0.95 | TP=546
  thr=0.30 | P=0.91 | R=1.00 | F1=0.95 | TP=546
  thr=0.50 | P=0.92 | R=1.00 | F1=0.96 | TP=546
2026-01-20 14:07:05,425 | INFO | val time bin [0.0h, 8.0h): samples=180 | accuracy:0.922 | precision:0.857 | recall:1.000 | f1:0.923 | auc:0.987
2026-01-20 14:07:05,430 | INFO | val time bin [8.0h, 12.0h): samples=96 | accuracy:0.906 | precision:0.842 | recall:1.000 | f1:0.914 | auc:0.994
2026-01-20 14:07:05,435 | INFO | val time bin [12.0h, 16.0h): samples=96 | accuracy:0.885 | precision:0.814 | recall:1.000 | f1:0.897 | auc:0.950
2026-01-20 14:07:05,440 | INFO | val time bin [16.0h, 24.0h): samples=192 | accuracy:0.943 | precision:0.897 | recall:1.000 | f1:0.946 | auc:0.981
2026-01-20 14:07:05,445 | INFO | val time bin [24.0h, 32.0h): samples=192 | accuracy:1.000 | precision:1.000 | recall:1.000 | f1:1.000 | auc:1.000
2026-01-20 14:07:05,445 | INFO | val: accuracy:0.9592 | precision:0.9239 | recall:1.0000 | f1:0.9604 | auc:0.9868 | loss:0.2253
2026-01-20 14:07:05,445 | INFO | Fold 1/5 - Epoch 13/100
2026-01-20 14:09:03,228 | INFO | train loss: 0.0036
2026-01-20 14:09:41,252 | INFO | val threshold sweep:
  thr=0.10 | P=0.89 | R=1.00 | F1=0.94 | TP=546
  thr=0.15 | P=0.90 | R=1.00 | F1=0.95 | TP=546
  thr=0.20 | P=0.90 | R=1.00 | F1=0.95 | TP=546
  thr=0.25 | P=0.90 | R=1.00 | F1=0.95 | TP=546
  thr=0.30 | P=0.91 | R=1.00 | F1=0.95 | TP=546
  thr=0.50 | P=0.92 | R=1.00 | F1=0.96 | TP=546
2026-01-20 14:09:41,258 | INFO | val time bin [0.0h, 8.0h): samples=180 | accuracy:0.906 | precision:0.832 | recall:1.000 | f1:0.908 | auc:0.988
2026-01-20 14:09:41,263 | INFO | val time bin [8.0h, 12.0h): samples=96 | accuracy:0.927 | precision:0.873 | recall:1.000 | f1:0.932 | auc:1.000
2026-01-20 14:09:41,268 | INFO | val time bin [12.0h, 16.0h): samples=96 | accuracy:0.896 | precision:0.828 | recall:1.000 | f1:0.906 | auc:1.000
2026-01-20 14:09:41,273 | INFO | val time bin [16.0h, 24.0h): samples=192 | accuracy:0.948 | precision:0.906 | recall:1.000 | f1:0.950 | auc:1.000
2026-01-20 14:09:41,278 | INFO | val time bin [24.0h, 32.0h): samples=192 | accuracy:0.995 | precision:0.990 | recall:1.000 | f1:0.995 | auc:1.000
2026-01-20 14:09:41,278 | INFO | val: accuracy:0.9592 | precision:0.9239 | recall:1.0000 | f1:0.9604 | auc:0.9916 | loss:0.2138
2026-01-20 14:09:41,278 | INFO | Fold 1/5 - Epoch 14/100
2026-01-20 14:11:39,916 | INFO | train loss: 0.0010
2026-01-20 14:12:19,026 | INFO | val threshold sweep:
  thr=0.10 | P=0.99 | R=1.00 | F1=0.99 | TP=544
  thr=0.15 | P=0.99 | R=1.00 | F1=0.99 | TP=544
  thr=0.20 | P=0.99 | R=1.00 | F1=0.99 | TP=544
  thr=0.25 | P=0.99 | R=0.99 | F1=0.99 | TP=543
  thr=0.30 | P=0.99 | R=0.99 | F1=0.99 | TP=543
  thr=0.50 | P=0.99 | R=0.99 | F1=0.99 | TP=539
2026-01-20 14:12:19,031 | INFO | val time bin [0.0h, 8.0h): samples=180 | accuracy:0.928 | precision:0.928 | recall:0.917 | f1:0.922 | auc:0.992
2026-01-20 14:12:19,036 | INFO | val time bin [8.0h, 12.0h): samples=96 | accuracy:1.000 | precision:1.000 | recall:1.000 | f1:1.000 | auc:1.000
2026-01-20 14:12:19,041 | INFO | val time bin [12.0h, 16.0h): samples=96 | accuracy:1.000 | precision:1.000 | recall:1.000 | f1:1.000 | auc:1.000
2026-01-20 14:12:19,046 | INFO | val time bin [16.0h, 24.0h): samples=192 | accuracy:1.000 | precision:1.000 | recall:1.000 | f1:1.000 | auc:1.000
2026-01-20 14:12:19,051 | INFO | val time bin [24.0h, 32.0h): samples=192 | accuracy:1.000 | precision:1.000 | recall:1.000 | f1:1.000 | auc:1.000
2026-01-20 14:12:19,051 | INFO | val: accuracy:0.9882 | precision:0.9890 | recall:0.9872 | f1:0.9881 | auc:0.9998 | loss:0.0207
2026-01-20 14:12:20,687 | INFO | New best model with auc 0.9998
2026-01-20 14:12:20,687 | INFO | Fold 1/5 - Epoch 15/100
2026-01-20 14:14:20,601 | INFO | train loss: 0.0023
2026-01-20 14:14:59,442 | INFO | val threshold sweep:
  thr=0.10 | P=0.95 | R=1.00 | F1=0.97 | TP=545
  thr=0.15 | P=0.95 | R=1.00 | F1=0.97 | TP=545
  thr=0.20 | P=0.95 | R=1.00 | F1=0.98 | TP=545
  thr=0.25 | P=0.96 | R=1.00 | F1=0.98 | TP=544
  thr=0.30 | P=0.96 | R=1.00 | F1=0.98 | TP=544
  thr=0.50 | P=0.97 | R=0.99 | F1=0.98 | TP=543
2026-01-20 14:14:59,447 | INFO | val time bin [0.0h, 8.0h): samples=180 | accuracy:0.917 | precision:0.871 | recall:0.964 | f1:0.915 | auc:0.975
2026-01-20 14:14:59,452 | INFO | val time bin [8.0h, 12.0h): samples=96 | accuracy:0.979 | precision:0.960 | recall:1.000 | f1:0.980 | auc:1.000
2026-01-20 14:14:59,457 | INFO | val time bin [12.0h, 16.0h): samples=96 | accuracy:1.000 | precision:1.000 | recall:1.000 | f1:1.000 | auc:1.000
2026-01-20 14:14:59,462 | INFO | val time bin [16.0h, 24.0h): samples=192 | accuracy:1.000 | precision:1.000 | recall:1.000 | f1:1.000 | auc:1.000
2026-01-20 14:14:59,467 | INFO | val time bin [24.0h, 32.0h): samples=192 | accuracy:1.000 | precision:1.000 | recall:1.000 | f1:1.000 | auc:1.000
2026-01-20 14:14:59,467 | INFO | val: accuracy:0.9846 | precision:0.9749 | recall:0.9945 | f1:0.9846 | auc:0.9943 | loss:0.1010
2026-01-20 14:14:59,467 | INFO | Fold 1/5 - Epoch 16/100
2026-01-20 14:16:57,090 | INFO | train loss: 0.0027
2026-01-20 14:17:35,028 | INFO | val threshold sweep:
  thr=0.10 | P=0.94 | R=1.00 | F1=0.97 | TP=545
  thr=0.15 | P=0.94 | R=1.00 | F1=0.97 | TP=545
  thr=0.20 | P=0.94 | R=1.00 | F1=0.97 | TP=545
  thr=0.25 | P=0.95 | R=1.00 | F1=0.97 | TP=545
  thr=0.30 | P=0.95 | R=1.00 | F1=0.97 | TP=545
  thr=0.50 | P=0.96 | R=1.00 | F1=0.98 | TP=545
2026-01-20 14:17:35,033 | INFO | val time bin [0.0h, 8.0h): samples=180 | accuracy:0.911 | precision:0.847 | recall:0.988 | f1:0.912 | auc:0.973
2026-01-20 14:17:35,038 | INFO | val time bin [8.0h, 12.0h): samples=96 | accuracy:0.958 | precision:0.923 | recall:1.000 | f1:0.960 | auc:1.000
2026-01-20 14:17:35,043 | INFO | val time bin [12.0h, 16.0h): samples=96 | accuracy:0.969 | precision:0.941 | recall:1.000 | f1:0.970 | auc:1.000
2026-01-20 14:17:35,048 | INFO | val time bin [16.0h, 24.0h): samples=192 | accuracy:1.000 | precision:1.000 | recall:1.000 | f1:1.000 | auc:1.000
2026-01-20 14:17:35,053 | INFO | val time bin [24.0h, 32.0h): samples=192 | accuracy:1.000 | precision:1.000 | recall:1.000 | f1:1.000 | auc:1.000
2026-01-20 14:17:35,053 | INFO | val: accuracy:0.9792 | precision:0.9612 | recall:0.9982 | f1:0.9793 | auc:0.9973 | loss:0.0862
2026-01-20 14:17:35,054 | INFO | Fold 1/5 - Epoch 17/100
2026-01-20 14:19:35,656 | INFO | train loss: 0.0018
2026-01-20 14:20:14,954 | INFO | val threshold sweep:
  thr=0.10 | P=0.96 | R=1.00 | F1=0.98 | TP=545
  thr=0.15 | P=0.97 | R=1.00 | F1=0.98 | TP=545
  thr=0.20 | P=0.97 | R=1.00 | F1=0.98 | TP=544
  thr=0.25 | P=0.97 | R=1.00 | F1=0.98 | TP=544
  thr=0.30 | P=0.97 | R=1.00 | F1=0.99 | TP=544
  thr=0.50 | P=0.98 | R=0.99 | F1=0.99 | TP=543
2026-01-20 14:20:14,959 | INFO | val time bin [0.0h, 8.0h): samples=180 | accuracy:0.917 | precision:0.871 | recall:0.964 | f1:0.915 | auc:0.982
2026-01-20 14:20:14,964 | INFO | val time bin [8.0h, 12.0h): samples=96 | accuracy:1.000 | precision:1.000 | recall:1.000 | f1:1.000 | auc:1.000
2026-01-20 14:20:14,969 | INFO | val time bin [12.0h, 16.0h): samples=96 | accuracy:1.000 | precision:1.000 | recall:1.000 | f1:1.000 | auc:1.000
2026-01-20 14:20:14,974 | INFO | val time bin [16.0h, 24.0h): samples=192 | accuracy:1.000 | precision:1.000 | recall:1.000 | f1:1.000 | auc:1.000
2026-01-20 14:20:14,979 | INFO | val time bin [24.0h, 32.0h): samples=192 | accuracy:1.000 | precision:1.000 | recall:1.000 | f1:1.000 | auc:1.000
2026-01-20 14:20:14,979 | INFO | val: accuracy:0.9864 | precision:0.9784 | recall:0.9945 | f1:0.9864 | auc:0.9994 | loss:0.0611
2026-01-20 14:20:14,979 | INFO | Fold 1/5 - Epoch 18/100
2026-01-20 14:22:11,086 | INFO | train loss: 0.0003
2026-01-20 14:22:49,980 | INFO | val threshold sweep:
  thr=0.10 | P=0.97 | R=1.00 | F1=0.98 | TP=546
  thr=0.15 | P=0.98 | R=1.00 | F1=0.99 | TP=546
  thr=0.20 | P=0.98 | R=1.00 | F1=0.99 | TP=546
  thr=0.25 | P=0.98 | R=1.00 | F1=0.99 | TP=545
  thr=0.30 | P=0.98 | R=1.00 | F1=0.99 | TP=545
  thr=0.50 | P=0.98 | R=1.00 | F1=0.99 | TP=545
2026-01-20 14:22:49,986 | INFO | val time bin [0.0h, 8.0h): samples=180 | accuracy:0.944 | precision:0.902 | recall:0.988 | f1:0.943 | auc:0.996
2026-01-20 14:22:49,991 | INFO | val time bin [8.0h, 12.0h): samples=96 | accuracy:1.000 | precision:1.000 | recall:1.000 | f1:1.000 | auc:1.000
2026-01-20 14:22:49,996 | INFO | val time bin [12.0h, 16.0h): samples=96 | accuracy:1.000 | precision:1.000 | recall:1.000 | f1:1.000 | auc:1.000
2026-01-20 14:22:50,000 | INFO | val time bin [16.0h, 24.0h): samples=192 | accuracy:1.000 | precision:1.000 | recall:1.000 | f1:1.000 | auc:1.000
2026-01-20 14:22:50,005 | INFO | val time bin [24.0h, 32.0h): samples=192 | accuracy:1.000 | precision:1.000 | recall:1.000 | f1:1.000 | auc:1.000
2026-01-20 14:22:50,006 | INFO | val: accuracy:0.9909 | precision:0.9838 | recall:0.9982 | f1:0.9909 | auc:0.9999 | loss:0.0320
2026-01-20 14:22:51,700 | INFO | New best model with auc 0.9999
2026-01-20 14:22:51,700 | INFO | Fold 1/5 - Epoch 19/100
2026-01-20 14:24:53,775 | INFO | train loss: 0.0035
2026-01-20 14:25:32,103 | INFO | val threshold sweep:
  thr=0.10 | P=0.97 | R=1.00 | F1=0.99 | TP=544
  thr=0.15 | P=0.97 | R=0.99 | F1=0.98 | TP=543
  thr=0.20 | P=0.98 | R=0.99 | F1=0.98 | TP=542
  thr=0.25 | P=0.98 | R=0.99 | F1=0.98 | TP=542
  thr=0.30 | P=0.98 | R=0.99 | F1=0.99 | TP=542
  thr=0.50 | P=0.98 | R=0.99 | F1=0.99 | TP=541
2026-01-20 14:25:32,108 | INFO | val time bin [0.0h, 8.0h): samples=180 | accuracy:0.911 | precision:0.878 | recall:0.940 | f1:0.908 | auc:0.974
2026-01-20 14:25:32,113 | INFO | val time bin [8.0h, 12.0h): samples=96 | accuracy:1.000 | precision:1.000 | recall:1.000 | f1:1.000 | auc:1.000
2026-01-20 14:25:32,118 | INFO | val time bin [12.0h, 16.0h): samples=96 | accuracy:1.000 | precision:1.000 | recall:1.000 | f1:1.000 | auc:1.000
2026-01-20 14:25:32,123 | INFO | val time bin [16.0h, 24.0h): samples=192 | accuracy:1.000 | precision:1.000 | recall:1.000 | f1:1.000 | auc:1.000
2026-01-20 14:25:32,128 | INFO | val time bin [24.0h, 32.0h): samples=192 | accuracy:1.000 | precision:1.000 | recall:1.000 | f1:1.000 | auc:1.000
2026-01-20 14:25:32,128 | INFO | val: accuracy:0.9855 | precision:0.9801 | recall:0.9908 | f1:0.9854 | auc:0.9986 | loss:0.0672
2026-01-20 14:25:32,128 | INFO | Fold 1/5 - Epoch 20/100
2026-01-20 14:27:28,709 | INFO | train loss: 0.0046
2026-01-20 14:28:06,615 | INFO | val threshold sweep:
  thr=0.10 | P=0.99 | R=0.98 | F1=0.99 | TP=537
  thr=0.15 | P=0.99 | R=0.98 | F1=0.98 | TP=536
  thr=0.20 | P=0.99 | R=0.98 | F1=0.98 | TP=534
  thr=0.25 | P=0.99 | R=0.98 | F1=0.98 | TP=534
  thr=0.30 | P=0.99 | R=0.98 | F1=0.98 | TP=534
  thr=0.50 | P=0.99 | R=0.97 | F1=0.98 | TP=531
2026-01-20 14:28:06,620 | INFO | val time bin [0.0h, 8.0h): samples=180 | accuracy:0.911 | precision:0.925 | recall:0.881 | f1:0.902 | auc:0.988
2026-01-20 14:28:06,625 | INFO | val time bin [8.0h, 12.0h): samples=96 | accuracy:0.948 | precision:1.000 | recall:0.896 | f1:0.945 | auc:1.000
2026-01-20 14:28:06,630 | INFO | val time bin [12.0h, 16.0h): samples=96 | accuracy:1.000 | precision:1.000 | recall:1.000 | f1:1.000 | auc:1.000
2026-01-20 14:28:06,635 | INFO | val time bin [16.0h, 24.0h): samples=192 | accuracy:1.000 | precision:1.000 | recall:1.000 | f1:1.000 | auc:1.000
2026-01-20 14:28:06,640 | INFO | val time bin [24.0h, 32.0h): samples=192 | accuracy:1.000 | precision:1.000 | recall:1.000 | f1:1.000 | auc:1.000
2026-01-20 14:28:06,640 | INFO | val: accuracy:0.9810 | precision:0.9888 | recall:0.9725 | f1:0.9806 | auc:0.9994 | loss:0.0559
2026-01-20 14:28:06,640 | INFO | Fold 1/5 - Epoch 21/100
2026-01-20 14:30:07,394 | INFO | train loss: 0.0028
2026-01-20 14:30:46,175 | INFO | val threshold sweep:
  thr=0.10 | P=0.98 | R=1.00 | F1=0.99 | TP=545
  thr=0.15 | P=0.99 | R=1.00 | F1=0.99 | TP=544
  thr=0.20 | P=0.99 | R=1.00 | F1=1.00 | TP=544
  thr=0.25 | P=0.99 | R=1.00 | F1=1.00 | TP=544
  thr=0.30 | P=1.00 | R=0.99 | F1=1.00 | TP=543
  thr=0.50 | P=1.00 | R=0.99 | F1=0.99 | TP=539
2026-01-20 14:30:46,181 | INFO | val time bin [0.0h, 8.0h): samples=180 | accuracy:0.961 | precision:1.000 | recall:0.917 | f1:0.957 | auc:0.999
2026-01-20 14:30:46,186 | INFO | val time bin [8.0h, 12.0h): samples=96 | accuracy:1.000 | precision:1.000 | recall:1.000 | f1:1.000 | auc:1.000
2026-01-20 14:30:46,191 | INFO | val time bin [12.0h, 16.0h): samples=96 | accuracy:1.000 | precision:1.000 | recall:1.000 | f1:1.000 | auc:1.000
2026-01-20 14:30:46,196 | INFO | val time bin [16.0h, 24.0h): samples=192 | accuracy:1.000 | precision:1.000 | recall:1.000 | f1:1.000 | auc:1.000
2026-01-20 14:30:46,201 | INFO | val time bin [24.0h, 32.0h): samples=192 | accuracy:1.000 | precision:1.000 | recall:1.000 | f1:1.000 | auc:1.000
2026-01-20 14:30:46,201 | INFO | val: accuracy:0.9937 | precision:1.0000 | recall:0.9872 | f1:0.9935 | auc:0.9999 | loss:0.0148
2026-01-20 14:30:46,201 | INFO | Fold 1/5 - Epoch 22/100
2026-01-20 14:32:46,104 | INFO | train loss: 0.0023
2026-01-20 14:33:26,527 | INFO | val threshold sweep:
  thr=0.10 | P=0.98 | R=0.98 | F1=0.98 | TP=536
  thr=0.15 | P=0.98 | R=0.98 | F1=0.98 | TP=535
  thr=0.20 | P=0.98 | R=0.98 | F1=0.98 | TP=534
  thr=0.25 | P=0.99 | R=0.98 | F1=0.98 | TP=533
  thr=0.30 | P=0.99 | R=0.97 | F1=0.98 | TP=532
  thr=0.50 | P=0.99 | R=0.97 | F1=0.98 | TP=530
2026-01-20 14:33:26,532 | INFO | val time bin [0.0h, 8.0h): samples=180 | accuracy:0.894 | precision:0.933 | recall:0.833 | f1:0.881 | auc:0.967
2026-01-20 14:33:26,537 | INFO | val time bin [8.0h, 12.0h): samples=96 | accuracy:0.979 | precision:1.000 | recall:0.958 | f1:0.979 | auc:0.999
2026-01-20 14:33:26,542 | INFO | val time bin [12.0h, 16.0h): samples=96 | accuracy:1.000 | precision:1.000 | recall:1.000 | f1:1.000 | auc:1.000
2026-01-20 14:33:26,547 | INFO | val time bin [16.0h, 24.0h): samples=192 | accuracy:1.000 | precision:1.000 | recall:1.000 | f1:1.000 | auc:1.000
2026-01-20 14:33:26,552 | INFO | val time bin [24.0h, 32.0h): samples=192 | accuracy:1.000 | precision:1.000 | recall:1.000 | f1:1.000 | auc:1.000
2026-01-20 14:33:26,552 | INFO | val: accuracy:0.9810 | precision:0.9907 | recall:0.9707 | f1:0.9806 | auc:0.9986 | loss:0.0798
2026-01-20 14:33:26,552 | INFO | Fold 1/5 - Epoch 23/100
2026-01-20 14:35:21,991 | INFO | train loss: 0.0018
2026-01-20 14:35:59,990 | INFO | val threshold sweep:
  thr=0.10 | P=0.91 | R=1.00 | F1=0.95 | TP=546
  thr=0.15 | P=0.92 | R=1.00 | F1=0.96 | TP=546
  thr=0.20 | P=0.93 | R=1.00 | F1=0.96 | TP=546
  thr=0.25 | P=0.93 | R=1.00 | F1=0.96 | TP=546
  thr=0.30 | P=0.93 | R=1.00 | F1=0.97 | TP=546
  thr=0.50 | P=0.94 | R=1.00 | F1=0.97 | TP=545
2026-01-20 14:35:59,996 | INFO | val time bin [0.0h, 8.0h): samples=180 | accuracy:0.883 | precision:0.806 | recall:0.988 | f1:0.888 | auc:0.984
2026-01-20 14:36:00,001 | INFO | val time bin [8.0h, 12.0h): samples=96 | accuracy:0.917 | precision:0.857 | recall:1.000 | f1:0.923 | auc:0.998
2026-01-20 14:36:00,006 | INFO | val time bin [12.0h, 16.0h): samples=96 | accuracy:0.958 | precision:0.923 | recall:1.000 | f1:0.960 | auc:1.000
2026-01-20 14:36:00,011 | INFO | val time bin [16.0h, 24.0h): samples=192 | accuracy:0.974 | precision:0.950 | recall:1.000 | f1:0.975 | auc:1.000
2026-01-20 14:36:00,015 | INFO | val time bin [24.0h, 32.0h): samples=192 | accuracy:1.000 | precision:1.000 | recall:1.000 | f1:1.000 | auc:1.000
2026-01-20 14:36:00,016 | INFO | val: accuracy:0.9656 | precision:0.9364 | recall:0.9982 | f1:0.9663 | auc:0.9953 | loss:0.1447
2026-01-20 14:36:00,016 | INFO | Fold 1/5 - Epoch 24/100
2026-01-20 14:38:01,044 | INFO | train loss: 0.0005
2026-01-20 14:38:39,568 | INFO | val threshold sweep:
  thr=0.10 | P=0.97 | R=0.99 | F1=0.98 | TP=539
  thr=0.15 | P=0.97 | R=0.99 | F1=0.98 | TP=538
  thr=0.20 | P=0.97 | R=0.98 | F1=0.98 | TP=536
  thr=0.25 | P=0.98 | R=0.98 | F1=0.98 | TP=536
  thr=0.30 | P=0.98 | R=0.98 | F1=0.98 | TP=536
  thr=0.50 | P=0.99 | R=0.98 | F1=0.98 | TP=534
2026-01-20 14:38:39,573 | INFO | val time bin [0.0h, 8.0h): samples=180 | accuracy:0.911 | precision:0.915 | recall:0.893 | f1:0.904 | auc:0.977
2026-01-20 14:38:39,578 | INFO | val time bin [8.0h, 12.0h): samples=96 | accuracy:0.969 | precision:1.000 | recall:0.938 | f1:0.968 | auc:0.996
2026-01-20 14:38:39,583 | INFO | val time bin [12.0h, 16.0h): samples=96 | accuracy:1.000 | precision:1.000 | recall:1.000 | f1:1.000 | auc:1.000
2026-01-20 14:38:39,588 | INFO | val time bin [16.0h, 24.0h): samples=192 | accuracy:1.000 | precision:1.000 | recall:1.000 | f1:1.000 | auc:1.000
2026-01-20 14:38:39,593 | INFO | val time bin [24.0h, 32.0h): samples=192 | accuracy:1.000 | precision:1.000 | recall:1.000 | f1:1.000 | auc:1.000
2026-01-20 14:38:39,593 | INFO | val: accuracy:0.9828 | precision:0.9871 | recall:0.9780 | f1:0.9825 | auc:0.9986 | loss:0.0716
2026-01-20 14:38:39,593 | INFO | Fold 1/5 - Epoch 25/100
2026-01-20 14:40:36,469 | INFO | train loss: 0.0004
2026-01-20 14:41:15,519 | INFO | val threshold sweep:
  thr=0.10 | P=0.96 | R=0.99 | F1=0.98 | TP=543
  thr=0.15 | P=0.96 | R=0.99 | F1=0.98 | TP=543
  thr=0.20 | P=0.97 | R=0.99 | F1=0.98 | TP=543
  thr=0.25 | P=0.97 | R=0.99 | F1=0.98 | TP=543
  thr=0.30 | P=0.97 | R=0.99 | F1=0.98 | TP=543
  thr=0.50 | P=0.98 | R=0.99 | F1=0.98 | TP=541
2026-01-20 14:41:15,524 | INFO | val time bin [0.0h, 8.0h): samples=180 | accuracy:0.911 | precision:0.878 | recall:0.940 | f1:0.908 | auc:0.983
2026-01-20 14:41:15,529 | INFO | val time bin [8.0h, 12.0h): samples=96 | accuracy:0.990 | precision:0.980 | recall:1.000 | f1:0.990 | auc:1.000
2026-01-20 14:41:15,534 | INFO | val time bin [12.0h, 16.0h): samples=96 | accuracy:0.990 | precision:0.980 | recall:1.000 | f1:0.990 | auc:1.000
2026-01-20 14:41:15,539 | INFO | val time bin [16.0h, 24.0h): samples=192 | accuracy:1.000 | precision:1.000 | recall:1.000 | f1:1.000 | auc:1.000
2026-01-20 14:41:15,544 | INFO | val time bin [24.0h, 32.0h): samples=192 | accuracy:1.000 | precision:1.000 | recall:1.000 | f1:1.000 | auc:1.000
2026-01-20 14:41:15,544 | INFO | val: accuracy:0.9837 | precision:0.9765 | recall:0.9908 | f1:0.9836 | auc:0.9992 | loss:0.0610
2026-01-20 14:41:15,544 | INFO | Fold 1/5 - Epoch 26/100
2026-01-20 14:43:14,563 | INFO | train loss: 0.0001
2026-01-20 14:43:53,949 | INFO | val threshold sweep:
  thr=0.10 | P=0.96 | R=0.99 | F1=0.98 | TP=543
  thr=0.15 | P=0.96 | R=0.99 | F1=0.98 | TP=543
  thr=0.20 | P=0.96 | R=0.99 | F1=0.98 | TP=543
  thr=0.25 | P=0.97 | R=0.99 | F1=0.98 | TP=541
  thr=0.30 | P=0.97 | R=0.99 | F1=0.98 | TP=541
  thr=0.50 | P=0.97 | R=0.99 | F1=0.98 | TP=539
2026-01-20 14:43:53,954 | INFO | val time bin [0.0h, 8.0h): samples=180 | accuracy:0.900 | precision:0.875 | recall:0.917 | f1:0.895 | auc:0.981
2026-01-20 14:43:53,960 | INFO | val time bin [8.0h, 12.0h): samples=96 | accuracy:0.979 | precision:0.960 | recall:1.000 | f1:0.980 | auc:1.000
2026-01-20 14:43:53,965 | INFO | val time bin [12.0h, 16.0h): samples=96 | accuracy:0.990 | precision:0.980 | recall:1.000 | f1:0.990 | auc:1.000
2026-01-20 14:43:53,970 | INFO | val time bin [16.0h, 24.0h): samples=192 | accuracy:1.000 | precision:1.000 | recall:1.000 | f1:1.000 | auc:1.000
2026-01-20 14:43:53,975 | INFO | val time bin [24.0h, 32.0h): samples=192 | accuracy:1.000 | precision:1.000 | recall:1.000 | f1:1.000 | auc:1.000
2026-01-20 14:43:53,975 | INFO | val: accuracy:0.9810 | precision:0.9747 | recall:0.9872 | f1:0.9809 | auc:0.9990 | loss:0.0680
2026-01-20 14:43:53,975 | INFO | Fold 1/5 - Epoch 27/100
2026-01-20 14:45:54,328 | INFO | train loss: 0.0001
2026-01-20 14:46:32,921 | INFO | val threshold sweep:
  thr=0.10 | P=0.98 | R=1.00 | F1=0.99 | TP=544
  thr=0.15 | P=0.98 | R=0.99 | F1=0.99 | TP=543
  thr=0.20 | P=0.98 | R=0.99 | F1=0.99 | TP=543
  thr=0.25 | P=0.98 | R=0.99 | F1=0.99 | TP=543
  thr=0.30 | P=0.98 | R=0.99 | F1=0.99 | TP=543
  thr=0.50 | P=0.99 | R=0.99 | F1=0.99 | TP=540
2026-01-20 14:46:32,926 | INFO | val time bin [0.0h, 8.0h): samples=180 | accuracy:0.922 | precision:0.907 | recall:0.929 | f1:0.918 | auc:0.988
2026-01-20 14:46:32,931 | INFO | val time bin [8.0h, 12.0h): samples=96 | accuracy:1.000 | precision:1.000 | recall:1.000 | f1:1.000 | auc:1.000
2026-01-20 14:46:32,936 | INFO | val time bin [12.0h, 16.0h): samples=96 | accuracy:1.000 | precision:1.000 | recall:1.000 | f1:1.000 | auc:1.000
2026-01-20 14:46:32,941 | INFO | val time bin [16.0h, 24.0h): samples=192 | accuracy:1.000 | precision:1.000 | recall:1.000 | f1:1.000 | auc:1.000
2026-01-20 14:46:32,946 | INFO | val time bin [24.0h, 32.0h): samples=192 | accuracy:1.000 | precision:1.000 | recall:1.000 | f1:1.000 | auc:1.000
2026-01-20 14:46:32,946 | INFO | val: accuracy:0.9873 | precision:0.9854 | recall:0.9890 | f1:0.9872 | auc:0.9996 | loss:0.0403
2026-01-20 14:46:32,946 | INFO | Fold 1/5 - Epoch 28/100
2026-01-20 14:48:30,809 | INFO | train loss: 0.0001
2026-01-20 14:49:09,863 | INFO | val threshold sweep:
  thr=0.10 | P=0.98 | R=1.00 | F1=0.99 | TP=545
  thr=0.15 | P=0.98 | R=1.00 | F1=0.99 | TP=544
  thr=0.20 | P=0.98 | R=0.99 | F1=0.99 | TP=543
  thr=0.25 | P=0.98 | R=0.99 | F1=0.99 | TP=543
  thr=0.30 | P=0.98 | R=0.99 | F1=0.99 | TP=543
  thr=0.50 | P=0.98 | R=0.99 | F1=0.99 | TP=543
2026-01-20 14:49:09,869 | INFO | val time bin [0.0h, 8.0h): samples=180 | accuracy:0.933 | precision:0.900 | recall:0.964 | f1:0.931 | auc:0.989
2026-01-20 14:49:09,874 | INFO | val time bin [8.0h, 12.0h): samples=96 | accuracy:1.000 | precision:1.000 | recall:1.000 | f1:1.000 | auc:1.000
2026-01-20 14:49:09,879 | INFO | val time bin [12.0h, 16.0h): samples=96 | accuracy:1.000 | precision:1.000 | recall:1.000 | f1:1.000 | auc:1.000
2026-01-20 14:49:09,884 | INFO | val time bin [16.0h, 24.0h): samples=192 | accuracy:1.000 | precision:1.000 | recall:1.000 | f1:1.000 | auc:1.000
2026-01-20 14:49:09,888 | INFO | val time bin [24.0h, 32.0h): samples=192 | accuracy:1.000 | precision:1.000 | recall:1.000 | f1:1.000 | auc:1.000
2026-01-20 14:49:09,889 | INFO | val: accuracy:0.9891 | precision:0.9837 | recall:0.9945 | f1:0.9891 | auc:0.9996 | loss:0.0429
2026-01-20 14:49:09,889 | INFO | Fold 1/5 - Epoch 29/100
2026-01-20 14:51:09,260 | INFO | train loss: 0.0001
2026-01-20 14:51:48,458 | INFO | val threshold sweep:
  thr=0.10 | P=0.96 | R=1.00 | F1=0.98 | TP=545
  thr=0.15 | P=0.96 | R=1.00 | F1=0.98 | TP=544
  thr=0.20 | P=0.97 | R=0.99 | F1=0.98 | TP=543
  thr=0.25 | P=0.97 | R=0.99 | F1=0.98 | TP=543
  thr=0.30 | P=0.97 | R=0.99 | F1=0.98 | TP=543
  thr=0.50 | P=0.98 | R=0.99 | F1=0.99 | TP=543
2026-01-20 14:51:48,463 | INFO | val time bin [0.0h, 8.0h): samples=180 | accuracy:0.928 | precision:0.890 | recall:0.964 | f1:0.926 | auc:0.986
2026-01-20 14:51:48,468 | INFO | val time bin [8.0h, 12.0h): samples=96 | accuracy:0.990 | precision:0.980 | recall:1.000 | f1:0.990 | auc:1.000
2026-01-20 14:51:48,473 | INFO | val time bin [12.0h, 16.0h): samples=96 | accuracy:1.000 | precision:1.000 | recall:1.000 | f1:1.000 | auc:1.000
2026-01-20 14:51:48,478 | INFO | val time bin [16.0h, 24.0h): samples=192 | accuracy:1.000 | precision:1.000 | recall:1.000 | f1:1.000 | auc:1.000
2026-01-20 14:51:48,483 | INFO | val time bin [24.0h, 32.0h): samples=192 | accuracy:1.000 | precision:1.000 | recall:1.000 | f1:1.000 | auc:1.000
2026-01-20 14:51:48,483 | INFO | val: accuracy:0.9873 | precision:0.9801 | recall:0.9945 | f1:0.9873 | auc:0.9992 | loss:0.0562
2026-01-20 14:51:48,483 | INFO | Fold 1/5 - Epoch 30/100
2026-01-20 14:53:46,495 | INFO | train loss: 0.0001
2026-01-20 14:54:23,997 | INFO | val threshold sweep:
  thr=0.10 | P=0.97 | R=1.00 | F1=0.98 | TP=545
  thr=0.15 | P=0.97 | R=1.00 | F1=0.99 | TP=545
  thr=0.20 | P=0.97 | R=0.99 | F1=0.98 | TP=543
  thr=0.25 | P=0.97 | R=0.99 | F1=0.98 | TP=543
  thr=0.30 | P=0.98 | R=0.99 | F1=0.99 | TP=543
  thr=0.50 | P=0.98 | R=0.99 | F1=0.99 | TP=543
2026-01-20 14:54:24,002 | INFO | val time bin [0.0h, 8.0h): samples=180 | accuracy:0.933 | precision:0.900 | recall:0.964 | f1:0.931 | auc:0.989
2026-01-20 14:54:24,007 | INFO | val time bin [8.0h, 12.0h): samples=96 | accuracy:1.000 | precision:1.000 | recall:1.000 | f1:1.000 | auc:1.000
2026-01-20 14:54:24,012 | INFO | val time bin [12.0h, 16.0h): samples=96 | accuracy:1.000 | precision:1.000 | recall:1.000 | f1:1.000 | auc:1.000
2026-01-20 14:54:24,017 | INFO | val time bin [16.0h, 24.0h): samples=192 | accuracy:1.000 | precision:1.000 | recall:1.000 | f1:1.000 | auc:1.000
2026-01-20 14:54:24,022 | INFO | val time bin [24.0h, 32.0h): samples=192 | accuracy:1.000 | precision:1.000 | recall:1.000 | f1:1.000 | auc:1.000
2026-01-20 14:54:24,022 | INFO | val: accuracy:0.9891 | precision:0.9837 | recall:0.9945 | f1:0.9891 | auc:0.9996 | loss:0.0446
2026-01-20 14:54:24,023 | INFO | Fold 1/5 - Epoch 31/100
2026-01-20 14:56:22,973 | INFO | train loss: 0.0003
2026-01-20 14:57:00,327 | INFO | val threshold sweep:
  thr=0.10 | P=0.98 | R=0.99 | F1=0.98 | TP=542
  thr=0.15 | P=0.98 | R=0.99 | F1=0.99 | TP=542
  thr=0.20 | P=0.98 | R=0.99 | F1=0.99 | TP=541
  thr=0.25 | P=0.98 | R=0.99 | F1=0.98 | TP=540
  thr=0.30 | P=0.98 | R=0.99 | F1=0.99 | TP=540
  thr=0.50 | P=0.98 | R=0.99 | F1=0.99 | TP=539
2026-01-20 14:57:00,332 | INFO | val time bin [0.0h, 8.0h): samples=180 | accuracy:0.911 | precision:0.895 | recall:0.917 | f1:0.906 | auc:0.985
2026-01-20 14:57:00,337 | INFO | val time bin [8.0h, 12.0h): samples=96 | accuracy:1.000 | precision:1.000 | recall:1.000 | f1:1.000 | auc:1.000
2026-01-20 14:57:00,342 | INFO | val time bin [12.0h, 16.0h): samples=96 | accuracy:1.000 | precision:1.000 | recall:1.000 | f1:1.000 | auc:1.000
2026-01-20 14:57:00,347 | INFO | val time bin [16.0h, 24.0h): samples=192 | accuracy:1.000 | precision:1.000 | recall:1.000 | f1:1.000 | auc:1.000
2026-01-20 14:57:00,352 | INFO | val time bin [24.0h, 32.0h): samples=192 | accuracy:1.000 | precision:1.000 | recall:1.000 | f1:1.000 | auc:1.000
2026-01-20 14:57:00,352 | INFO | val: accuracy:0.9855 | precision:0.9836 | recall:0.9872 | f1:0.9854 | auc:0.9995 | loss:0.0484
2026-01-20 14:57:00,352 | INFO | Fold 1/5 - Epoch 32/100
2026-01-20 14:58:58,129 | INFO | train loss: 0.0004
2026-01-20 14:59:36,108 | INFO | val threshold sweep:
  thr=0.10 | P=0.85 | R=0.99 | F1=0.91 | TP=541
  thr=0.15 | P=0.87 | R=0.99 | F1=0.93 | TP=541
  thr=0.20 | P=0.88 | R=0.99 | F1=0.93 | TP=540
  thr=0.25 | P=0.89 | R=0.99 | F1=0.94 | TP=540
  thr=0.30 | P=0.89 | R=0.99 | F1=0.94 | TP=539
  thr=0.50 | P=0.90 | R=0.99 | F1=0.94 | TP=539
2026-01-20 14:59:36,114 | INFO | val time bin [0.0h, 8.0h): samples=180 | accuracy:0.811 | precision:0.740 | recall:0.917 | f1:0.819 | auc:0.958
2026-01-20 14:59:36,119 | INFO | val time bin [8.0h, 12.0h): samples=96 | accuracy:0.896 | precision:0.828 | recall:1.000 | f1:0.906 | auc:0.993
2026-01-20 14:59:36,124 | INFO | val time bin [12.0h, 16.0h): samples=96 | accuracy:0.948 | precision:0.906 | recall:1.000 | f1:0.950 | auc:1.000
2026-01-20 14:59:36,129 | INFO | val time bin [16.0h, 24.0h): samples=192 | accuracy:0.958 | precision:0.923 | recall:1.000 | f1:0.960 | auc:1.000
2026-01-20 14:59:36,133 | INFO | val time bin [24.0h, 32.0h): samples=192 | accuracy:1.000 | precision:1.000 | recall:1.000 | f1:1.000 | auc:1.000
2026-01-20 14:59:36,134 | INFO | val: accuracy:0.9420 | precision:0.9044 | recall:0.9872 | f1:0.9440 | auc:0.9964 | loss:0.2083
2026-01-20 14:59:36,134 | INFO | Fold 1/5 - Epoch 33/100
2026-01-20 15:01:39,154 | INFO | train loss: 0.0009
2026-01-20 15:02:17,835 | INFO | val threshold sweep:
  thr=0.10 | P=0.94 | R=1.00 | F1=0.97 | TP=544
  thr=0.15 | P=0.95 | R=1.00 | F1=0.97 | TP=544
  thr=0.20 | P=0.95 | R=0.99 | F1=0.97 | TP=543
  thr=0.25 | P=0.95 | R=0.99 | F1=0.97 | TP=543
  thr=0.30 | P=0.95 | R=0.99 | F1=0.97 | TP=543
  thr=0.50 | P=0.96 | R=0.99 | F1=0.98 | TP=543
2026-01-20 15:02:17,841 | INFO | val time bin [0.0h, 8.0h): samples=180 | accuracy:0.894 | precision:0.835 | recall:0.964 | f1:0.895 | auc:0.974
2026-01-20 15:02:17,846 | INFO | val time bin [8.0h, 12.0h): samples=96 | accuracy:0.948 | precision:0.906 | recall:1.000 | f1:0.950 | auc:0.999
2026-01-20 15:02:17,851 | INFO | val time bin [12.0h, 16.0h): samples=96 | accuracy:0.979 | precision:0.960 | recall:1.000 | f1:0.980 | auc:1.000
2026-01-20 15:02:17,855 | INFO | val time bin [16.0h, 24.0h): samples=192 | accuracy:0.995 | precision:0.990 | recall:1.000 | f1:0.995 | auc:1.000
2026-01-20 15:02:17,860 | INFO | val time bin [24.0h, 32.0h): samples=192 | accuracy:1.000 | precision:1.000 | recall:1.000 | f1:1.000 | auc:1.000
2026-01-20 15:02:17,861 | INFO | val: accuracy:0.9755 | precision:0.9577 | recall:0.9945 | f1:0.9757 | auc:0.9971 | loss:0.1128
2026-01-20 15:02:17,861 | INFO | Fold 1/5 - Epoch 34/100
2026-01-20 15:04:17,921 | INFO | train loss: 0.0003
2026-01-20 15:04:55,665 | INFO | val threshold sweep:
  thr=0.10 | P=0.94 | R=1.00 | F1=0.97 | TP=544
  thr=0.15 | P=0.95 | R=1.00 | F1=0.97 | TP=544
  thr=0.20 | P=0.95 | R=1.00 | F1=0.97 | TP=544
  thr=0.25 | P=0.95 | R=1.00 | F1=0.97 | TP=544
  thr=0.30 | P=0.96 | R=0.99 | F1=0.98 | TP=543
  thr=0.50 | P=0.97 | R=0.99 | F1=0.98 | TP=543
2026-01-20 15:04:55,670 | INFO | val time bin [0.0h, 8.0h): samples=180 | accuracy:0.911 | precision:0.862 | recall:0.964 | f1:0.910 | auc:0.978
2026-01-20 15:04:55,675 | INFO | val time bin [8.0h, 12.0h): samples=96 | accuracy:0.979 | precision:0.960 | recall:1.000 | f1:0.980 | auc:0.999
2026-01-20 15:04:55,680 | INFO | val time bin [12.0h, 16.0h): samples=96 | accuracy:1.000 | precision:1.000 | recall:1.000 | f1:1.000 | auc:1.000
2026-01-20 15:04:55,685 | INFO | val time bin [16.0h, 24.0h): samples=192 | accuracy:0.990 | precision:0.980 | recall:1.000 | f1:0.990 | auc:1.000
2026-01-20 15:04:55,690 | INFO | val time bin [24.0h, 32.0h): samples=192 | accuracy:1.000 | precision:1.000 | recall:1.000 | f1:1.000 | auc:1.000
2026-01-20 15:04:55,690 | INFO | val: accuracy:0.9819 | precision:0.9696 | recall:0.9945 | f1:0.9819 | auc:0.9947 | loss:0.1148
2026-01-20 15:04:55,691 | INFO | Fold 1/5 - Epoch 35/100
2026-01-20 15:06:54,552 | INFO | train loss: 0.0003
2026-01-20 15:07:33,665 | INFO | val threshold sweep:
  thr=0.10 | P=0.96 | R=1.00 | F1=0.98 | TP=546
  thr=0.15 | P=0.96 | R=1.00 | F1=0.98 | TP=545
  thr=0.20 | P=0.96 | R=1.00 | F1=0.98 | TP=545
  thr=0.25 | P=0.96 | R=1.00 | F1=0.98 | TP=545
  thr=0.30 | P=0.96 | R=1.00 | F1=0.98 | TP=545
  thr=0.50 | P=0.97 | R=1.00 | F1=0.98 | TP=544
2026-01-20 15:07:33,670 | INFO | val time bin [0.0h, 8.0h): samples=180 | accuracy:0.917 | precision:0.863 | recall:0.976 | f1:0.916 | auc:0.984
2026-01-20 15:07:33,675 | INFO | val time bin [8.0h, 12.0h): samples=96 | accuracy:0.990 | precision:0.980 | recall:1.000 | f1:0.990 | auc:1.000
2026-01-20 15:07:33,680 | INFO | val time bin [12.0h, 16.0h): samples=96 | accuracy:0.990 | precision:0.980 | recall:1.000 | f1:0.990 | auc:1.000
2026-01-20 15:07:33,685 | INFO | val time bin [16.0h, 24.0h): samples=192 | accuracy:0.984 | precision:0.970 | recall:1.000 | f1:0.985 | auc:1.000
2026-01-20 15:07:33,690 | INFO | val time bin [24.0h, 32.0h): samples=192 | accuracy:1.000 | precision:1.000 | recall:1.000 | f1:1.000 | auc:1.000
2026-01-20 15:07:33,690 | INFO | val: accuracy:0.9819 | precision:0.9680 | recall:0.9963 | f1:0.9819 | auc:0.9971 | loss:0.0840
2026-01-20 15:07:33,691 | INFO | Fold 1/5 - Epoch 36/100
2026-01-20 15:09:30,678 | INFO | train loss: 0.0014
2026-01-20 15:10:08,715 | INFO | val threshold sweep:
  thr=0.10 | P=0.94 | R=1.00 | F1=0.97 | TP=546
  thr=0.15 | P=0.95 | R=1.00 | F1=0.97 | TP=546
  thr=0.20 | P=0.95 | R=1.00 | F1=0.98 | TP=546
  thr=0.25 | P=0.96 | R=1.00 | F1=0.98 | TP=546
  thr=0.30 | P=0.96 | R=1.00 | F1=0.98 | TP=545
  thr=0.50 | P=0.97 | R=1.00 | F1=0.98 | TP=544
2026-01-20 15:10:08,720 | INFO | val time bin [0.0h, 8.0h): samples=180 | accuracy:0.906 | precision:0.845 | recall:0.976 | f1:0.906 | auc:0.977
2026-01-20 15:10:08,725 | INFO | val time bin [8.0h, 12.0h): samples=96 | accuracy:0.990 | precision:0.980 | recall:1.000 | f1:0.990 | auc:1.000
2026-01-20 15:10:08,730 | INFO | val time bin [12.0h, 16.0h): samples=96 | accuracy:0.990 | precision:0.980 | recall:1.000 | f1:0.990 | auc:1.000
2026-01-20 15:10:08,735 | INFO | val time bin [16.0h, 24.0h): samples=192 | accuracy:1.000 | precision:1.000 | recall:1.000 | f1:1.000 | auc:1.000
2026-01-20 15:10:08,740 | INFO | val time bin [24.0h, 32.0h): samples=192 | accuracy:1.000 | precision:1.000 | recall:1.000 | f1:1.000 | auc:1.000
2026-01-20 15:10:08,740 | INFO | val: accuracy:0.9828 | precision:0.9697 | recall:0.9963 | f1:0.9828 | auc:0.9963 | loss:0.1053
2026-01-20 15:10:08,740 | INFO | Fold 1/5 - Epoch 37/100
2026-01-20 15:12:08,948 | INFO | train loss: 0.0023
2026-01-20 15:12:46,740 | INFO | val threshold sweep:
  thr=0.10 | P=0.98 | R=0.99 | F1=0.99 | TP=540
  thr=0.15 | P=0.99 | R=0.99 | F1=0.99 | TP=540
  thr=0.20 | P=0.99 | R=0.99 | F1=0.99 | TP=539
  thr=0.25 | P=0.99 | R=0.99 | F1=0.99 | TP=539
  thr=0.30 | P=0.99 | R=0.99 | F1=0.99 | TP=539
  thr=0.50 | P=0.99 | R=0.98 | F1=0.99 | TP=537
2026-01-20 15:12:46,745 | INFO | val time bin [0.0h, 8.0h): samples=180 | accuracy:0.922 | precision:0.927 | recall:0.905 | f1:0.916 | auc:0.984
2026-01-20 15:12:46,750 | INFO | val time bin [8.0h, 12.0h): samples=96 | accuracy:0.990 | precision:1.000 | recall:0.979 | f1:0.989 | auc:1.000
2026-01-20 15:12:46,755 | INFO | val time bin [12.0h, 16.0h): samples=96 | accuracy:1.000 | precision:1.000 | recall:1.000 | f1:1.000 | auc:1.000
2026-01-20 15:12:46,760 | INFO | val time bin [16.0h, 24.0h): samples=192 | accuracy:1.000 | precision:1.000 | recall:1.000 | f1:1.000 | auc:1.000
2026-01-20 15:12:46,765 | INFO | val time bin [24.0h, 32.0h): samples=192 | accuracy:1.000 | precision:1.000 | recall:1.000 | f1:1.000 | auc:1.000
2026-01-20 15:12:46,765 | INFO | val: accuracy:0.9864 | precision:0.9890 | recall:0.9835 | f1:0.9862 | auc:0.9993 | loss:0.0576
2026-01-20 15:12:46,765 | INFO | Fold 1/5 - Epoch 38/100
2026-01-20 15:14:45,077 | INFO | train loss: 0.0003
2026-01-20 15:15:23,425 | INFO | val threshold sweep:
  thr=0.10 | P=0.98 | R=1.00 | F1=0.99 | TP=546
  thr=0.15 | P=0.98 | R=1.00 | F1=0.99 | TP=546
  thr=0.20 | P=0.98 | R=1.00 | F1=0.99 | TP=546
  thr=0.25 | P=0.98 | R=1.00 | F1=0.99 | TP=546
  thr=0.30 | P=0.98 | R=1.00 | F1=0.99 | TP=545
  thr=0.50 | P=0.99 | R=1.00 | F1=0.99 | TP=545
2026-01-20 15:15:23,430 | INFO | val time bin [0.0h, 8.0h): samples=180 | accuracy:0.956 | precision:0.922 | recall:0.988 | f1:0.954 | auc:0.996
2026-01-20 15:15:23,435 | INFO | val time bin [8.0h, 12.0h): samples=96 | accuracy:1.000 | precision:1.000 | recall:1.000 | f1:1.000 | auc:1.000
2026-01-20 15:15:23,440 | INFO | val time bin [12.0h, 16.0h): samples=96 | accuracy:1.000 | precision:1.000 | recall:1.000 | f1:1.000 | auc:1.000
2026-01-20 15:15:23,445 | INFO | val time bin [16.0h, 24.0h): samples=192 | accuracy:0.995 | precision:0.990 | recall:1.000 | f1:0.995 | auc:1.000
2026-01-20 15:15:23,450 | INFO | val time bin [24.0h, 32.0h): samples=192 | accuracy:1.000 | precision:1.000 | recall:1.000 | f1:1.000 | auc:1.000
2026-01-20 15:15:23,450 | INFO | val: accuracy:0.9918 | precision:0.9855 | recall:0.9982 | f1:0.9918 | auc:0.9999 | loss:0.0300
2026-01-20 15:15:23,450 | INFO | Fold 1/5 - Epoch 39/100
2026-01-20 15:17:23,149 | INFO | train loss: 0.0001
2026-01-20 15:18:01,332 | INFO | val threshold sweep:
  thr=0.10 | P=0.97 | R=1.00 | F1=0.99 | TP=545
  thr=0.15 | P=0.98 | R=1.00 | F1=0.99 | TP=545
  thr=0.20 | P=0.98 | R=1.00 | F1=0.99 | TP=544
  thr=0.25 | P=0.98 | R=1.00 | F1=0.99 | TP=544
  thr=0.30 | P=0.98 | R=1.00 | F1=0.99 | TP=544
  thr=0.50 | P=0.99 | R=0.99 | F1=0.99 | TP=543
2026-01-20 15:18:01,337 | INFO | val time bin [0.0h, 8.0h): samples=180 | accuracy:0.939 | precision:0.910 | recall:0.964 | f1:0.936 | auc:0.989
2026-01-20 15:18:01,342 | INFO | val time bin [8.0h, 12.0h): samples=96 | accuracy:1.000 | precision:1.000 | recall:1.000 | f1:1.000 | auc:1.000
2026-01-20 15:18:01,347 | INFO | val time bin [12.0h, 16.0h): samples=96 | accuracy:1.000 | precision:1.000 | recall:1.000 | f1:1.000 | auc:1.000
2026-01-20 15:18:01,352 | INFO | val time bin [16.0h, 24.0h): samples=192 | accuracy:1.000 | precision:1.000 | recall:1.000 | f1:1.000 | auc:1.000
2026-01-20 15:18:01,357 | INFO | val time bin [24.0h, 32.0h): samples=192 | accuracy:1.000 | precision:1.000 | recall:1.000 | f1:1.000 | auc:1.000
2026-01-20 15:18:01,357 | INFO | val: accuracy:0.9900 | precision:0.9855 | recall:0.9945 | f1:0.9900 | auc:0.9996 | loss:0.0413
2026-01-20 15:18:01,357 | INFO | Fold 1/5 - Epoch 40/100
2026-01-20 15:19:59,835 | INFO | train loss: 0.0001
2026-01-20 15:20:38,903 | INFO | val threshold sweep:
  thr=0.10 | P=0.97 | R=1.00 | F1=0.99 | TP=544
  thr=0.15 | P=0.98 | R=1.00 | F1=0.99 | TP=544
  thr=0.20 | P=0.98 | R=1.00 | F1=0.99 | TP=544
  thr=0.25 | P=0.98 | R=1.00 | F1=0.99 | TP=544
  thr=0.30 | P=0.98 | R=0.99 | F1=0.99 | TP=542
  thr=0.50 | P=0.98 | R=0.99 | F1=0.99 | TP=540
2026-01-20 15:20:38,909 | INFO | val time bin [0.0h, 8.0h): samples=180 | accuracy:0.917 | precision:0.897 | recall:0.929 | f1:0.912 | auc:0.984
2026-01-20 15:20:38,914 | INFO | val time bin [8.0h, 12.0h): samples=96 | accuracy:1.000 | precision:1.000 | recall:1.000 | f1:1.000 | auc:1.000
2026-01-20 15:20:38,919 | INFO | val time bin [12.0h, 16.0h): samples=96 | accuracy:1.000 | precision:1.000 | recall:1.000 | f1:1.000 | auc:1.000
2026-01-20 15:20:38,923 | INFO | val time bin [16.0h, 24.0h): samples=192 | accuracy:1.000 | precision:1.000 | recall:1.000 | f1:1.000 | auc:1.000
2026-01-20 15:20:38,928 | INFO | val time bin [24.0h, 32.0h): samples=192 | accuracy:1.000 | precision:1.000 | recall:1.000 | f1:1.000 | auc:1.000
2026-01-20 15:20:38,928 | INFO | val: accuracy:0.9864 | precision:0.9836 | recall:0.9890 | f1:0.9863 | auc:0.9993 | loss:0.0503
2026-01-20 15:20:38,929 | INFO | Fold 1/5 - Epoch 41/100
2026-01-20 15:22:37,796 | INFO | train loss: 0.0001
2026-01-20 15:23:16,417 | INFO | val threshold sweep:
  thr=0.10 | P=0.97 | R=1.00 | F1=0.99 | TP=545
  thr=0.15 | P=0.97 | R=1.00 | F1=0.99 | TP=545
  thr=0.20 | P=0.98 | R=1.00 | F1=0.99 | TP=544
  thr=0.25 | P=0.98 | R=1.00 | F1=0.99 | TP=544
  thr=0.30 | P=0.98 | R=1.00 | F1=0.99 | TP=544
  thr=0.50 | P=0.98 | R=1.00 | F1=0.99 | TP=544
2026-01-20 15:23:16,422 | INFO | val time bin [0.0h, 8.0h): samples=180 | accuracy:0.939 | precision:0.901 | recall:0.976 | f1:0.937 | auc:0.989
2026-01-20 15:23:16,427 | INFO | val time bin [8.0h, 12.0h): samples=96 | accuracy:1.000 | precision:1.000 | recall:1.000 | f1:1.000 | auc:1.000
2026-01-20 15:23:16,432 | INFO | val time bin [12.0h, 16.0h): samples=96 | accuracy:1.000 | precision:1.000 | recall:1.000 | f1:1.000 | auc:1.000
2026-01-20 15:23:16,437 | INFO | val time bin [16.0h, 24.0h): samples=192 | accuracy:1.000 | precision:1.000 | recall:1.000 | f1:1.000 | auc:1.000
2026-01-20 15:23:16,442 | INFO | val time bin [24.0h, 32.0h): samples=192 | accuracy:1.000 | precision:1.000 | recall:1.000 | f1:1.000 | auc:1.000
2026-01-20 15:23:16,442 | INFO | val: accuracy:0.9900 | precision:0.9837 | recall:0.9963 | f1:0.9900 | auc:0.9995 | loss:0.0440
2026-01-20 15:23:16,442 | INFO | Fold 1/5 - Epoch 42/100
2026-01-20 15:25:15,365 | INFO | train loss: 0.0002
2026-01-20 15:25:54,446 | INFO | val threshold sweep:
  thr=0.10 | P=0.98 | R=0.99 | F1=0.99 | TP=541
  thr=0.15 | P=0.99 | R=0.99 | F1=0.99 | TP=539
  thr=0.20 | P=0.99 | R=0.99 | F1=0.99 | TP=539
  thr=0.25 | P=0.99 | R=0.99 | F1=0.99 | TP=539
  thr=0.30 | P=0.99 | R=0.99 | F1=0.99 | TP=539
  thr=0.50 | P=0.99 | R=0.99 | F1=0.99 | TP=539
2026-01-20 15:25:54,451 | INFO | val time bin [0.0h, 8.0h): samples=180 | accuracy:0.922 | precision:0.917 | recall:0.917 | f1:0.917 | auc:0.984
2026-01-20 15:25:54,456 | INFO | val time bin [8.0h, 12.0h): samples=96 | accuracy:1.000 | precision:1.000 | recall:1.000 | f1:1.000 | auc:1.000
2026-01-20 15:25:54,461 | INFO | val time bin [12.0h, 16.0h): samples=96 | accuracy:1.000 | precision:1.000 | recall:1.000 | f1:1.000 | auc:1.000
2026-01-20 15:25:54,466 | INFO | val time bin [16.0h, 24.0h): samples=192 | accuracy:1.000 | precision:1.000 | recall:1.000 | f1:1.000 | auc:1.000
2026-01-20 15:25:54,471 | INFO | val time bin [24.0h, 32.0h): samples=192 | accuracy:1.000 | precision:1.000 | recall:1.000 | f1:1.000 | auc:1.000
2026-01-20 15:25:54,471 | INFO | val: accuracy:0.9873 | precision:0.9872 | recall:0.9872 | f1:0.9872 | auc:0.9995 | loss:0.0506
2026-01-20 15:25:54,471 | INFO | Fold 1/5 - Epoch 43/100
2026-01-20 15:27:52,088 | INFO | train loss: 0.0001
2026-01-20 15:28:29,822 | INFO | val threshold sweep:
  thr=0.10 | P=0.98 | R=1.00 | F1=0.99 | TP=545
  thr=0.15 | P=0.98 | R=1.00 | F1=0.99 | TP=544
  thr=0.20 | P=0.98 | R=0.99 | F1=0.99 | TP=543
  thr=0.25 | P=0.99 | R=0.99 | F1=0.99 | TP=543
  thr=0.30 | P=0.99 | R=0.99 | F1=0.99 | TP=543
  thr=0.50 | P=0.99 | R=0.99 | F1=0.99 | TP=542
2026-01-20 15:28:29,827 | INFO | val time bin [0.0h, 8.0h): samples=180 | accuracy:0.933 | precision:0.909 | recall:0.952 | f1:0.930 | auc:0.987
2026-01-20 15:28:29,832 | INFO | val time bin [8.0h, 12.0h): samples=96 | accuracy:1.000 | precision:1.000 | recall:1.000 | f1:1.000 | auc:1.000
2026-01-20 15:28:29,837 | INFO | val time bin [12.0h, 16.0h): samples=96 | accuracy:1.000 | precision:1.000 | recall:1.000 | f1:1.000 | auc:1.000
2026-01-20 15:28:29,842 | INFO | val time bin [16.0h, 24.0h): samples=192 | accuracy:1.000 | precision:1.000 | recall:1.000 | f1:1.000 | auc:1.000
2026-01-20 15:28:29,847 | INFO | val time bin [24.0h, 32.0h): samples=192 | accuracy:1.000 | precision:1.000 | recall:1.000 | f1:1.000 | auc:1.000
2026-01-20 15:28:29,847 | INFO | val: accuracy:0.9891 | precision:0.9855 | recall:0.9927 | f1:0.9891 | auc:0.9995 | loss:0.0473
2026-01-20 15:28:29,847 | INFO | Fold 1/5 - Epoch 44/100
2026-01-20 15:30:27,376 | INFO | train loss: 0.0002
2026-01-20 15:31:06,436 | INFO | val threshold sweep:
  thr=0.10 | P=0.95 | R=1.00 | F1=0.97 | TP=545
  thr=0.15 | P=0.95 | R=1.00 | F1=0.97 | TP=545
  thr=0.20 | P=0.95 | R=1.00 | F1=0.97 | TP=545
  thr=0.25 | P=0.96 | R=1.00 | F1=0.98 | TP=545
  thr=0.30 | P=0.96 | R=1.00 | F1=0.98 | TP=545
  thr=0.50 | P=0.96 | R=0.99 | F1=0.98 | TP=543
2026-01-20 15:31:06,441 | INFO | val time bin [0.0h, 8.0h): samples=180 | accuracy:0.900 | precision:0.844 | recall:0.964 | f1:0.900 | auc:0.980
2026-01-20 15:31:06,446 | INFO | val time bin [8.0h, 12.0h): samples=96 | accuracy:0.969 | precision:0.941 | recall:1.000 | f1:0.970 | auc:1.000
2026-01-20 15:31:06,451 | INFO | val time bin [12.0h, 16.0h): samples=96 | accuracy:0.990 | precision:0.980 | recall:1.000 | f1:0.990 | auc:1.000
2026-01-20 15:31:06,456 | INFO | val time bin [16.0h, 24.0h): samples=192 | accuracy:0.995 | precision:0.990 | recall:1.000 | f1:0.995 | auc:1.000
2026-01-20 15:31:06,461 | INFO | val time bin [24.0h, 32.0h): samples=192 | accuracy:1.000 | precision:1.000 | recall:1.000 | f1:1.000 | auc:1.000
2026-01-20 15:31:06,461 | INFO | val: accuracy:0.9792 | precision:0.9645 | recall:0.9945 | f1:0.9793 | auc:0.9965 | loss:0.1094
2026-01-20 15:31:06,461 | INFO | Fold 1/5 - Epoch 45/100
2026-01-20 15:33:05,589 | INFO | train loss: 0.0001
2026-01-20 15:33:43,731 | INFO | val threshold sweep:
  thr=0.10 | P=0.97 | R=1.00 | F1=0.99 | TP=545
  thr=0.15 | P=0.98 | R=1.00 | F1=0.99 | TP=545
  thr=0.20 | P=0.98 | R=1.00 | F1=0.99 | TP=545
  thr=0.25 | P=0.98 | R=1.00 | F1=0.99 | TP=544
  thr=0.30 | P=0.98 | R=1.00 | F1=0.99 | TP=544
  thr=0.50 | P=0.99 | R=0.99 | F1=0.99 | TP=542
2026-01-20 15:33:43,736 | INFO | val time bin [0.0h, 8.0h): samples=180 | accuracy:0.933 | precision:0.909 | recall:0.952 | f1:0.930 | auc:0.989
2026-01-20 15:33:43,741 | INFO | val time bin [8.0h, 12.0h): samples=96 | accuracy:1.000 | precision:1.000 | recall:1.000 | f1:1.000 | auc:1.000
2026-01-20 15:33:43,746 | INFO | val time bin [12.0h, 16.0h): samples=96 | accuracy:1.000 | precision:1.000 | recall:1.000 | f1:1.000 | auc:1.000
2026-01-20 15:33:43,751 | INFO | val time bin [16.0h, 24.0h): samples=192 | accuracy:1.000 | precision:1.000 | recall:1.000 | f1:1.000 | auc:1.000
2026-01-20 15:33:43,756 | INFO | val time bin [24.0h, 32.0h): samples=192 | accuracy:1.000 | precision:1.000 | recall:1.000 | f1:1.000 | auc:1.000
2026-01-20 15:33:43,756 | INFO | val: accuracy:0.9891 | precision:0.9855 | recall:0.9927 | f1:0.9891 | auc:0.9992 | loss:0.0511
2026-01-20 15:33:43,756 | INFO | Fold 1/5 - Epoch 46/100
2026-01-20 15:35:41,037 | INFO | train loss: 0.0001
2026-01-20 15:36:19,960 | INFO | val threshold sweep:
  thr=0.10 | P=0.97 | R=1.00 | F1=0.99 | TP=546
  thr=0.15 | P=0.98 | R=1.00 | F1=0.99 | TP=546
  thr=0.20 | P=0.98 | R=1.00 | F1=0.99 | TP=546
  thr=0.25 | P=0.98 | R=1.00 | F1=0.99 | TP=545
  thr=0.30 | P=0.98 | R=1.00 | F1=0.99 | TP=545
  thr=0.50 | P=0.98 | R=1.00 | F1=0.99 | TP=545
2026-01-20 15:36:19,965 | INFO | val time bin [0.0h, 8.0h): samples=180 | accuracy:0.950 | precision:0.912 | recall:0.988 | f1:0.949 | auc:0.991
2026-01-20 15:36:19,970 | INFO | val time bin [8.0h, 12.0h): samples=96 | accuracy:1.000 | precision:1.000 | recall:1.000 | f1:1.000 | auc:1.000
2026-01-20 15:36:19,975 | INFO | val time bin [12.0h, 16.0h): samples=96 | accuracy:1.000 | precision:1.000 | recall:1.000 | f1:1.000 | auc:1.000
2026-01-20 15:36:19,980 | INFO | val time bin [16.0h, 24.0h): samples=192 | accuracy:0.995 | precision:0.990 | recall:1.000 | f1:0.995 | auc:1.000
2026-01-20 15:36:19,985 | INFO | val time bin [24.0h, 32.0h): samples=192 | accuracy:1.000 | precision:1.000 | recall:1.000 | f1:1.000 | auc:1.000
2026-01-20 15:36:19,985 | INFO | val: accuracy:0.9909 | precision:0.9838 | recall:0.9982 | f1:0.9909 | auc:0.9995 | loss:0.0497
2026-01-20 15:36:19,985 | INFO | Fold 1/5 - Epoch 47/100
2026-01-20 15:38:18,469 | INFO | train loss: 0.0000
2026-01-20 15:38:57,385 | INFO | val threshold sweep:
  thr=0.10 | P=0.97 | R=1.00 | F1=0.99 | TP=546
  thr=0.15 | P=0.98 | R=1.00 | F1=0.99 | TP=546
  thr=0.20 | P=0.98 | R=1.00 | F1=0.99 | TP=546
  thr=0.25 | P=0.98 | R=1.00 | F1=0.99 | TP=546
  thr=0.30 | P=0.98 | R=1.00 | F1=0.99 | TP=545
  thr=0.50 | P=0.98 | R=1.00 | F1=0.99 | TP=545
2026-01-20 15:38:57,390 | INFO | val time bin [0.0h, 8.0h): samples=180 | accuracy:0.950 | precision:0.912 | recall:0.988 | f1:0.949 | auc:0.992
2026-01-20 15:38:57,395 | INFO | val time bin [8.0h, 12.0h): samples=96 | accuracy:1.000 | precision:1.000 | recall:1.000 | f1:1.000 | auc:1.000
2026-01-20 15:38:57,400 | INFO | val time bin [12.0h, 16.0h): samples=96 | accuracy:1.000 | precision:1.000 | recall:1.000 | f1:1.000 | auc:1.000
2026-01-20 15:38:57,405 | INFO | val time bin [16.0h, 24.0h): samples=192 | accuracy:0.995 | precision:0.990 | recall:1.000 | f1:0.995 | auc:1.000
2026-01-20 15:38:57,410 | INFO | val time bin [24.0h, 32.0h): samples=192 | accuracy:1.000 | precision:1.000 | recall:1.000 | f1:1.000 | auc:1.000
2026-01-20 15:38:57,410 | INFO | val: accuracy:0.9909 | precision:0.9838 | recall:0.9982 | f1:0.9909 | auc:0.9996 | loss:0.0466
2026-01-20 15:38:57,410 | INFO | Fold 1/5 - Epoch 48/100
2026-01-20 15:40:57,299 | INFO | train loss: 0.0002
2026-01-20 15:41:36,307 | INFO | val threshold sweep:
  thr=0.10 | P=0.98 | R=1.00 | F1=0.99 | TP=545
  thr=0.15 | P=0.98 | R=1.00 | F1=0.99 | TP=545
  thr=0.20 | P=0.98 | R=1.00 | F1=0.99 | TP=545
  thr=0.25 | P=0.98 | R=1.00 | F1=0.99 | TP=545
  thr=0.30 | P=0.99 | R=0.99 | F1=0.99 | TP=543
  thr=0.50 | P=0.99 | R=0.99 | F1=0.99 | TP=542
2026-01-20 15:41:36,312 | INFO | val time bin [0.0h, 8.0h): samples=180 | accuracy:0.944 | precision:0.930 | recall:0.952 | f1:0.941 | auc:0.992
2026-01-20 15:41:36,317 | INFO | val time bin [8.0h, 12.0h): samples=96 | accuracy:1.000 | precision:1.000 | recall:1.000 | f1:1.000 | auc:1.000
2026-01-20 15:41:36,322 | INFO | val time bin [12.0h, 16.0h): samples=96 | accuracy:1.000 | precision:1.000 | recall:1.000 | f1:1.000 | auc:1.000
2026-01-20 15:41:36,327 | INFO | val time bin [16.0h, 24.0h): samples=192 | accuracy:1.000 | precision:1.000 | recall:1.000 | f1:1.000 | auc:1.000
2026-01-20 15:41:36,332 | INFO | val time bin [24.0h, 32.0h): samples=192 | accuracy:1.000 | precision:1.000 | recall:1.000 | f1:1.000 | auc:1.000
2026-01-20 15:41:36,332 | INFO | val: accuracy:0.9909 | precision:0.9891 | recall:0.9927 | f1:0.9909 | auc:0.9996 | loss:0.0328
2026-01-20 15:41:36,332 | INFO | Fold 1/5 - Epoch 49/100
2026-01-20 15:43:36,221 | INFO | train loss: 0.0001
2026-01-20 15:44:15,846 | INFO | val threshold sweep:
  thr=0.10 | P=0.97 | R=1.00 | F1=0.98 | TP=544
  thr=0.15 | P=0.98 | R=1.00 | F1=0.99 | TP=544
  thr=0.20 | P=0.98 | R=1.00 | F1=0.99 | TP=544
  thr=0.25 | P=0.98 | R=1.00 | F1=0.99 | TP=544
  thr=0.30 | P=0.98 | R=0.99 | F1=0.99 | TP=543
  thr=0.50 | P=0.98 | R=0.99 | F1=0.99 | TP=541
2026-01-20 15:44:15,852 | INFO | val time bin [0.0h, 8.0h): samples=180 | accuracy:0.922 | precision:0.898 | recall:0.940 | f1:0.919 | auc:0.987
2026-01-20 15:44:15,856 | INFO | val time bin [8.0h, 12.0h): samples=96 | accuracy:1.000 | precision:1.000 | recall:1.000 | f1:1.000 | auc:1.000
2026-01-20 15:44:15,861 | INFO | val time bin [12.0h, 16.0h): samples=96 | accuracy:0.990 | precision:0.980 | recall:1.000 | f1:0.990 | auc:1.000
2026-01-20 15:44:15,866 | INFO | val time bin [16.0h, 24.0h): samples=192 | accuracy:1.000 | precision:1.000 | recall:1.000 | f1:1.000 | auc:1.000
2026-01-20 15:44:15,871 | INFO | val time bin [24.0h, 32.0h): samples=192 | accuracy:1.000 | precision:1.000 | recall:1.000 | f1:1.000 | auc:1.000
2026-01-20 15:44:15,871 | INFO | val: accuracy:0.9864 | precision:0.9819 | recall:0.9908 | f1:0.9863 | auc:0.9991 | loss:0.0534
2026-01-20 15:44:15,871 | INFO | Fold 1/5 - Epoch 50/100
2026-01-20 15:46:15,371 | INFO | train loss: 0.0000
2026-01-20 15:46:53,250 | INFO | val threshold sweep:
  thr=0.10 | P=0.97 | R=1.00 | F1=0.99 | TP=544
  thr=0.15 | P=0.98 | R=1.00 | F1=0.99 | TP=544
  thr=0.20 | P=0.98 | R=1.00 | F1=0.99 | TP=544
  thr=0.25 | P=0.98 | R=1.00 | F1=0.99 | TP=544
  thr=0.30 | P=0.98 | R=0.99 | F1=0.99 | TP=543
  thr=0.50 | P=0.98 | R=0.99 | F1=0.99 | TP=541
2026-01-20 15:46:53,256 | INFO | val time bin [0.0h, 8.0h): samples=180 | accuracy:0.922 | precision:0.898 | recall:0.940 | f1:0.919 | auc:0.988
2026-01-20 15:46:53,261 | INFO | val time bin [8.0h, 12.0h): samples=96 | accuracy:1.000 | precision:1.000 | recall:1.000 | f1:1.000 | auc:1.000
2026-01-20 15:46:53,266 | INFO | val time bin [12.0h, 16.0h): samples=96 | accuracy:0.990 | precision:0.980 | recall:1.000 | f1:0.990 | auc:1.000
2026-01-20 15:46:53,270 | INFO | val time bin [16.0h, 24.0h): samples=192 | accuracy:1.000 | precision:1.000 | recall:1.000 | f1:1.000 | auc:1.000
2026-01-20 15:46:53,275 | INFO | val time bin [24.0h, 32.0h): samples=192 | accuracy:1.000 | precision:1.000 | recall:1.000 | f1:1.000 | auc:1.000
2026-01-20 15:46:53,275 | INFO | val: accuracy:0.9864 | precision:0.9819 | recall:0.9908 | f1:0.9863 | auc:0.9995 | loss:0.0498
2026-01-20 15:46:53,276 | INFO | Fold 1/5 - Epoch 51/100
2026-01-20 15:48:52,767 | INFO | train loss: 0.0000
2026-01-20 15:49:30,808 | INFO | val threshold sweep:
  thr=0.10 | P=0.97 | R=1.00 | F1=0.98 | TP=545
  thr=0.15 | P=0.97 | R=1.00 | F1=0.98 | TP=544
  thr=0.20 | P=0.98 | R=1.00 | F1=0.99 | TP=544
  thr=0.25 | P=0.98 | R=1.00 | F1=0.99 | TP=544
  thr=0.30 | P=0.98 | R=1.00 | F1=0.99 | TP=544
  thr=0.50 | P=0.98 | R=0.99 | F1=0.99 | TP=543
2026-01-20 15:49:30,813 | INFO | val time bin [0.0h, 8.0h): samples=180 | accuracy:0.928 | precision:0.890 | recall:0.964 | f1:0.926 | auc:0.989
2026-01-20 15:49:30,818 | INFO | val time bin [8.0h, 12.0h): samples=96 | accuracy:1.000 | precision:1.000 | recall:1.000 | f1:1.000 | auc:1.000
2026-01-20 15:49:30,823 | INFO | val time bin [12.0h, 16.0h): samples=96 | accuracy:0.990 | precision:0.980 | recall:1.000 | f1:0.990 | auc:1.000
2026-01-20 15:49:30,828 | INFO | val time bin [16.0h, 24.0h): samples=192 | accuracy:1.000 | precision:1.000 | recall:1.000 | f1:1.000 | auc:1.000
2026-01-20 15:49:30,833 | INFO | val time bin [24.0h, 32.0h): samples=192 | accuracy:1.000 | precision:1.000 | recall:1.000 | f1:1.000 | auc:1.000
2026-01-20 15:49:30,833 | INFO | val: accuracy:0.9873 | precision:0.9801 | recall:0.9945 | f1:0.9873 | auc:0.9993 | loss:0.0507
2026-01-20 15:49:30,833 | INFO | Fold 1/5 - Epoch 52/100
2026-01-20 15:51:31,851 | INFO | train loss: 0.0000
2026-01-20 15:52:11,267 | INFO | val threshold sweep:
  thr=0.10 | P=0.97 | R=1.00 | F1=0.99 | TP=544
  thr=0.15 | P=0.98 | R=1.00 | F1=0.99 | TP=544
  thr=0.20 | P=0.98 | R=1.00 | F1=0.99 | TP=544
  thr=0.25 | P=0.98 | R=0.99 | F1=0.99 | TP=542
  thr=0.30 | P=0.98 | R=0.99 | F1=0.99 | TP=542
  thr=0.50 | P=0.99 | R=0.99 | F1=0.99 | TP=541
2026-01-20 15:52:11,272 | INFO | val time bin [0.0h, 8.0h): samples=180 | accuracy:0.928 | precision:0.908 | recall:0.940 | f1:0.924 | auc:0.988
2026-01-20 15:52:11,277 | INFO | val time bin [8.0h, 12.0h): samples=96 | accuracy:1.000 | precision:1.000 | recall:1.000 | f1:1.000 | auc:1.000
2026-01-20 15:52:11,282 | INFO | val time bin [12.0h, 16.0h): samples=96 | accuracy:1.000 | precision:1.000 | recall:1.000 | f1:1.000 | auc:1.000
2026-01-20 15:52:11,287 | INFO | val time bin [16.0h, 24.0h): samples=192 | accuracy:1.000 | precision:1.000 | recall:1.000 | f1:1.000 | auc:1.000
2026-01-20 15:52:11,292 | INFO | val time bin [24.0h, 32.0h): samples=192 | accuracy:1.000 | precision:1.000 | recall:1.000 | f1:1.000 | auc:1.000
2026-01-20 15:52:11,292 | INFO | val: accuracy:0.9882 | precision:0.9854 | recall:0.9908 | f1:0.9881 | auc:0.9996 | loss:0.0436
2026-01-20 15:52:11,292 | INFO | Fold 1/5 - Epoch 53/100
2026-01-20 15:54:10,503 | INFO | train loss: 0.0001
2026-01-20 15:54:49,046 | INFO | val threshold sweep:
  thr=0.10 | P=0.97 | R=1.00 | F1=0.99 | TP=544
  thr=0.15 | P=0.98 | R=1.00 | F1=0.99 | TP=544
  thr=0.20 | P=0.98 | R=1.00 | F1=0.99 | TP=544
  thr=0.25 | P=0.98 | R=1.00 | F1=0.99 | TP=544
  thr=0.30 | P=0.98 | R=0.99 | F1=0.99 | TP=543
  thr=0.50 | P=0.99 | R=0.99 | F1=0.99 | TP=541
2026-01-20 15:54:49,052 | INFO | val time bin [0.0h, 8.0h): samples=180 | accuracy:0.928 | precision:0.908 | recall:0.940 | f1:0.924 | auc:0.990
2026-01-20 15:54:49,057 | INFO | val time bin [8.0h, 12.0h): samples=96 | accuracy:1.000 | precision:1.000 | recall:1.000 | f1:1.000 | auc:1.000
2026-01-20 15:54:49,061 | INFO | val time bin [12.0h, 16.0h): samples=96 | accuracy:1.000 | precision:1.000 | recall:1.000 | f1:1.000 | auc:1.000
2026-01-20 15:54:49,066 | INFO | val time bin [16.0h, 24.0h): samples=192 | accuracy:1.000 | precision:1.000 | recall:1.000 | f1:1.000 | auc:1.000
2026-01-20 15:54:49,071 | INFO | val time bin [24.0h, 32.0h): samples=192 | accuracy:1.000 | precision:1.000 | recall:1.000 | f1:1.000 | auc:1.000
2026-01-20 15:54:49,071 | INFO | val: accuracy:0.9882 | precision:0.9854 | recall:0.9908 | f1:0.9881 | auc:0.9996 | loss:0.0411
2026-01-20 15:54:49,072 | INFO | Fold 1/5 - Epoch 54/100
2026-01-20 15:56:48,786 | INFO | train loss: 0.0000
2026-01-20 15:57:27,980 | INFO | val threshold sweep:
  thr=0.10 | P=0.97 | R=1.00 | F1=0.99 | TP=544
  thr=0.15 | P=0.98 | R=1.00 | F1=0.99 | TP=544
  thr=0.20 | P=0.98 | R=0.99 | F1=0.99 | TP=543
  thr=0.25 | P=0.98 | R=0.99 | F1=0.99 | TP=543
  thr=0.30 | P=0.98 | R=0.99 | F1=0.99 | TP=543
  thr=0.50 | P=0.99 | R=0.99 | F1=0.99 | TP=541
2026-01-20 15:57:27,985 | INFO | val time bin [0.0h, 8.0h): samples=180 | accuracy:0.928 | precision:0.908 | recall:0.940 | f1:0.924 | auc:0.988
2026-01-20 15:57:27,990 | INFO | val time bin [8.0h, 12.0h): samples=96 | accuracy:1.000 | precision:1.000 | recall:1.000 | f1:1.000 | auc:1.000
2026-01-20 15:57:27,995 | INFO | val time bin [12.0h, 16.0h): samples=96 | accuracy:1.000 | precision:1.000 | recall:1.000 | f1:1.000 | auc:1.000
2026-01-20 15:57:28,000 | INFO | val time bin [16.0h, 24.0h): samples=192 | accuracy:1.000 | precision:1.000 | recall:1.000 | f1:1.000 | auc:1.000
2026-01-20 15:57:28,005 | INFO | val time bin [24.0h, 32.0h): samples=192 | accuracy:1.000 | precision:1.000 | recall:1.000 | f1:1.000 | auc:1.000
2026-01-20 15:57:28,005 | INFO | val: accuracy:0.9882 | precision:0.9854 | recall:0.9908 | f1:0.9881 | auc:0.9995 | loss:0.0460
2026-01-20 15:57:28,005 | INFO | Fold 1/5 - Epoch 55/100
2026-01-20 15:59:24,693 | INFO | train loss: 0.0000
2026-01-20 16:00:03,720 | INFO | val threshold sweep:
  thr=0.10 | P=0.97 | R=1.00 | F1=0.99 | TP=545
  thr=0.15 | P=0.98 | R=1.00 | F1=0.99 | TP=544
  thr=0.20 | P=0.98 | R=1.00 | F1=0.99 | TP=544
  thr=0.25 | P=0.98 | R=1.00 | F1=0.99 | TP=544
  thr=0.30 | P=0.98 | R=0.99 | F1=0.99 | TP=543
  thr=0.50 | P=0.99 | R=0.99 | F1=0.99 | TP=542
2026-01-20 16:00:03,725 | INFO | val time bin [0.0h, 8.0h): samples=180 | accuracy:0.939 | precision:0.920 | recall:0.952 | f1:0.936 | auc:0.990
2026-01-20 16:00:03,730 | INFO | val time bin [8.0h, 12.0h): samples=96 | accuracy:1.000 | precision:1.000 | recall:1.000 | f1:1.000 | auc:1.000
2026-01-20 16:00:03,735 | INFO | val time bin [12.0h, 16.0h): samples=96 | accuracy:1.000 | precision:1.000 | recall:1.000 | f1:1.000 | auc:1.000
2026-01-20 16:00:03,740 | INFO | val time bin [16.0h, 24.0h): samples=192 | accuracy:1.000 | precision:1.000 | recall:1.000 | f1:1.000 | auc:1.000
2026-01-20 16:00:03,745 | INFO | val time bin [24.0h, 32.0h): samples=192 | accuracy:1.000 | precision:1.000 | recall:1.000 | f1:1.000 | auc:1.000
2026-01-20 16:00:03,745 | INFO | val: accuracy:0.9900 | precision:0.9872 | recall:0.9927 | f1:0.9900 | auc:0.9996 | loss:0.0420
2026-01-20 16:00:03,745 | INFO | Fold 1/5 - Epoch 56/100
2026-01-20 16:02:01,088 | INFO | train loss: 0.0000
2026-01-20 16:02:39,127 | INFO | val threshold sweep:
  thr=0.10 | P=0.98 | R=1.00 | F1=0.99 | TP=545
  thr=0.15 | P=0.98 | R=1.00 | F1=0.99 | TP=544
  thr=0.20 | P=0.98 | R=1.00 | F1=0.99 | TP=544
  thr=0.25 | P=0.98 | R=1.00 | F1=0.99 | TP=544
  thr=0.30 | P=0.98 | R=1.00 | F1=0.99 | TP=544
  thr=0.50 | P=0.99 | R=0.99 | F1=0.99 | TP=542
2026-01-20 16:02:39,132 | INFO | val time bin [0.0h, 8.0h): samples=180 | accuracy:0.939 | precision:0.920 | recall:0.952 | f1:0.936 | auc:0.990
2026-01-20 16:02:39,137 | INFO | val time bin [8.0h, 12.0h): samples=96 | accuracy:1.000 | precision:1.000 | recall:1.000 | f1:1.000 | auc:1.000
2026-01-20 16:02:39,142 | INFO | val time bin [12.0h, 16.0h): samples=96 | accuracy:1.000 | precision:1.000 | recall:1.000 | f1:1.000 | auc:1.000
2026-01-20 16:02:39,147 | INFO | val time bin [16.0h, 24.0h): samples=192 | accuracy:1.000 | precision:1.000 | recall:1.000 | f1:1.000 | auc:1.000
2026-01-20 16:02:39,151 | INFO | val time bin [24.0h, 32.0h): samples=192 | accuracy:1.000 | precision:1.000 | recall:1.000 | f1:1.000 | auc:1.000
2026-01-20 16:02:39,152 | INFO | val: accuracy:0.9900 | precision:0.9872 | recall:0.9927 | f1:0.9900 | auc:0.9996 | loss:0.0416
2026-01-20 16:02:39,152 | INFO | Fold 1/5 - Epoch 57/100
2026-01-20 16:04:40,386 | INFO | train loss: 0.0000
2026-01-20 16:05:18,717 | INFO | val threshold sweep:
  thr=0.10 | P=0.97 | R=1.00 | F1=0.98 | TP=545
  thr=0.15 | P=0.98 | R=1.00 | F1=0.99 | TP=544
  thr=0.20 | P=0.98 | R=1.00 | F1=0.99 | TP=544
  thr=0.25 | P=0.98 | R=1.00 | F1=0.99 | TP=544
  thr=0.30 | P=0.98 | R=0.99 | F1=0.99 | TP=543
  thr=0.50 | P=0.99 | R=0.99 | F1=0.99 | TP=542
2026-01-20 16:05:18,723 | INFO | val time bin [0.0h, 8.0h): samples=180 | accuracy:0.933 | precision:0.909 | recall:0.952 | f1:0.930 | auc:0.989
2026-01-20 16:05:18,727 | INFO | val time bin [8.0h, 12.0h): samples=96 | accuracy:1.000 | precision:1.000 | recall:1.000 | f1:1.000 | auc:1.000
2026-01-20 16:05:18,732 | INFO | val time bin [12.0h, 16.0h): samples=96 | accuracy:1.000 | precision:1.000 | recall:1.000 | f1:1.000 | auc:1.000
2026-01-20 16:05:18,737 | INFO | val time bin [16.0h, 24.0h): samples=192 | accuracy:1.000 | precision:1.000 | recall:1.000 | f1:1.000 | auc:1.000
2026-01-20 16:05:18,742 | INFO | val time bin [24.0h, 32.0h): samples=192 | accuracy:1.000 | precision:1.000 | recall:1.000 | f1:1.000 | auc:1.000
2026-01-20 16:05:18,742 | INFO | val: accuracy:0.9891 | precision:0.9855 | recall:0.9927 | f1:0.9891 | auc:0.9996 | loss:0.0466
2026-01-20 16:05:18,742 | INFO | Fold 1/5 - Epoch 58/100
2026-01-20 16:07:19,713 | INFO | train loss: 0.0001
2026-01-20 16:07:59,207 | INFO | val threshold sweep:
  thr=0.10 | P=0.97 | R=1.00 | F1=0.98 | TP=545
  thr=0.15 | P=0.97 | R=1.00 | F1=0.99 | TP=545
  thr=0.20 | P=0.98 | R=1.00 | F1=0.99 | TP=544
  thr=0.25 | P=0.98 | R=1.00 | F1=0.99 | TP=544
  thr=0.30 | P=0.98 | R=0.99 | F1=0.99 | TP=543
  thr=0.50 | P=0.99 | R=0.99 | F1=0.99 | TP=543
2026-01-20 16:07:59,212 | INFO | val time bin [0.0h, 8.0h): samples=180 | accuracy:0.939 | precision:0.910 | recall:0.964 | f1:0.936 | auc:0.989
2026-01-20 16:07:59,217 | INFO | val time bin [8.0h, 12.0h): samples=96 | accuracy:1.000 | precision:1.000 | recall:1.000 | f1:1.000 | auc:1.000
2026-01-20 16:07:59,222 | INFO | val time bin [12.0h, 16.0h): samples=96 | accuracy:1.000 | precision:1.000 | recall:1.000 | f1:1.000 | auc:1.000
2026-01-20 16:07:59,227 | INFO | val time bin [16.0h, 24.0h): samples=192 | accuracy:1.000 | precision:1.000 | recall:1.000 | f1:1.000 | auc:1.000
2026-01-20 16:07:59,232 | INFO | val time bin [24.0h, 32.0h): samples=192 | accuracy:1.000 | precision:1.000 | recall:1.000 | f1:1.000 | auc:1.000
2026-01-20 16:07:59,232 | INFO | val: accuracy:0.9900 | precision:0.9855 | recall:0.9945 | f1:0.9900 | auc:0.9995 | loss:0.0488
2026-01-20 16:07:59,232 | INFO | Fold 1/5 - Epoch 59/100
2026-01-20 16:09:59,538 | INFO | train loss: 0.0000
2026-01-20 16:10:37,684 | INFO | val threshold sweep:
  thr=0.10 | P=0.97 | R=1.00 | F1=0.98 | TP=545
  thr=0.15 | P=0.97 | R=1.00 | F1=0.99 | TP=545
  thr=0.20 | P=0.97 | R=1.00 | F1=0.99 | TP=545
  thr=0.25 | P=0.98 | R=1.00 | F1=0.99 | TP=545
  thr=0.30 | P=0.98 | R=1.00 | F1=0.99 | TP=544
  thr=0.50 | P=0.98 | R=0.99 | F1=0.99 | TP=543
2026-01-20 16:10:37,689 | INFO | val time bin [0.0h, 8.0h): samples=180 | accuracy:0.933 | precision:0.900 | recall:0.964 | f1:0.931 | auc:0.990
2026-01-20 16:10:37,694 | INFO | val time bin [8.0h, 12.0h): samples=96 | accuracy:1.000 | precision:1.000 | recall:1.000 | f1:1.000 | auc:1.000
2026-01-20 16:10:37,699 | INFO | val time bin [12.0h, 16.0h): samples=96 | accuracy:1.000 | precision:1.000 | recall:1.000 | f1:1.000 | auc:1.000
2026-01-20 16:10:37,704 | INFO | val time bin [16.0h, 24.0h): samples=192 | accuracy:1.000 | precision:1.000 | recall:1.000 | f1:1.000 | auc:1.000
2026-01-20 16:10:37,709 | INFO | val time bin [24.0h, 32.0h): samples=192 | accuracy:1.000 | precision:1.000 | recall:1.000 | f1:1.000 | auc:1.000
2026-01-20 16:10:37,709 | INFO | val: accuracy:0.9891 | precision:0.9837 | recall:0.9945 | f1:0.9891 | auc:0.9996 | loss:0.0487
2026-01-20 16:10:37,709 | INFO | Fold 1/5 - Epoch 60/100
2026-01-20 16:12:36,956 | INFO | train loss: 0.0000
2026-01-20 16:13:16,835 | INFO | val threshold sweep:
  thr=0.10 | P=0.97 | R=1.00 | F1=0.99 | TP=544
  thr=0.15 | P=0.97 | R=0.99 | F1=0.98 | TP=543
  thr=0.20 | P=0.98 | R=0.99 | F1=0.99 | TP=543
  thr=0.25 | P=0.98 | R=0.99 | F1=0.99 | TP=543
  thr=0.30 | P=0.98 | R=0.99 | F1=0.99 | TP=543
  thr=0.50 | P=0.98 | R=0.99 | F1=0.99 | TP=541
2026-01-20 16:13:16,840 | INFO | val time bin [0.0h, 8.0h): samples=180 | accuracy:0.922 | precision:0.898 | recall:0.940 | f1:0.919 | auc:0.987
2026-01-20 16:13:16,845 | INFO | val time bin [8.0h, 12.0h): samples=96 | accuracy:1.000 | precision:1.000 | recall:1.000 | f1:1.000 | auc:1.000
2026-01-20 16:13:16,850 | INFO | val time bin [12.0h, 16.0h): samples=96 | accuracy:1.000 | precision:1.000 | recall:1.000 | f1:1.000 | auc:1.000
2026-01-20 16:13:16,854 | INFO | val time bin [16.0h, 24.0h): samples=192 | accuracy:1.000 | precision:1.000 | recall:1.000 | f1:1.000 | auc:1.000
2026-01-20 16:13:16,859 | INFO | val time bin [24.0h, 32.0h): samples=192 | accuracy:1.000 | precision:1.000 | recall:1.000 | f1:1.000 | auc:1.000
2026-01-20 16:13:16,859 | INFO | val: accuracy:0.9873 | precision:0.9836 | recall:0.9908 | f1:0.9872 | auc:0.9995 | loss:0.0498
2026-01-20 16:13:16,859 | INFO | Fold 1/5 - Epoch 61/100
2026-01-20 16:15:16,675 | INFO | train loss: 0.0000
2026-01-20 16:15:55,930 | INFO | val threshold sweep:
  thr=0.10 | P=0.97 | R=1.00 | F1=0.99 | TP=545
  thr=0.15 | P=0.98 | R=1.00 | F1=0.99 | TP=544
  thr=0.20 | P=0.98 | R=0.99 | F1=0.99 | TP=543
  thr=0.25 | P=0.98 | R=0.99 | F1=0.99 | TP=543
  thr=0.30 | P=0.98 | R=0.99 | F1=0.99 | TP=543
  thr=0.50 | P=0.99 | R=0.99 | F1=0.99 | TP=543
2026-01-20 16:15:55,935 | INFO | val time bin [0.0h, 8.0h): samples=180 | accuracy:0.944 | precision:0.920 | recall:0.964 | f1:0.942 | auc:0.989
2026-01-20 16:15:55,940 | INFO | val time bin [8.0h, 12.0h): samples=96 | accuracy:1.000 | precision:1.000 | recall:1.000 | f1:1.000 | auc:1.000
2026-01-20 16:15:55,945 | INFO | val time bin [12.0h, 16.0h): samples=96 | accuracy:1.000 | precision:1.000 | recall:1.000 | f1:1.000 | auc:1.000
2026-01-20 16:15:55,950 | INFO | val time bin [16.0h, 24.0h): samples=192 | accuracy:1.000 | precision:1.000 | recall:1.000 | f1:1.000 | auc:1.000
2026-01-20 16:15:55,955 | INFO | val time bin [24.0h, 32.0h): samples=192 | accuracy:1.000 | precision:1.000 | recall:1.000 | f1:1.000 | auc:1.000
2026-01-20 16:15:55,955 | INFO | val: accuracy:0.9909 | precision:0.9873 | recall:0.9945 | f1:0.9909 | auc:0.9996 | loss:0.0476
2026-01-20 16:15:55,955 | INFO | Fold 1/5 - Epoch 62/100
2026-01-20 16:17:53,624 | INFO | train loss: 0.0000
2026-01-20 16:18:33,365 | INFO | val threshold sweep:
  thr=0.10 | P=0.97 | R=1.00 | F1=0.99 | TP=545
  thr=0.15 | P=0.97 | R=1.00 | F1=0.99 | TP=545
  thr=0.20 | P=0.98 | R=1.00 | F1=0.99 | TP=544
  thr=0.25 | P=0.98 | R=1.00 | F1=0.99 | TP=544
  thr=0.30 | P=0.98 | R=0.99 | F1=0.99 | TP=543
  thr=0.50 | P=0.99 | R=0.99 | F1=0.99 | TP=543
2026-01-20 16:18:33,371 | INFO | val time bin [0.0h, 8.0h): samples=180 | accuracy:0.939 | precision:0.910 | recall:0.964 | f1:0.936 | auc:0.990
2026-01-20 16:18:33,376 | INFO | val time bin [8.0h, 12.0h): samples=96 | accuracy:1.000 | precision:1.000 | recall:1.000 | f1:1.000 | auc:1.000
2026-01-20 16:18:33,381 | INFO | val time bin [12.0h, 16.0h): samples=96 | accuracy:1.000 | precision:1.000 | recall:1.000 | f1:1.000 | auc:1.000
2026-01-20 16:18:33,386 | INFO | val time bin [16.0h, 24.0h): samples=192 | accuracy:1.000 | precision:1.000 | recall:1.000 | f1:1.000 | auc:1.000
2026-01-20 16:18:33,391 | INFO | val time bin [24.0h, 32.0h): samples=192 | accuracy:1.000 | precision:1.000 | recall:1.000 | f1:1.000 | auc:1.000
2026-01-20 16:18:33,391 | INFO | val: accuracy:0.9900 | precision:0.9855 | recall:0.9945 | f1:0.9900 | auc:0.9996 | loss:0.0460
2026-01-20 16:18:33,391 | INFO | Fold 1/5 - Epoch 63/100
2026-01-20 16:20:30,895 | INFO | train loss: 0.0000
2026-01-20 16:21:09,220 | INFO | val threshold sweep:
  thr=0.10 | P=0.97 | R=1.00 | F1=0.99 | TP=544
  thr=0.15 | P=0.97 | R=1.00 | F1=0.99 | TP=544
  thr=0.20 | P=0.97 | R=0.99 | F1=0.98 | TP=543
  thr=0.25 | P=0.97 | R=0.99 | F1=0.98 | TP=543
  thr=0.30 | P=0.98 | R=0.99 | F1=0.99 | TP=543
  thr=0.50 | P=0.98 | R=0.99 | F1=0.99 | TP=543
2026-01-20 16:21:09,225 | INFO | val time bin [0.0h, 8.0h): samples=180 | accuracy:0.928 | precision:0.890 | recall:0.964 | f1:0.926 | auc:0.985
2026-01-20 16:21:09,230 | INFO | val time bin [8.0h, 12.0h): samples=96 | accuracy:1.000 | precision:1.000 | recall:1.000 | f1:1.000 | auc:1.000
2026-01-20 16:21:09,235 | INFO | val time bin [12.0h, 16.0h): samples=96 | accuracy:1.000 | precision:1.000 | recall:1.000 | f1:1.000 | auc:1.000
2026-01-20 16:21:09,240 | INFO | val time bin [16.0h, 24.0h): samples=192 | accuracy:1.000 | precision:1.000 | recall:1.000 | f1:1.000 | auc:1.000
2026-01-20 16:21:09,245 | INFO | val time bin [24.0h, 32.0h): samples=192 | accuracy:1.000 | precision:1.000 | recall:1.000 | f1:1.000 | auc:1.000
2026-01-20 16:21:09,245 | INFO | val: accuracy:0.9882 | precision:0.9819 | recall:0.9945 | f1:0.9882 | auc:0.9994 | loss:0.0572
2026-01-20 16:21:09,245 | INFO | Fold 1/5 - Epoch 64/100
2026-01-20 16:23:10,537 | INFO | train loss: 0.0001
2026-01-20 16:23:48,654 | INFO | val threshold sweep:
  thr=0.10 | P=0.97 | R=1.00 | F1=0.98 | TP=544
  thr=0.15 | P=0.97 | R=0.99 | F1=0.98 | TP=543
  thr=0.20 | P=0.97 | R=0.99 | F1=0.98 | TP=543
  thr=0.25 | P=0.97 | R=0.99 | F1=0.98 | TP=543
  thr=0.30 | P=0.97 | R=0.99 | F1=0.98 | TP=543
  thr=0.50 | P=0.98 | R=0.99 | F1=0.99 | TP=541
2026-01-20 16:23:48,659 | INFO | val time bin [0.0h, 8.0h): samples=180 | accuracy:0.917 | precision:0.888 | recall:0.940 | f1:0.913 | auc:0.986
2026-01-20 16:23:48,664 | INFO | val time bin [8.0h, 12.0h): samples=96 | accuracy:1.000 | precision:1.000 | recall:1.000 | f1:1.000 | auc:1.000
2026-01-20 16:23:48,669 | INFO | val time bin [12.0h, 16.0h): samples=96 | accuracy:0.990 | precision:0.980 | recall:1.000 | f1:0.990 | auc:1.000
2026-01-20 16:23:48,674 | INFO | val time bin [16.0h, 24.0h): samples=192 | accuracy:1.000 | precision:1.000 | recall:1.000 | f1:1.000 | auc:1.000
2026-01-20 16:23:48,679 | INFO | val time bin [24.0h, 32.0h): samples=192 | accuracy:1.000 | precision:1.000 | recall:1.000 | f1:1.000 | auc:1.000
2026-01-20 16:23:48,679 | INFO | val: accuracy:0.9855 | precision:0.9801 | recall:0.9908 | f1:0.9854 | auc:0.9994 | loss:0.0550
2026-01-20 16:23:48,679 | INFO | Fold 1/5 - Epoch 65/100
2026-01-20 16:25:47,816 | INFO | train loss: 0.0001
2026-01-20 16:26:26,473 | INFO | val threshold sweep:
  thr=0.10 | P=0.97 | R=1.00 | F1=0.98 | TP=545
  thr=0.15 | P=0.97 | R=1.00 | F1=0.98 | TP=544
  thr=0.20 | P=0.97 | R=1.00 | F1=0.99 | TP=544
  thr=0.25 | P=0.98 | R=1.00 | F1=0.99 | TP=544
  thr=0.30 | P=0.98 | R=1.00 | F1=0.99 | TP=544
  thr=0.50 | P=0.98 | R=0.99 | F1=0.99 | TP=543
2026-01-20 16:26:26,478 | INFO | val time bin [0.0h, 8.0h): samples=180 | accuracy:0.933 | precision:0.900 | recall:0.964 | f1:0.931 | auc:0.989
2026-01-20 16:26:26,483 | INFO | val time bin [8.0h, 12.0h): samples=96 | accuracy:1.000 | precision:1.000 | recall:1.000 | f1:1.000 | auc:1.000
2026-01-20 16:26:26,488 | INFO | val time bin [12.0h, 16.0h): samples=96 | accuracy:1.000 | precision:1.000 | recall:1.000 | f1:1.000 | auc:1.000
2026-01-20 16:26:26,493 | INFO | val time bin [16.0h, 24.0h): samples=192 | accuracy:1.000 | precision:1.000 | recall:1.000 | f1:1.000 | auc:1.000
2026-01-20 16:26:26,498 | INFO | val time bin [24.0h, 32.0h): samples=192 | accuracy:1.000 | precision:1.000 | recall:1.000 | f1:1.000 | auc:1.000
2026-01-20 16:26:26,498 | INFO | val: accuracy:0.9891 | precision:0.9837 | recall:0.9945 | f1:0.9891 | auc:0.9996 | loss:0.0473
2026-01-20 16:26:26,498 | INFO | Fold 1/5 - Epoch 66/100
2026-01-20 16:28:28,271 | INFO | train loss: 0.0000
2026-01-20 16:29:06,924 | INFO | val threshold sweep:
  thr=0.10 | P=0.97 | R=1.00 | F1=0.99 | TP=545
  thr=0.15 | P=0.98 | R=1.00 | F1=0.99 | TP=545
  thr=0.20 | P=0.98 | R=1.00 | F1=0.99 | TP=545
  thr=0.25 | P=0.98 | R=1.00 | F1=0.99 | TP=545
  thr=0.30 | P=0.98 | R=1.00 | F1=0.99 | TP=544
  thr=0.50 | P=0.99 | R=1.00 | F1=0.99 | TP=544
2026-01-20 16:29:06,929 | INFO | val time bin [0.0h, 8.0h): samples=180 | accuracy:0.950 | precision:0.921 | recall:0.976 | f1:0.948 | auc:0.991
2026-01-20 16:29:06,934 | INFO | val time bin [8.0h, 12.0h): samples=96 | accuracy:1.000 | precision:1.000 | recall:1.000 | f1:1.000 | auc:1.000
2026-01-20 16:29:06,939 | INFO | val time bin [12.0h, 16.0h): samples=96 | accuracy:1.000 | precision:1.000 | recall:1.000 | f1:1.000 | auc:1.000
2026-01-20 16:29:06,944 | INFO | val time bin [16.0h, 24.0h): samples=192 | accuracy:1.000 | precision:1.000 | recall:1.000 | f1:1.000 | auc:1.000
2026-01-20 16:29:06,948 | INFO | val time bin [24.0h, 32.0h): samples=192 | accuracy:1.000 | precision:1.000 | recall:1.000 | f1:1.000 | auc:1.000
2026-01-20 16:29:06,949 | INFO | val: accuracy:0.9918 | precision:0.9873 | recall:0.9963 | f1:0.9918 | auc:0.9997 | loss:0.0398
2026-01-20 16:29:06,949 | INFO | Fold 1/5 - Epoch 67/100
2026-01-20 16:31:07,914 | INFO | train loss: 0.0001
2026-01-20 16:31:47,113 | INFO | val threshold sweep:
  thr=0.10 | P=0.97 | R=1.00 | F1=0.99 | TP=546
  thr=0.15 | P=0.97 | R=1.00 | F1=0.99 | TP=545
  thr=0.20 | P=0.97 | R=1.00 | F1=0.99 | TP=545
  thr=0.25 | P=0.98 | R=1.00 | F1=0.99 | TP=545
  thr=0.30 | P=0.98 | R=1.00 | F1=0.99 | TP=545
  thr=0.50 | P=0.99 | R=1.00 | F1=0.99 | TP=544
2026-01-20 16:31:47,118 | INFO | val time bin [0.0h, 8.0h): samples=180 | accuracy:0.950 | precision:0.921 | recall:0.976 | f1:0.948 | auc:0.993
2026-01-20 16:31:47,123 | INFO | val time bin [8.0h, 12.0h): samples=96 | accuracy:1.000 | precision:1.000 | recall:1.000 | f1:1.000 | auc:1.000
2026-01-20 16:31:47,128 | INFO | val time bin [12.0h, 16.0h): samples=96 | accuracy:1.000 | precision:1.000 | recall:1.000 | f1:1.000 | auc:1.000
2026-01-20 16:31:47,133 | INFO | val time bin [16.0h, 24.0h): samples=192 | accuracy:1.000 | precision:1.000 | recall:1.000 | f1:1.000 | auc:1.000
2026-01-20 16:31:47,138 | INFO | val time bin [24.0h, 32.0h): samples=192 | accuracy:1.000 | precision:1.000 | recall:1.000 | f1:1.000 | auc:1.000
2026-01-20 16:31:47,138 | INFO | val: accuracy:0.9918 | precision:0.9873 | recall:0.9963 | f1:0.9918 | auc:0.9998 | loss:0.0379
2026-01-20 16:31:47,138 | INFO | Fold 1/5 - Epoch 68/100
2026-01-20 16:33:46,801 | INFO | train loss: 0.0000
2026-01-20 16:34:24,945 | INFO | val threshold sweep:
  thr=0.10 | P=0.97 | R=1.00 | F1=0.98 | TP=545
  thr=0.15 | P=0.97 | R=1.00 | F1=0.99 | TP=545
  thr=0.20 | P=0.97 | R=1.00 | F1=0.99 | TP=545
  thr=0.25 | P=0.98 | R=1.00 | F1=0.99 | TP=545
  thr=0.30 | P=0.98 | R=1.00 | F1=0.99 | TP=544
  thr=0.50 | P=0.99 | R=1.00 | F1=0.99 | TP=544
2026-01-20 16:34:24,950 | INFO | val time bin [0.0h, 8.0h): samples=180 | accuracy:0.950 | precision:0.921 | recall:0.976 | f1:0.948 | auc:0.991
2026-01-20 16:34:24,955 | INFO | val time bin [8.0h, 12.0h): samples=96 | accuracy:1.000 | precision:1.000 | recall:1.000 | f1:1.000 | auc:1.000
2026-01-20 16:34:24,960 | INFO | val time bin [12.0h, 16.0h): samples=96 | accuracy:1.000 | precision:1.000 | recall:1.000 | f1:1.000 | auc:1.000
2026-01-20 16:34:24,965 | INFO | val time bin [16.0h, 24.0h): samples=192 | accuracy:1.000 | precision:1.000 | recall:1.000 | f1:1.000 | auc:1.000
2026-01-20 16:34:24,970 | INFO | val time bin [24.0h, 32.0h): samples=192 | accuracy:1.000 | precision:1.000 | recall:1.000 | f1:1.000 | auc:1.000
2026-01-20 16:34:24,970 | INFO | val: accuracy:0.9918 | precision:0.9873 | recall:0.9963 | f1:0.9918 | auc:0.9997 | loss:0.0390
2026-01-20 16:34:24,970 | INFO | Fold 1/5 - Epoch 69/100
2026-01-20 16:36:20,038 | INFO | train loss: 0.0001
2026-01-20 16:36:58,966 | INFO | val threshold sweep:
  thr=0.10 | P=0.97 | R=1.00 | F1=0.99 | TP=545
  thr=0.15 | P=0.98 | R=1.00 | F1=0.99 | TP=544
  thr=0.20 | P=0.98 | R=1.00 | F1=0.99 | TP=544
  thr=0.25 | P=0.98 | R=1.00 | F1=0.99 | TP=544
  thr=0.30 | P=0.99 | R=1.00 | F1=0.99 | TP=544
  thr=0.50 | P=0.99 | R=0.99 | F1=0.99 | TP=543
2026-01-20 16:36:58,971 | INFO | val time bin [0.0h, 8.0h): samples=180 | accuracy:0.944 | precision:0.920 | recall:0.964 | f1:0.942 | auc:0.991
2026-01-20 16:36:58,976 | INFO | val time bin [8.0h, 12.0h): samples=96 | accuracy:1.000 | precision:1.000 | recall:1.000 | f1:1.000 | auc:1.000
2026-01-20 16:36:58,981 | INFO | val time bin [12.0h, 16.0h): samples=96 | accuracy:1.000 | precision:1.000 | recall:1.000 | f1:1.000 | auc:1.000
2026-01-20 16:36:58,986 | INFO | val time bin [16.0h, 24.0h): samples=192 | accuracy:1.000 | precision:1.000 | recall:1.000 | f1:1.000 | auc:1.000
2026-01-20 16:36:58,991 | INFO | val time bin [24.0h, 32.0h): samples=192 | accuracy:1.000 | precision:1.000 | recall:1.000 | f1:1.000 | auc:1.000
2026-01-20 16:36:58,991 | INFO | val: accuracy:0.9909 | precision:0.9873 | recall:0.9945 | f1:0.9909 | auc:0.9997 | loss:0.0388
2026-01-20 16:36:58,991 | INFO | Fold 1/5 - Epoch 70/100
2026-01-20 16:38:56,788 | INFO | train loss: 0.0001
2026-01-20 16:39:36,370 | INFO | val threshold sweep:
  thr=0.10 | P=0.97 | R=1.00 | F1=0.98 | TP=545
  thr=0.15 | P=0.97 | R=1.00 | F1=0.98 | TP=545
  thr=0.20 | P=0.97 | R=1.00 | F1=0.98 | TP=544
  thr=0.25 | P=0.97 | R=1.00 | F1=0.99 | TP=544
  thr=0.30 | P=0.98 | R=1.00 | F1=0.99 | TP=544
  thr=0.50 | P=0.98 | R=0.99 | F1=0.99 | TP=543
2026-01-20 16:39:36,376 | INFO | val time bin [0.0h, 8.0h): samples=180 | accuracy:0.939 | precision:0.910 | recall:0.964 | f1:0.936 | auc:0.990
2026-01-20 16:39:36,381 | INFO | val time bin [8.0h, 12.0h): samples=96 | accuracy:0.990 | precision:0.980 | recall:1.000 | f1:0.990 | auc:1.000
2026-01-20 16:39:36,385 | INFO | val time bin [12.0h, 16.0h): samples=96 | accuracy:1.000 | precision:1.000 | recall:1.000 | f1:1.000 | auc:1.000
2026-01-20 16:39:36,390 | INFO | val time bin [16.0h, 24.0h): samples=192 | accuracy:1.000 | precision:1.000 | recall:1.000 | f1:1.000 | auc:1.000
2026-01-20 16:39:36,395 | INFO | val time bin [24.0h, 32.0h): samples=192 | accuracy:1.000 | precision:1.000 | recall:1.000 | f1:1.000 | auc:1.000
2026-01-20 16:39:36,395 | INFO | val: accuracy:0.9891 | precision:0.9837 | recall:0.9945 | f1:0.9891 | auc:0.9996 | loss:0.0443
2026-01-20 16:39:36,396 | INFO | Fold 1/5 - Epoch 71/100
2026-01-20 16:41:36,346 | INFO | train loss: 0.0000
2026-01-20 16:42:14,397 | INFO | val threshold sweep:
  thr=0.10 | P=0.97 | R=1.00 | F1=0.98 | TP=545
  thr=0.15 | P=0.97 | R=1.00 | F1=0.98 | TP=544
  thr=0.20 | P=0.97 | R=1.00 | F1=0.98 | TP=544
  thr=0.25 | P=0.97 | R=1.00 | F1=0.99 | TP=544
  thr=0.30 | P=0.97 | R=1.00 | F1=0.99 | TP=544
  thr=0.50 | P=0.98 | R=0.99 | F1=0.99 | TP=543
2026-01-20 16:42:14,402 | INFO | val time bin [0.0h, 8.0h): samples=180 | accuracy:0.939 | precision:0.910 | recall:0.964 | f1:0.936 | auc:0.990
2026-01-20 16:42:14,407 | INFO | val time bin [8.0h, 12.0h): samples=96 | accuracy:0.990 | precision:0.980 | recall:1.000 | f1:0.990 | auc:1.000
2026-01-20 16:42:14,412 | INFO | val time bin [12.0h, 16.0h): samples=96 | accuracy:1.000 | precision:1.000 | recall:1.000 | f1:1.000 | auc:1.000
2026-01-20 16:42:14,417 | INFO | val time bin [16.0h, 24.0h): samples=192 | accuracy:1.000 | precision:1.000 | recall:1.000 | f1:1.000 | auc:1.000
2026-01-20 16:42:14,421 | INFO | val time bin [24.0h, 32.0h): samples=192 | accuracy:1.000 | precision:1.000 | recall:1.000 | f1:1.000 | auc:1.000
2026-01-20 16:42:14,422 | INFO | val: accuracy:0.9891 | precision:0.9837 | recall:0.9945 | f1:0.9891 | auc:0.9996 | loss:0.0455
2026-01-20 16:42:14,422 | INFO | Fold 1/5 - Epoch 72/100
2026-01-20 16:44:14,169 | INFO | train loss: 0.0000
2026-01-20 16:44:52,970 | INFO | val threshold sweep:
  thr=0.10 | P=0.97 | R=1.00 | F1=0.98 | TP=545
  thr=0.15 | P=0.97 | R=1.00 | F1=0.98 | TP=544
  thr=0.20 | P=0.97 | R=1.00 | F1=0.98 | TP=544
  thr=0.25 | P=0.97 | R=1.00 | F1=0.98 | TP=544
  thr=0.30 | P=0.98 | R=1.00 | F1=0.99 | TP=544
  thr=0.50 | P=0.98 | R=0.99 | F1=0.99 | TP=543
2026-01-20 16:44:52,975 | INFO | val time bin [0.0h, 8.0h): samples=180 | accuracy:0.939 | precision:0.910 | recall:0.964 | f1:0.936 | auc:0.990
2026-01-20 16:44:52,980 | INFO | val time bin [8.0h, 12.0h): samples=96 | accuracy:0.990 | precision:0.980 | recall:1.000 | f1:0.990 | auc:1.000
2026-01-20 16:44:52,985 | INFO | val time bin [12.0h, 16.0h): samples=96 | accuracy:1.000 | precision:1.000 | recall:1.000 | f1:1.000 | auc:1.000
2026-01-20 16:44:52,990 | INFO | val time bin [16.0h, 24.0h): samples=192 | accuracy:1.000 | precision:1.000 | recall:1.000 | f1:1.000 | auc:1.000
2026-01-20 16:44:52,995 | INFO | val time bin [24.0h, 32.0h): samples=192 | accuracy:1.000 | precision:1.000 | recall:1.000 | f1:1.000 | auc:1.000
2026-01-20 16:44:52,995 | INFO | val: accuracy:0.9891 | precision:0.9837 | recall:0.9945 | f1:0.9891 | auc:0.9996 | loss:0.0450
2026-01-20 16:44:52,995 | INFO | Fold 1/5 - Epoch 73/100
2026-01-20 16:46:51,657 | INFO | train loss: 0.0000
2026-01-20 16:47:30,785 | INFO | val threshold sweep:
  thr=0.10 | P=0.97 | R=1.00 | F1=0.98 | TP=545
  thr=0.15 | P=0.97 | R=1.00 | F1=0.98 | TP=544
  thr=0.20 | P=0.97 | R=1.00 | F1=0.98 | TP=544
  thr=0.25 | P=0.97 | R=1.00 | F1=0.98 | TP=544
  thr=0.30 | P=0.98 | R=1.00 | F1=0.99 | TP=544
  thr=0.50 | P=0.98 | R=0.99 | F1=0.99 | TP=543
2026-01-20 16:47:30,790 | INFO | val time bin [0.0h, 8.0h): samples=180 | accuracy:0.939 | precision:0.910 | recall:0.964 | f1:0.936 | auc:0.990
2026-01-20 16:47:30,795 | INFO | val time bin [8.0h, 12.0h): samples=96 | accuracy:0.990 | precision:0.980 | recall:1.000 | f1:0.990 | auc:1.000
2026-01-20 16:47:30,800 | INFO | val time bin [12.0h, 16.0h): samples=96 | accuracy:1.000 | precision:1.000 | recall:1.000 | f1:1.000 | auc:1.000
2026-01-20 16:47:30,805 | INFO | val time bin [16.0h, 24.0h): samples=192 | accuracy:1.000 | precision:1.000 | recall:1.000 | f1:1.000 | auc:1.000
2026-01-20 16:47:30,810 | INFO | val time bin [24.0h, 32.0h): samples=192 | accuracy:1.000 | precision:1.000 | recall:1.000 | f1:1.000 | auc:1.000
2026-01-20 16:47:30,810 | INFO | val: accuracy:0.9891 | precision:0.9837 | recall:0.9945 | f1:0.9891 | auc:0.9996 | loss:0.0456
2026-01-20 16:47:30,810 | INFO | Fold 1/5 - Epoch 74/100
2026-01-20 16:49:29,590 | INFO | train loss: 0.0000
2026-01-20 16:50:07,511 | INFO | val threshold sweep:
  thr=0.10 | P=0.97 | R=1.00 | F1=0.98 | TP=545
  thr=0.15 | P=0.97 | R=1.00 | F1=0.98 | TP=544
  thr=0.20 | P=0.98 | R=1.00 | F1=0.99 | TP=544
  thr=0.25 | P=0.98 | R=1.00 | F1=0.99 | TP=544
  thr=0.30 | P=0.98 | R=1.00 | F1=0.99 | TP=544
  thr=0.50 | P=0.99 | R=0.99 | F1=0.99 | TP=543
2026-01-20 16:50:07,517 | INFO | val time bin [0.0h, 8.0h): samples=180 | accuracy:0.944 | precision:0.920 | recall:0.964 | f1:0.942 | auc:0.990
2026-01-20 16:50:07,521 | INFO | val time bin [8.0h, 12.0h): samples=96 | accuracy:1.000 | precision:1.000 | recall:1.000 | f1:1.000 | auc:1.000
2026-01-20 16:50:07,526 | INFO | val time bin [12.0h, 16.0h): samples=96 | accuracy:1.000 | precision:1.000 | recall:1.000 | f1:1.000 | auc:1.000
2026-01-20 16:50:07,531 | INFO | val time bin [16.0h, 24.0h): samples=192 | accuracy:1.000 | precision:1.000 | recall:1.000 | f1:1.000 | auc:1.000
2026-01-20 16:50:07,536 | INFO | val time bin [24.0h, 32.0h): samples=192 | accuracy:1.000 | precision:1.000 | recall:1.000 | f1:1.000 | auc:1.000
2026-01-20 16:50:07,536 | INFO | val: accuracy:0.9909 | precision:0.9873 | recall:0.9945 | f1:0.9909 | auc:0.9997 | loss:0.0428
2026-01-20 16:50:07,536 | INFO | Fold 1/5 - Epoch 75/100
2026-01-20 16:52:07,449 | INFO | train loss: 0.0000
2026-01-20 16:52:45,117 | INFO | val threshold sweep:
  thr=0.10 | P=0.97 | R=1.00 | F1=0.98 | TP=545
  thr=0.15 | P=0.97 | R=1.00 | F1=0.99 | TP=544
  thr=0.20 | P=0.98 | R=1.00 | F1=0.99 | TP=544
  thr=0.25 | P=0.98 | R=1.00 | F1=0.99 | TP=544
  thr=0.30 | P=0.98 | R=1.00 | F1=0.99 | TP=544
  thr=0.50 | P=0.99 | R=0.99 | F1=0.99 | TP=543
2026-01-20 16:52:45,122 | INFO | val time bin [0.0h, 8.0h): samples=180 | accuracy:0.944 | precision:0.920 | recall:0.964 | f1:0.942 | auc:0.990
2026-01-20 16:52:45,127 | INFO | val time bin [8.0h, 12.0h): samples=96 | accuracy:1.000 | precision:1.000 | recall:1.000 | f1:1.000 | auc:1.000
2026-01-20 16:52:45,132 | INFO | val time bin [12.0h, 16.0h): samples=96 | accuracy:1.000 | precision:1.000 | recall:1.000 | f1:1.000 | auc:1.000
2026-01-20 16:52:45,136 | INFO | val time bin [16.0h, 24.0h): samples=192 | accuracy:1.000 | precision:1.000 | recall:1.000 | f1:1.000 | auc:1.000
2026-01-20 16:52:45,141 | INFO | val time bin [24.0h, 32.0h): samples=192 | accuracy:1.000 | precision:1.000 | recall:1.000 | f1:1.000 | auc:1.000
2026-01-20 16:52:45,141 | INFO | val: accuracy:0.9909 | precision:0.9873 | recall:0.9945 | f1:0.9909 | auc:0.9996 | loss:0.0417
2026-01-20 16:52:45,142 | INFO | Fold 1/5 - Epoch 76/100
2026-01-20 16:54:47,065 | INFO | train loss: 0.0000
2026-01-20 16:55:25,690 | INFO | val threshold sweep:
  thr=0.10 | P=0.97 | R=1.00 | F1=0.98 | TP=545
  thr=0.15 | P=0.97 | R=1.00 | F1=0.98 | TP=545
  thr=0.20 | P=0.97 | R=1.00 | F1=0.98 | TP=545
  thr=0.25 | P=0.97 | R=1.00 | F1=0.99 | TP=544
  thr=0.30 | P=0.97 | R=1.00 | F1=0.99 | TP=544
  thr=0.50 | P=0.98 | R=1.00 | F1=0.99 | TP=544
2026-01-20 16:55:25,695 | INFO | val time bin [0.0h, 8.0h): samples=180 | accuracy:0.944 | precision:0.911 | recall:0.976 | f1:0.943 | auc:0.991
2026-01-20 16:55:25,700 | INFO | val time bin [8.0h, 12.0h): samples=96 | accuracy:0.990 | precision:0.980 | recall:1.000 | f1:0.990 | auc:1.000
2026-01-20 16:55:25,705 | INFO | val time bin [12.0h, 16.0h): samples=96 | accuracy:1.000 | precision:1.000 | recall:1.000 | f1:1.000 | auc:1.000
2026-01-20 16:55:25,710 | INFO | val time bin [16.0h, 24.0h): samples=192 | accuracy:1.000 | precision:1.000 | recall:1.000 | f1:1.000 | auc:1.000
2026-01-20 16:55:25,715 | INFO | val time bin [24.0h, 32.0h): samples=192 | accuracy:1.000 | precision:1.000 | recall:1.000 | f1:1.000 | auc:1.000
2026-01-20 16:55:25,715 | INFO | val: accuracy:0.9900 | precision:0.9837 | recall:0.9963 | f1:0.9900 | auc:0.9997 | loss:0.0460
2026-01-20 16:55:25,715 | INFO | Fold 1/5 - Epoch 77/100
2026-01-20 16:57:23,009 | INFO | train loss: 0.0000
2026-01-20 16:58:01,157 | INFO | val threshold sweep:
  thr=0.10 | P=0.97 | R=1.00 | F1=0.98 | TP=545
  thr=0.15 | P=0.97 | R=1.00 | F1=0.98 | TP=544
  thr=0.20 | P=0.97 | R=1.00 | F1=0.99 | TP=544
  thr=0.25 | P=0.97 | R=1.00 | F1=0.99 | TP=544
  thr=0.30 | P=0.98 | R=1.00 | F1=0.99 | TP=544
  thr=0.50 | P=0.98 | R=0.99 | F1=0.99 | TP=543
2026-01-20 16:58:01,162 | INFO | val time bin [0.0h, 8.0h): samples=180 | accuracy:0.933 | precision:0.900 | recall:0.964 | f1:0.931 | auc:0.990
2026-01-20 16:58:01,167 | INFO | val time bin [8.0h, 12.0h): samples=96 | accuracy:0.990 | precision:0.980 | recall:1.000 | f1:0.990 | auc:1.000
2026-01-20 16:58:01,172 | INFO | val time bin [12.0h, 16.0h): samples=96 | accuracy:1.000 | precision:1.000 | recall:1.000 | f1:1.000 | auc:1.000
2026-01-20 16:58:01,177 | INFO | val time bin [16.0h, 24.0h): samples=192 | accuracy:1.000 | precision:1.000 | recall:1.000 | f1:1.000 | auc:1.000
2026-01-20 16:58:01,182 | INFO | val time bin [24.0h, 32.0h): samples=192 | accuracy:1.000 | precision:1.000 | recall:1.000 | f1:1.000 | auc:1.000
2026-01-20 16:58:01,182 | INFO | val: accuracy:0.9882 | precision:0.9819 | recall:0.9945 | f1:0.9882 | auc:0.9996 | loss:0.0482
2026-01-20 16:58:01,182 | INFO | Fold 1/5 - Epoch 78/100
2026-01-20 16:59:57,363 | INFO | train loss: 0.0000
2026-01-20 17:00:36,205 | INFO | val threshold sweep:
  thr=0.10 | P=0.97 | R=1.00 | F1=0.98 | TP=545
  thr=0.15 | P=0.97 | R=1.00 | F1=0.99 | TP=545
  thr=0.20 | P=0.98 | R=1.00 | F1=0.99 | TP=544
  thr=0.25 | P=0.98 | R=1.00 | F1=0.99 | TP=544
  thr=0.30 | P=0.98 | R=1.00 | F1=0.99 | TP=544
  thr=0.50 | P=0.99 | R=0.99 | F1=0.99 | TP=543
2026-01-20 17:00:36,210 | INFO | val time bin [0.0h, 8.0h): samples=180 | accuracy:0.944 | precision:0.920 | recall:0.964 | f1:0.942 | auc:0.991
2026-01-20 17:00:36,215 | INFO | val time bin [8.0h, 12.0h): samples=96 | accuracy:1.000 | precision:1.000 | recall:1.000 | f1:1.000 | auc:1.000
2026-01-20 17:00:36,220 | INFO | val time bin [12.0h, 16.0h): samples=96 | accuracy:1.000 | precision:1.000 | recall:1.000 | f1:1.000 | auc:1.000
2026-01-20 17:00:36,225 | INFO | val time bin [16.0h, 24.0h): samples=192 | accuracy:1.000 | precision:1.000 | recall:1.000 | f1:1.000 | auc:1.000
2026-01-20 17:00:36,230 | INFO | val time bin [24.0h, 32.0h): samples=192 | accuracy:1.000 | precision:1.000 | recall:1.000 | f1:1.000 | auc:1.000
2026-01-20 17:00:36,230 | INFO | val: accuracy:0.9909 | precision:0.9873 | recall:0.9945 | f1:0.9909 | auc:0.9997 | loss:0.0427
2026-01-20 17:00:36,230 | INFO | Fold 1/5 - Epoch 79/100
2026-01-20 17:02:33,535 | INFO | train loss: 0.0000
2026-01-20 17:03:13,154 | INFO | val threshold sweep:
  thr=0.10 | P=0.97 | R=1.00 | F1=0.98 | TP=545
  thr=0.15 | P=0.97 | R=1.00 | F1=0.99 | TP=545
  thr=0.20 | P=0.98 | R=1.00 | F1=0.99 | TP=544
  thr=0.25 | P=0.98 | R=1.00 | F1=0.99 | TP=544
  thr=0.30 | P=0.98 | R=1.00 | F1=0.99 | TP=544
  thr=0.50 | P=0.99 | R=0.99 | F1=0.99 | TP=543
2026-01-20 17:03:13,160 | INFO | val time bin [0.0h, 8.0h): samples=180 | accuracy:0.944 | precision:0.920 | recall:0.964 | f1:0.942 | auc:0.991
2026-01-20 17:03:13,165 | INFO | val time bin [8.0h, 12.0h): samples=96 | accuracy:1.000 | precision:1.000 | recall:1.000 | f1:1.000 | auc:1.000
2026-01-20 17:03:13,170 | INFO | val time bin [12.0h, 16.0h): samples=96 | accuracy:1.000 | precision:1.000 | recall:1.000 | f1:1.000 | auc:1.000
2026-01-20 17:03:13,174 | INFO | val time bin [16.0h, 24.0h): samples=192 | accuracy:1.000 | precision:1.000 | recall:1.000 | f1:1.000 | auc:1.000
2026-01-20 17:03:13,179 | INFO | val time bin [24.0h, 32.0h): samples=192 | accuracy:1.000 | precision:1.000 | recall:1.000 | f1:1.000 | auc:1.000
2026-01-20 17:03:13,180 | INFO | val: accuracy:0.9909 | precision:0.9873 | recall:0.9945 | f1:0.9909 | auc:0.9997 | loss:0.0436
2026-01-20 17:03:13,180 | INFO | Fold 1/5 - Epoch 80/100
2026-01-20 17:05:12,148 | INFO | train loss: 0.0000
2026-01-20 17:05:49,998 | INFO | val threshold sweep:
  thr=0.10 | P=0.98 | R=1.00 | F1=0.99 | TP=545
  thr=0.15 | P=0.98 | R=1.00 | F1=0.99 | TP=544
  thr=0.20 | P=0.98 | R=1.00 | F1=0.99 | TP=544
  thr=0.25 | P=0.99 | R=1.00 | F1=0.99 | TP=544
  thr=0.30 | P=0.99 | R=1.00 | F1=0.99 | TP=544
  thr=0.50 | P=0.99 | R=0.99 | F1=0.99 | TP=543
2026-01-20 17:05:50,003 | INFO | val time bin [0.0h, 8.0h): samples=180 | accuracy:0.944 | precision:0.920 | recall:0.964 | f1:0.942 | auc:0.991
2026-01-20 17:05:50,008 | INFO | val time bin [8.0h, 12.0h): samples=96 | accuracy:1.000 | precision:1.000 | recall:1.000 | f1:1.000 | auc:1.000
2026-01-20 17:05:50,013 | INFO | val time bin [12.0h, 16.0h): samples=96 | accuracy:1.000 | precision:1.000 | recall:1.000 | f1:1.000 | auc:1.000
2026-01-20 17:05:50,018 | INFO | val time bin [16.0h, 24.0h): samples=192 | accuracy:1.000 | precision:1.000 | recall:1.000 | f1:1.000 | auc:1.000
2026-01-20 17:05:50,023 | INFO | val time bin [24.0h, 32.0h): samples=192 | accuracy:1.000 | precision:1.000 | recall:1.000 | f1:1.000 | auc:1.000
2026-01-20 17:05:50,023 | INFO | val: accuracy:0.9909 | precision:0.9873 | recall:0.9945 | f1:0.9909 | auc:0.9997 | loss:0.0391
2026-01-20 17:05:50,023 | INFO | Fold 1/5 - Epoch 81/100
2026-01-20 17:07:44,115 | INFO | train loss: 0.0000
2026-01-20 17:08:22,296 | INFO | val threshold sweep:
  thr=0.10 | P=0.97 | R=1.00 | F1=0.99 | TP=545
  thr=0.15 | P=0.98 | R=1.00 | F1=0.99 | TP=545
  thr=0.20 | P=0.98 | R=1.00 | F1=0.99 | TP=544
  thr=0.25 | P=0.99 | R=1.00 | F1=0.99 | TP=544
  thr=0.30 | P=0.99 | R=1.00 | F1=0.99 | TP=544
  thr=0.50 | P=0.99 | R=0.99 | F1=0.99 | TP=543
2026-01-20 17:08:22,301 | INFO | val time bin [0.0h, 8.0h): samples=180 | accuracy:0.944 | precision:0.920 | recall:0.964 | f1:0.942 | auc:0.991
2026-01-20 17:08:22,306 | INFO | val time bin [8.0h, 12.0h): samples=96 | accuracy:1.000 | precision:1.000 | recall:1.000 | f1:1.000 | auc:1.000
2026-01-20 17:08:22,311 | INFO | val time bin [12.0h, 16.0h): samples=96 | accuracy:1.000 | precision:1.000 | recall:1.000 | f1:1.000 | auc:1.000
2026-01-20 17:08:22,316 | INFO | val time bin [16.0h, 24.0h): samples=192 | accuracy:1.000 | precision:1.000 | recall:1.000 | f1:1.000 | auc:1.000
2026-01-20 17:08:22,321 | INFO | val time bin [24.0h, 32.0h): samples=192 | accuracy:1.000 | precision:1.000 | recall:1.000 | f1:1.000 | auc:1.000
2026-01-20 17:08:22,321 | INFO | val: accuracy:0.9909 | precision:0.9873 | recall:0.9945 | f1:0.9909 | auc:0.9997 | loss:0.0393
2026-01-20 17:08:22,321 | INFO | Fold 1/5 - Epoch 82/100
2026-01-20 17:10:23,523 | INFO | train loss: 0.0000
2026-01-20 17:11:02,819 | INFO | val threshold sweep:
  thr=0.10 | P=0.97 | R=1.00 | F1=0.98 | TP=546
  thr=0.15 | P=0.97 | R=1.00 | F1=0.98 | TP=545
  thr=0.20 | P=0.97 | R=1.00 | F1=0.98 | TP=545
  thr=0.25 | P=0.97 | R=1.00 | F1=0.99 | TP=545
  thr=0.30 | P=0.98 | R=1.00 | F1=0.99 | TP=545
  thr=0.50 | P=0.99 | R=1.00 | F1=0.99 | TP=544
2026-01-20 17:11:02,824 | INFO | val time bin [0.0h, 8.0h): samples=180 | accuracy:0.944 | precision:0.911 | recall:0.976 | f1:0.943 | auc:0.991
2026-01-20 17:11:02,829 | INFO | val time bin [8.0h, 12.0h): samples=96 | accuracy:1.000 | precision:1.000 | recall:1.000 | f1:1.000 | auc:1.000
2026-01-20 17:11:02,834 | INFO | val time bin [12.0h, 16.0h): samples=96 | accuracy:1.000 | precision:1.000 | recall:1.000 | f1:1.000 | auc:1.000
2026-01-20 17:11:02,839 | INFO | val time bin [16.0h, 24.0h): samples=192 | accuracy:1.000 | precision:1.000 | recall:1.000 | f1:1.000 | auc:1.000
2026-01-20 17:11:02,844 | INFO | val time bin [24.0h, 32.0h): samples=192 | accuracy:1.000 | precision:1.000 | recall:1.000 | f1:1.000 | auc:1.000
2026-01-20 17:11:02,844 | INFO | val: accuracy:0.9909 | precision:0.9855 | recall:0.9963 | f1:0.9909 | auc:0.9997 | loss:0.0475
2026-01-20 17:11:02,844 | INFO | Fold 1/5 - Epoch 83/100
2026-01-20 17:13:01,588 | INFO | train loss: 0.0000
2026-01-20 17:13:40,884 | INFO | val threshold sweep:
  thr=0.10 | P=0.97 | R=1.00 | F1=0.98 | TP=545
  thr=0.15 | P=0.97 | R=1.00 | F1=0.99 | TP=545
  thr=0.20 | P=0.98 | R=1.00 | F1=0.99 | TP=544
  thr=0.25 | P=0.98 | R=1.00 | F1=0.99 | TP=544
  thr=0.30 | P=0.98 | R=1.00 | F1=0.99 | TP=544
  thr=0.50 | P=0.99 | R=1.00 | F1=0.99 | TP=544
2026-01-20 17:13:40,889 | INFO | val time bin [0.0h, 8.0h): samples=180 | accuracy:0.950 | precision:0.921 | recall:0.976 | f1:0.948 | auc:0.991
2026-01-20 17:13:40,894 | INFO | val time bin [8.0h, 12.0h): samples=96 | accuracy:1.000 | precision:1.000 | recall:1.000 | f1:1.000 | auc:1.000
2026-01-20 17:13:40,899 | INFO | val time bin [12.0h, 16.0h): samples=96 | accuracy:1.000 | precision:1.000 | recall:1.000 | f1:1.000 | auc:1.000
2026-01-20 17:13:40,904 | INFO | val time bin [16.0h, 24.0h): samples=192 | accuracy:1.000 | precision:1.000 | recall:1.000 | f1:1.000 | auc:1.000
2026-01-20 17:13:40,909 | INFO | val time bin [24.0h, 32.0h): samples=192 | accuracy:1.000 | precision:1.000 | recall:1.000 | f1:1.000 | auc:1.000
2026-01-20 17:13:40,909 | INFO | val: accuracy:0.9918 | precision:0.9873 | recall:0.9963 | f1:0.9918 | auc:0.9997 | loss:0.0436
2026-01-20 17:13:40,909 | INFO | Fold 1/5 - Epoch 84/100
2026-01-20 17:15:36,237 | INFO | train loss: 0.0000
2026-01-20 17:16:13,797 | INFO | val threshold sweep:
  thr=0.10 | P=0.98 | R=1.00 | F1=0.99 | TP=545
  thr=0.15 | P=0.98 | R=1.00 | F1=0.99 | TP=544
  thr=0.20 | P=0.98 | R=1.00 | F1=0.99 | TP=544
  thr=0.25 | P=0.99 | R=1.00 | F1=0.99 | TP=544
  thr=0.30 | P=0.99 | R=1.00 | F1=0.99 | TP=544
  thr=0.50 | P=0.99 | R=0.99 | F1=0.99 | TP=543
2026-01-20 17:16:13,803 | INFO | val time bin [0.0h, 8.0h): samples=180 | accuracy:0.944 | precision:0.920 | recall:0.964 | f1:0.942 | auc:0.991
2026-01-20 17:16:13,808 | INFO | val time bin [8.0h, 12.0h): samples=96 | accuracy:1.000 | precision:1.000 | recall:1.000 | f1:1.000 | auc:1.000
2026-01-20 17:16:13,813 | INFO | val time bin [12.0h, 16.0h): samples=96 | accuracy:1.000 | precision:1.000 | recall:1.000 | f1:1.000 | auc:1.000
2026-01-20 17:16:13,817 | INFO | val time bin [16.0h, 24.0h): samples=192 | accuracy:1.000 | precision:1.000 | recall:1.000 | f1:1.000 | auc:1.000
2026-01-20 17:16:13,822 | INFO | val time bin [24.0h, 32.0h): samples=192 | accuracy:1.000 | precision:1.000 | recall:1.000 | f1:1.000 | auc:1.000
2026-01-20 17:16:13,822 | INFO | val: accuracy:0.9909 | precision:0.9873 | recall:0.9945 | f1:0.9909 | auc:0.9997 | loss:0.0399
2026-01-20 17:16:13,823 | INFO | Fold 1/5 - Epoch 85/100
2026-01-20 17:18:15,527 | INFO | train loss: 0.0000
2026-01-20 17:18:53,207 | INFO | val threshold sweep:
  thr=0.10 | P=0.97 | R=1.00 | F1=0.98 | TP=545
  thr=0.15 | P=0.98 | R=1.00 | F1=0.99 | TP=545
  thr=0.20 | P=0.98 | R=1.00 | F1=0.99 | TP=544
  thr=0.25 | P=0.98 | R=1.00 | F1=0.99 | TP=544
  thr=0.30 | P=0.99 | R=1.00 | F1=0.99 | TP=544
  thr=0.50 | P=0.99 | R=0.99 | F1=0.99 | TP=543
2026-01-20 17:18:53,212 | INFO | val time bin [0.0h, 8.0h): samples=180 | accuracy:0.944 | precision:0.920 | recall:0.964 | f1:0.942 | auc:0.991
2026-01-20 17:18:53,217 | INFO | val time bin [8.0h, 12.0h): samples=96 | accuracy:1.000 | precision:1.000 | recall:1.000 | f1:1.000 | auc:1.000
2026-01-20 17:18:53,222 | INFO | val time bin [12.0h, 16.0h): samples=96 | accuracy:1.000 | precision:1.000 | recall:1.000 | f1:1.000 | auc:1.000
2026-01-20 17:18:53,227 | INFO | val time bin [16.0h, 24.0h): samples=192 | accuracy:1.000 | precision:1.000 | recall:1.000 | f1:1.000 | auc:1.000
2026-01-20 17:18:53,232 | INFO | val time bin [24.0h, 32.0h): samples=192 | accuracy:1.000 | precision:1.000 | recall:1.000 | f1:1.000 | auc:1.000
2026-01-20 17:18:53,232 | INFO | val: accuracy:0.9909 | precision:0.9873 | recall:0.9945 | f1:0.9909 | auc:0.9997 | loss:0.0409
2026-01-20 17:18:53,232 | INFO | Fold 1/5 - Epoch 86/100
2026-01-20 17:20:53,235 | INFO | train loss: 0.0000
2026-01-20 17:21:31,029 | INFO | val threshold sweep:
  thr=0.10 | P=0.97 | R=1.00 | F1=0.98 | TP=545
  thr=0.15 | P=0.97 | R=1.00 | F1=0.98 | TP=545
  thr=0.20 | P=0.98 | R=1.00 | F1=0.99 | TP=544
  thr=0.25 | P=0.98 | R=1.00 | F1=0.99 | TP=544
  thr=0.30 | P=0.98 | R=1.00 | F1=0.99 | TP=544
  thr=0.50 | P=0.99 | R=1.00 | F1=0.99 | TP=544
2026-01-20 17:21:31,035 | INFO | val time bin [0.0h, 8.0h): samples=180 | accuracy:0.950 | precision:0.921 | recall:0.976 | f1:0.948 | auc:0.990
2026-01-20 17:21:31,040 | INFO | val time bin [8.0h, 12.0h): samples=96 | accuracy:1.000 | precision:1.000 | recall:1.000 | f1:1.000 | auc:1.000
2026-01-20 17:21:31,044 | INFO | val time bin [12.0h, 16.0h): samples=96 | accuracy:1.000 | precision:1.000 | recall:1.000 | f1:1.000 | auc:1.000
2026-01-20 17:21:31,049 | INFO | val time bin [16.0h, 24.0h): samples=192 | accuracy:1.000 | precision:1.000 | recall:1.000 | f1:1.000 | auc:1.000
2026-01-20 17:21:31,054 | INFO | val time bin [24.0h, 32.0h): samples=192 | accuracy:1.000 | precision:1.000 | recall:1.000 | f1:1.000 | auc:1.000
2026-01-20 17:21:31,054 | INFO | val: accuracy:0.9918 | precision:0.9873 | recall:0.9963 | f1:0.9918 | auc:0.9997 | loss:0.0440
2026-01-20 17:21:31,054 | INFO | Fold 1/5 - Epoch 87/100
2026-01-20 17:23:30,962 | INFO | train loss: 0.0000
2026-01-20 17:24:09,992 | INFO | val threshold sweep:
  thr=0.10 | P=0.97 | R=1.00 | F1=0.98 | TP=545
  thr=0.15 | P=0.97 | R=1.00 | F1=0.99 | TP=545
  thr=0.20 | P=0.98 | R=1.00 | F1=0.99 | TP=544
  thr=0.25 | P=0.98 | R=1.00 | F1=0.99 | TP=544
  thr=0.30 | P=0.98 | R=1.00 | F1=0.99 | TP=544
  thr=0.50 | P=0.99 | R=1.00 | F1=0.99 | TP=544
2026-01-20 17:24:09,997 | INFO | val time bin [0.0h, 8.0h): samples=180 | accuracy:0.950 | precision:0.921 | recall:0.976 | f1:0.948 | auc:0.991
2026-01-20 17:24:10,002 | INFO | val time bin [8.0h, 12.0h): samples=96 | accuracy:1.000 | precision:1.000 | recall:1.000 | f1:1.000 | auc:1.000
2026-01-20 17:24:10,007 | INFO | val time bin [12.0h, 16.0h): samples=96 | accuracy:1.000 | precision:1.000 | recall:1.000 | f1:1.000 | auc:1.000
2026-01-20 17:24:10,012 | INFO | val time bin [16.0h, 24.0h): samples=192 | accuracy:1.000 | precision:1.000 | recall:1.000 | f1:1.000 | auc:1.000
2026-01-20 17:24:10,017 | INFO | val time bin [24.0h, 32.0h): samples=192 | accuracy:1.000 | precision:1.000 | recall:1.000 | f1:1.000 | auc:1.000
2026-01-20 17:24:10,017 | INFO | val: accuracy:0.9918 | precision:0.9873 | recall:0.9963 | f1:0.9918 | auc:0.9997 | loss:0.0427
2026-01-20 17:24:10,017 | INFO | Fold 1/5 - Epoch 88/100
2026-01-20 17:26:10,093 | INFO | train loss: 0.0001
2026-01-20 17:26:47,233 | INFO | val threshold sweep:
  thr=0.10 | P=0.97 | R=1.00 | F1=0.98 | TP=545
  thr=0.15 | P=0.97 | R=1.00 | F1=0.99 | TP=545
  thr=0.20 | P=0.98 | R=1.00 | F1=0.99 | TP=544
  thr=0.25 | P=0.98 | R=1.00 | F1=0.99 | TP=544
  thr=0.30 | P=0.98 | R=1.00 | F1=0.99 | TP=544
  thr=0.50 | P=0.99 | R=1.00 | F1=0.99 | TP=544
2026-01-20 17:26:47,238 | INFO | val time bin [0.0h, 8.0h): samples=180 | accuracy:0.950 | precision:0.921 | recall:0.976 | f1:0.948 | auc:0.991
2026-01-20 17:26:47,243 | INFO | val time bin [8.0h, 12.0h): samples=96 | accuracy:1.000 | precision:1.000 | recall:1.000 | f1:1.000 | auc:1.000
2026-01-20 17:26:47,248 | INFO | val time bin [12.0h, 16.0h): samples=96 | accuracy:1.000 | precision:1.000 | recall:1.000 | f1:1.000 | auc:1.000
2026-01-20 17:26:47,253 | INFO | val time bin [16.0h, 24.0h): samples=192 | accuracy:1.000 | precision:1.000 | recall:1.000 | f1:1.000 | auc:1.000
2026-01-20 17:26:47,258 | INFO | val time bin [24.0h, 32.0h): samples=192 | accuracy:1.000 | precision:1.000 | recall:1.000 | f1:1.000 | auc:1.000
2026-01-20 17:26:47,258 | INFO | val: accuracy:0.9918 | precision:0.9873 | recall:0.9963 | f1:0.9918 | auc:0.9997 | loss:0.0437
2026-01-20 17:26:47,258 | INFO | Fold 1/5 - Epoch 89/100
2026-01-20 17:28:47,988 | INFO | train loss: 0.0000
2026-01-20 17:29:27,337 | INFO | val threshold sweep:
  thr=0.10 | P=0.97 | R=1.00 | F1=0.99 | TP=544
  thr=0.15 | P=0.98 | R=1.00 | F1=0.99 | TP=544
  thr=0.20 | P=0.98 | R=1.00 | F1=0.99 | TP=544
  thr=0.25 | P=0.98 | R=1.00 | F1=0.99 | TP=544
  thr=0.30 | P=0.98 | R=0.99 | F1=0.99 | TP=543
  thr=0.50 | P=0.99 | R=0.99 | F1=0.99 | TP=542
2026-01-20 17:29:27,342 | INFO | val time bin [0.0h, 8.0h): samples=180 | accuracy:0.939 | precision:0.920 | recall:0.952 | f1:0.936 | auc:0.989
2026-01-20 17:29:27,347 | INFO | val time bin [8.0h, 12.0h): samples=96 | accuracy:1.000 | precision:1.000 | recall:1.000 | f1:1.000 | auc:1.000
2026-01-20 17:29:27,352 | INFO | val time bin [12.0h, 16.0h): samples=96 | accuracy:1.000 | precision:1.000 | recall:1.000 | f1:1.000 | auc:1.000
2026-01-20 17:29:27,357 | INFO | val time bin [16.0h, 24.0h): samples=192 | accuracy:1.000 | precision:1.000 | recall:1.000 | f1:1.000 | auc:1.000
2026-01-20 17:29:27,362 | INFO | val time bin [24.0h, 32.0h): samples=192 | accuracy:1.000 | precision:1.000 | recall:1.000 | f1:1.000 | auc:1.000
2026-01-20 17:29:27,362 | INFO | val: accuracy:0.9900 | precision:0.9872 | recall:0.9927 | f1:0.9900 | auc:0.9996 | loss:0.0450
2026-01-20 17:29:27,362 | INFO | Fold 1/5 - Epoch 90/100
2026-01-20 17:31:25,852 | INFO | train loss: 0.0000
2026-01-20 17:32:04,887 | INFO | val threshold sweep:
  thr=0.10 | P=0.97 | R=1.00 | F1=0.98 | TP=545
  thr=0.15 | P=0.97 | R=1.00 | F1=0.98 | TP=544
  thr=0.20 | P=0.98 | R=1.00 | F1=0.99 | TP=544
  thr=0.25 | P=0.98 | R=1.00 | F1=0.99 | TP=544
  thr=0.30 | P=0.98 | R=1.00 | F1=0.99 | TP=544
  thr=0.50 | P=0.99 | R=0.99 | F1=0.99 | TP=543
2026-01-20 17:32:04,892 | INFO | val time bin [0.0h, 8.0h): samples=180 | accuracy:0.939 | precision:0.910 | recall:0.964 | f1:0.936 | auc:0.990
2026-01-20 17:32:04,897 | INFO | val time bin [8.0h, 12.0h): samples=96 | accuracy:1.000 | precision:1.000 | recall:1.000 | f1:1.000 | auc:1.000
2026-01-20 17:32:04,902 | INFO | val time bin [12.0h, 16.0h): samples=96 | accuracy:1.000 | precision:1.000 | recall:1.000 | f1:1.000 | auc:1.000
2026-01-20 17:32:04,907 | INFO | val time bin [16.0h, 24.0h): samples=192 | accuracy:1.000 | precision:1.000 | recall:1.000 | f1:1.000 | auc:1.000
2026-01-20 17:32:04,912 | INFO | val time bin [24.0h, 32.0h): samples=192 | accuracy:1.000 | precision:1.000 | recall:1.000 | f1:1.000 | auc:1.000
2026-01-20 17:32:04,912 | INFO | val: accuracy:0.9900 | precision:0.9855 | recall:0.9945 | f1:0.9900 | auc:0.9996 | loss:0.0468
2026-01-20 17:32:04,912 | INFO | Fold 1/5 - Epoch 91/100
2026-01-20 17:33:59,031 | INFO | train loss: 0.0000
2026-01-20 17:34:37,839 | INFO | val threshold sweep:
  thr=0.10 | P=0.98 | R=1.00 | F1=0.99 | TP=544
  thr=0.15 | P=0.98 | R=1.00 | F1=0.99 | TP=544
  thr=0.20 | P=0.98 | R=1.00 | F1=0.99 | TP=544
  thr=0.25 | P=0.98 | R=0.99 | F1=0.99 | TP=543
  thr=0.30 | P=0.99 | R=0.99 | F1=0.99 | TP=543
  thr=0.50 | P=0.99 | R=0.99 | F1=0.99 | TP=542
2026-01-20 17:34:37,844 | INFO | val time bin [0.0h, 8.0h): samples=180 | accuracy:0.939 | precision:0.920 | recall:0.952 | f1:0.936 | auc:0.990
2026-01-20 17:34:37,849 | INFO | val time bin [8.0h, 12.0h): samples=96 | accuracy:1.000 | precision:1.000 | recall:1.000 | f1:1.000 | auc:1.000
2026-01-20 17:34:37,854 | INFO | val time bin [12.0h, 16.0h): samples=96 | accuracy:1.000 | precision:1.000 | recall:1.000 | f1:1.000 | auc:1.000
2026-01-20 17:34:37,859 | INFO | val time bin [16.0h, 24.0h): samples=192 | accuracy:1.000 | precision:1.000 | recall:1.000 | f1:1.000 | auc:1.000
2026-01-20 17:34:37,864 | INFO | val time bin [24.0h, 32.0h): samples=192 | accuracy:1.000 | precision:1.000 | recall:1.000 | f1:1.000 | auc:1.000
2026-01-20 17:34:37,864 | INFO | val: accuracy:0.9900 | precision:0.9872 | recall:0.9927 | f1:0.9900 | auc:0.9996 | loss:0.0419
2026-01-20 17:34:37,864 | INFO | Fold 1/5 - Epoch 92/100
2026-01-20 17:36:39,882 | INFO | train loss: 0.0000
2026-01-20 17:37:18,630 | INFO | val threshold sweep:
  thr=0.10 | P=0.98 | R=1.00 | F1=0.99 | TP=544
  thr=0.15 | P=0.98 | R=1.00 | F1=0.99 | TP=544
  thr=0.20 | P=0.98 | R=1.00 | F1=0.99 | TP=544
  thr=0.25 | P=0.99 | R=1.00 | F1=0.99 | TP=544
  thr=0.30 | P=0.99 | R=0.99 | F1=0.99 | TP=543
  thr=0.50 | P=0.99 | R=0.99 | F1=0.99 | TP=542
2026-01-20 17:37:18,635 | INFO | val time bin [0.0h, 8.0h): samples=180 | accuracy:0.939 | precision:0.920 | recall:0.952 | f1:0.936 | auc:0.990
2026-01-20 17:37:18,640 | INFO | val time bin [8.0h, 12.0h): samples=96 | accuracy:1.000 | precision:1.000 | recall:1.000 | f1:1.000 | auc:1.000
2026-01-20 17:37:18,645 | INFO | val time bin [12.0h, 16.0h): samples=96 | accuracy:1.000 | precision:1.000 | recall:1.000 | f1:1.000 | auc:1.000
2026-01-20 17:37:18,650 | INFO | val time bin [16.0h, 24.0h): samples=192 | accuracy:1.000 | precision:1.000 | recall:1.000 | f1:1.000 | auc:1.000
2026-01-20 17:37:18,654 | INFO | val time bin [24.0h, 32.0h): samples=192 | accuracy:1.000 | precision:1.000 | recall:1.000 | f1:1.000 | auc:1.000
2026-01-20 17:37:18,654 | INFO | val: accuracy:0.9900 | precision:0.9872 | recall:0.9927 | f1:0.9900 | auc:0.9997 | loss:0.0389
2026-01-20 17:37:18,655 | INFO | Fold 1/5 - Epoch 93/100
2026-01-20 17:39:18,764 | INFO | train loss: 0.0000
2026-01-20 17:39:57,942 | INFO | val threshold sweep:
  thr=0.10 | P=0.97 | R=1.00 | F1=0.99 | TP=545
  thr=0.15 | P=0.98 | R=1.00 | F1=0.99 | TP=544
  thr=0.20 | P=0.98 | R=1.00 | F1=0.99 | TP=544
  thr=0.25 | P=0.98 | R=1.00 | F1=0.99 | TP=544
  thr=0.30 | P=0.98 | R=1.00 | F1=0.99 | TP=544
  thr=0.50 | P=0.99 | R=0.99 | F1=0.99 | TP=543
2026-01-20 17:39:57,947 | INFO | val time bin [0.0h, 8.0h): samples=180 | accuracy:0.944 | precision:0.920 | recall:0.964 | f1:0.942 | auc:0.990
2026-01-20 17:39:57,952 | INFO | val time bin [8.0h, 12.0h): samples=96 | accuracy:1.000 | precision:1.000 | recall:1.000 | f1:1.000 | auc:1.000
2026-01-20 17:39:57,957 | INFO | val time bin [12.0h, 16.0h): samples=96 | accuracy:1.000 | precision:1.000 | recall:1.000 | f1:1.000 | auc:1.000
2026-01-20 17:39:57,962 | INFO | val time bin [16.0h, 24.0h): samples=192 | accuracy:1.000 | precision:1.000 | recall:1.000 | f1:1.000 | auc:1.000
2026-01-20 17:39:57,967 | INFO | val time bin [24.0h, 32.0h): samples=192 | accuracy:1.000 | precision:1.000 | recall:1.000 | f1:1.000 | auc:1.000
2026-01-20 17:39:57,967 | INFO | val: accuracy:0.9909 | precision:0.9873 | recall:0.9945 | f1:0.9909 | auc:0.9996 | loss:0.0427
2026-01-20 17:39:57,967 | INFO | Fold 1/5 - Epoch 94/100
2026-01-20 17:41:55,820 | INFO | train loss: 0.0000
2026-01-20 17:42:35,353 | INFO | val threshold sweep:
  thr=0.10 | P=0.97 | R=1.00 | F1=0.98 | TP=545
  thr=0.15 | P=0.98 | R=1.00 | F1=0.99 | TP=544
  thr=0.20 | P=0.98 | R=1.00 | F1=0.99 | TP=544
  thr=0.25 | P=0.98 | R=1.00 | F1=0.99 | TP=544
  thr=0.30 | P=0.98 | R=1.00 | F1=0.99 | TP=544
  thr=0.50 | P=0.99 | R=0.99 | F1=0.99 | TP=543
2026-01-20 17:42:35,358 | INFO | val time bin [0.0h, 8.0h): samples=180 | accuracy:0.944 | precision:0.920 | recall:0.964 | f1:0.942 | auc:0.990
2026-01-20 17:42:35,363 | INFO | val time bin [8.0h, 12.0h): samples=96 | accuracy:1.000 | precision:1.000 | recall:1.000 | f1:1.000 | auc:1.000
2026-01-20 17:42:35,368 | INFO | val time bin [12.0h, 16.0h): samples=96 | accuracy:1.000 | precision:1.000 | recall:1.000 | f1:1.000 | auc:1.000
2026-01-20 17:42:35,373 | INFO | val time bin [16.0h, 24.0h): samples=192 | accuracy:1.000 | precision:1.000 | recall:1.000 | f1:1.000 | auc:1.000
2026-01-20 17:42:35,378 | INFO | val time bin [24.0h, 32.0h): samples=192 | accuracy:1.000 | precision:1.000 | recall:1.000 | f1:1.000 | auc:1.000
2026-01-20 17:42:35,378 | INFO | val: accuracy:0.9909 | precision:0.9873 | recall:0.9945 | f1:0.9909 | auc:0.9997 | loss:0.0424
2026-01-20 17:42:35,378 | INFO | Fold 1/5 - Epoch 95/100
2026-01-20 17:44:33,026 | INFO | train loss: 0.0000
2026-01-20 17:45:11,649 | INFO | val threshold sweep:
  thr=0.10 | P=0.97 | R=1.00 | F1=0.98 | TP=545
  thr=0.15 | P=0.98 | R=1.00 | F1=0.99 | TP=545
  thr=0.20 | P=0.98 | R=1.00 | F1=0.99 | TP=544
  thr=0.25 | P=0.98 | R=1.00 | F1=0.99 | TP=544
  thr=0.30 | P=0.98 | R=1.00 | F1=0.99 | TP=544
  thr=0.50 | P=0.99 | R=1.00 | F1=0.99 | TP=544
2026-01-20 17:45:11,654 | INFO | val time bin [0.0h, 8.0h): samples=180 | accuracy:0.950 | precision:0.921 | recall:0.976 | f1:0.948 | auc:0.991
2026-01-20 17:45:11,659 | INFO | val time bin [8.0h, 12.0h): samples=96 | accuracy:1.000 | precision:1.000 | recall:1.000 | f1:1.000 | auc:1.000
2026-01-20 17:45:11,664 | INFO | val time bin [12.0h, 16.0h): samples=96 | accuracy:1.000 | precision:1.000 | recall:1.000 | f1:1.000 | auc:1.000
2026-01-20 17:45:11,669 | INFO | val time bin [16.0h, 24.0h): samples=192 | accuracy:1.000 | precision:1.000 | recall:1.000 | f1:1.000 | auc:1.000
2026-01-20 17:45:11,674 | INFO | val time bin [24.0h, 32.0h): samples=192 | accuracy:1.000 | precision:1.000 | recall:1.000 | f1:1.000 | auc:1.000
2026-01-20 17:45:11,674 | INFO | val: accuracy:0.9918 | precision:0.9873 | recall:0.9963 | f1:0.9918 | auc:0.9997 | loss:0.0412
2026-01-20 17:45:11,674 | INFO | Fold 1/5 - Epoch 96/100
2026-01-20 17:47:12,088 | INFO | train loss: 0.0000
2026-01-20 17:47:51,034 | INFO | val threshold sweep:
  thr=0.10 | P=0.97 | R=1.00 | F1=0.99 | TP=545
  thr=0.15 | P=0.98 | R=1.00 | F1=0.99 | TP=544
  thr=0.20 | P=0.98 | R=1.00 | F1=0.99 | TP=544
  thr=0.25 | P=0.98 | R=1.00 | F1=0.99 | TP=544
  thr=0.30 | P=0.99 | R=1.00 | F1=0.99 | TP=544
  thr=0.50 | P=0.99 | R=0.99 | F1=0.99 | TP=543
2026-01-20 17:47:51,039 | INFO | val time bin [0.0h, 8.0h): samples=180 | accuracy:0.944 | precision:0.920 | recall:0.964 | f1:0.942 | auc:0.990
2026-01-20 17:47:51,044 | INFO | val time bin [8.0h, 12.0h): samples=96 | accuracy:1.000 | precision:1.000 | recall:1.000 | f1:1.000 | auc:1.000
2026-01-20 17:47:51,049 | INFO | val time bin [12.0h, 16.0h): samples=96 | accuracy:1.000 | precision:1.000 | recall:1.000 | f1:1.000 | auc:1.000
2026-01-20 17:47:51,054 | INFO | val time bin [16.0h, 24.0h): samples=192 | accuracy:1.000 | precision:1.000 | recall:1.000 | f1:1.000 | auc:1.000
2026-01-20 17:47:51,059 | INFO | val time bin [24.0h, 32.0h): samples=192 | accuracy:1.000 | precision:1.000 | recall:1.000 | f1:1.000 | auc:1.000
2026-01-20 17:47:51,059 | INFO | val: accuracy:0.9909 | precision:0.9873 | recall:0.9945 | f1:0.9909 | auc:0.9997 | loss:0.0409
2026-01-20 17:47:51,059 | INFO | Fold 1/5 - Epoch 97/100
2026-01-20 17:49:46,298 | INFO | train loss: 0.0000
2026-01-20 17:50:23,951 | INFO | val threshold sweep:
  thr=0.10 | P=0.98 | R=1.00 | F1=0.99 | TP=544
  thr=0.15 | P=0.98 | R=1.00 | F1=0.99 | TP=544
  thr=0.20 | P=0.98 | R=1.00 | F1=0.99 | TP=544
  thr=0.25 | P=0.98 | R=1.00 | F1=0.99 | TP=544
  thr=0.30 | P=0.99 | R=0.99 | F1=0.99 | TP=543
  thr=0.50 | P=0.99 | R=0.99 | F1=0.99 | TP=543
2026-01-20 17:50:23,956 | INFO | val time bin [0.0h, 8.0h): samples=180 | accuracy:0.944 | precision:0.920 | recall:0.964 | f1:0.942 | auc:0.990
2026-01-20 17:50:23,961 | INFO | val time bin [8.0h, 12.0h): samples=96 | accuracy:1.000 | precision:1.000 | recall:1.000 | f1:1.000 | auc:1.000
2026-01-20 17:50:23,966 | INFO | val time bin [12.0h, 16.0h): samples=96 | accuracy:1.000 | precision:1.000 | recall:1.000 | f1:1.000 | auc:1.000
2026-01-20 17:50:23,971 | INFO | val time bin [16.0h, 24.0h): samples=192 | accuracy:1.000 | precision:1.000 | recall:1.000 | f1:1.000 | auc:1.000
2026-01-20 17:50:23,976 | INFO | val time bin [24.0h, 32.0h): samples=192 | accuracy:1.000 | precision:1.000 | recall:1.000 | f1:1.000 | auc:1.000
2026-01-20 17:50:23,976 | INFO | val: accuracy:0.9909 | precision:0.9873 | recall:0.9945 | f1:0.9909 | auc:0.9996 | loss:0.0427
2026-01-20 17:50:23,976 | INFO | Fold 1/5 - Epoch 98/100
2026-01-20 17:52:22,063 | INFO | train loss: 0.0000
2026-01-20 17:53:00,114 | INFO | val threshold sweep:
  thr=0.10 | P=0.97 | R=1.00 | F1=0.99 | TP=545
  thr=0.15 | P=0.98 | R=1.00 | F1=0.99 | TP=544
  thr=0.20 | P=0.98 | R=1.00 | F1=0.99 | TP=544
  thr=0.25 | P=0.98 | R=1.00 | F1=0.99 | TP=544
  thr=0.30 | P=0.99 | R=1.00 | F1=0.99 | TP=544
  thr=0.50 | P=0.99 | R=0.99 | F1=0.99 | TP=543
2026-01-20 17:53:00,119 | INFO | val time bin [0.0h, 8.0h): samples=180 | accuracy:0.944 | precision:0.920 | recall:0.964 | f1:0.942 | auc:0.990
2026-01-20 17:53:00,124 | INFO | val time bin [8.0h, 12.0h): samples=96 | accuracy:1.000 | precision:1.000 | recall:1.000 | f1:1.000 | auc:1.000
2026-01-20 17:53:00,129 | INFO | val time bin [12.0h, 16.0h): samples=96 | accuracy:1.000 | precision:1.000 | recall:1.000 | f1:1.000 | auc:1.000
2026-01-20 17:53:00,134 | INFO | val time bin [16.0h, 24.0h): samples=192 | accuracy:1.000 | precision:1.000 | recall:1.000 | f1:1.000 | auc:1.000
2026-01-20 17:53:00,138 | INFO | val time bin [24.0h, 32.0h): samples=192 | accuracy:1.000 | precision:1.000 | recall:1.000 | f1:1.000 | auc:1.000
2026-01-20 17:53:00,139 | INFO | val: accuracy:0.9909 | precision:0.9873 | recall:0.9945 | f1:0.9909 | auc:0.9997 | loss:0.0412
2026-01-20 17:53:00,139 | INFO | Fold 1/5 - Epoch 99/100
2026-01-20 17:55:02,260 | INFO | train loss: 0.0000
2026-01-20 17:55:41,726 | INFO | val threshold sweep:
  thr=0.10 | P=0.97 | R=1.00 | F1=0.98 | TP=545
  thr=0.15 | P=0.98 | R=1.00 | F1=0.99 | TP=544
  thr=0.20 | P=0.98 | R=1.00 | F1=0.99 | TP=544
  thr=0.25 | P=0.98 | R=1.00 | F1=0.99 | TP=544
  thr=0.30 | P=0.98 | R=1.00 | F1=0.99 | TP=544
  thr=0.50 | P=0.99 | R=0.99 | F1=0.99 | TP=543
2026-01-20 17:55:41,732 | INFO | val time bin [0.0h, 8.0h): samples=180 | accuracy:0.944 | precision:0.920 | recall:0.964 | f1:0.942 | auc:0.990
2026-01-20 17:55:41,736 | INFO | val time bin [8.0h, 12.0h): samples=96 | accuracy:1.000 | precision:1.000 | recall:1.000 | f1:1.000 | auc:1.000
2026-01-20 17:55:41,741 | INFO | val time bin [12.0h, 16.0h): samples=96 | accuracy:1.000 | precision:1.000 | recall:1.000 | f1:1.000 | auc:1.000
2026-01-20 17:55:41,746 | INFO | val time bin [16.0h, 24.0h): samples=192 | accuracy:1.000 | precision:1.000 | recall:1.000 | f1:1.000 | auc:1.000
2026-01-20 17:55:41,751 | INFO | val time bin [24.0h, 32.0h): samples=192 | accuracy:1.000 | precision:1.000 | recall:1.000 | f1:1.000 | auc:1.000
2026-01-20 17:55:41,751 | INFO | val: accuracy:0.9909 | precision:0.9873 | recall:0.9945 | f1:0.9909 | auc:0.9996 | loss:0.0424
2026-01-20 17:55:41,751 | INFO | Fold 1/5 - Epoch 100/100
2026-01-20 17:57:41,487 | INFO | train loss: 0.0000
2026-01-20 17:58:19,646 | INFO | val threshold sweep:
  thr=0.10 | P=0.97 | R=1.00 | F1=0.99 | TP=545
  thr=0.15 | P=0.98 | R=1.00 | F1=0.99 | TP=544
  thr=0.20 | P=0.98 | R=1.00 | F1=0.99 | TP=544
  thr=0.25 | P=0.98 | R=1.00 | F1=0.99 | TP=544
  thr=0.30 | P=0.99 | R=1.00 | F1=0.99 | TP=544
  thr=0.50 | P=0.99 | R=0.99 | F1=0.99 | TP=543
2026-01-20 17:58:19,652 | INFO | val time bin [0.0h, 8.0h): samples=180 | accuracy:0.944 | precision:0.920 | recall:0.964 | f1:0.942 | auc:0.990
2026-01-20 17:58:19,657 | INFO | val time bin [8.0h, 12.0h): samples=96 | accuracy:1.000 | precision:1.000 | recall:1.000 | f1:1.000 | auc:1.000
2026-01-20 17:58:19,661 | INFO | val time bin [12.0h, 16.0h): samples=96 | accuracy:1.000 | precision:1.000 | recall:1.000 | f1:1.000 | auc:1.000
2026-01-20 17:58:19,666 | INFO | val time bin [16.0h, 24.0h): samples=192 | accuracy:1.000 | precision:1.000 | recall:1.000 | f1:1.000 | auc:1.000
2026-01-20 17:58:19,671 | INFO | val time bin [24.0h, 32.0h): samples=192 | accuracy:1.000 | precision:1.000 | recall:1.000 | f1:1.000 | auc:1.000
2026-01-20 17:58:19,671 | INFO | val: accuracy:0.9909 | precision:0.9873 | recall:0.9945 | f1:0.9909 | auc:0.9997 | loss:0.0408
2026-01-20 17:58:19,672 | INFO | Evaluating on test split
2026-01-20 17:59:19,488 | INFO | test threshold sweep:
  thr=0.10 | P=1.00 | R=0.99 | F1=1.00 | TP=722
  thr=0.15 | P=1.00 | R=0.99 | F1=1.00 | TP=722
  thr=0.20 | P=1.00 | R=0.99 | F1=1.00 | TP=721
  thr=0.25 | P=1.00 | R=0.99 | F1=1.00 | TP=721
  thr=0.30 | P=1.00 | R=0.99 | F1=0.99 | TP=720
  thr=0.50 | P=1.00 | R=0.99 | F1=0.99 | TP=720
2026-01-20 17:59:19,493 | INFO | test time bin [0.0h, 8.0h): samples=240 | accuracy:0.967 | precision:1.000 | recall:0.929 | f1:0.963 | auc:0.996
2026-01-20 17:59:19,498 | INFO | test time bin [8.0h, 12.0h): samples=128 | accuracy:1.000 | precision:1.000 | recall:1.000 | f1:1.000 | auc:1.000
2026-01-20 17:59:19,503 | INFO | test time bin [12.0h, 16.0h): samples=128 | accuracy:1.000 | precision:1.000 | recall:1.000 | f1:1.000 | auc:1.000
2026-01-20 17:59:19,508 | INFO | test time bin [16.0h, 24.0h): samples=256 | accuracy:1.000 | precision:1.000 | recall:1.000 | f1:1.000 | auc:1.000
2026-01-20 17:59:19,513 | INFO | test time bin [24.0h, 32.0h): samples=256 | accuracy:1.000 | precision:1.000 | recall:1.000 | f1:1.000 | auc:1.000
2026-01-20 17:59:19,513 | INFO | test: accuracy:0.9946 | precision:1.0000 | recall:0.9890 | f1:0.9945 | auc:0.9996 | loss:0.0336
2026-01-20 18:00:19,635 | INFO | ✓ Exported multitask-style outputs to outputs/resnet50_baseline_crop5pct/20260120-133520/fold_1
