{
  "fold_index": 2,
  "best_val_metric": 0.9904459714889526,
  "test_metrics": {
    "total_loss": 0.7634823348211206,
    "cls_loss": 0.016154151602202783,
    "reg_loss": 0.7473281803338424,
    "cls_accuracy": 0.9938858695652174,
    "cls_precision": 1.0,
    "cls_recall": 0.9876373626373627,
    "cls_f1": 0.9937802349689012,
    "cls_auc": 0.9999224565756824,
    "reg_mae": 1.159436583518982,
    "reg_rmse": 1.4654054641723633,
    "reg_mse": 2.1474132537841797,
    "combined": 0.9866061210632324
  }
}