{
  "fold_index": 0,
  "best_val_metric": 0.9828734397888184,
  "test_metrics": {
    "total_loss": 0.8054468787234762,
    "cls_loss": 0.03180030380304822,
    "reg_loss": 0.7736465775448343,
    "cls_accuracy": 0.9925271739130435,
    "cls_precision": 1.0,
    "cls_recall": 0.9848901098901099,
    "cls_f1": 0.9923875432525952,
    "cls_auc": 0.9995255080940565,
    "reg_mae": 1.1850849390029907,
    "reg_rmse": 1.5141092538833618,
    "reg_mse": 2.292526960372925,
    "combined": 0.9855568408966064
  }
}