{
  "window_size_hours": 6.0,
  "stride_hours": 3.0,
  "window_centers": [
    3.0,
    6.0,
    9.0,
    12.0,
    15.0,
    18.0,
    21.0,
    24.0,
    27.0,
    30.0,
    33.0,
    36.0,
    39.0,
    42.0,
    45.0
  ],
  "metrics_by_window": {
    "auc": [
      0.9950073964497042,
      0.9988905325443787,
      1.0,
      1.0,
      1.0,
      1.0,
      1.0,
      1.0,
      1.0,
      1.0,
      1.0,
      1.0,
      1.0,
      1.0,
      1.0
    ],
    "accuracy": [
      0.9375,
      0.9663461538461539,
      0.9951923076923077,
      1.0,
      1.0,
      1.0,
      1.0,
      1.0,
      1.0,
      1.0,
      1.0,
      1.0,
      1.0,
      1.0,
      1.0
    ],
    "f1": [
      0.9333333333333333,
      0.9651741293532339,
      0.9951690821256038,
      1.0,
      1.0,
      1.0,
      1.0,
      1.0,
      1.0,
      1.0,
      1.0,
      1.0,
      1.0,
      1.0,
      1.0
    ],
    "precision": [
      1.0,
      1.0,
      1.0,
      1.0,
      1.0,
      1.0,
      1.0,
      1.0,
      1.0,
      1.0,
      1.0,
      1.0,
      1.0,
      1.0,
      1.0
    ],
    "recall": [
      0.875,
      0.9326923076923077,
      0.9903846153846154,
      1.0,
      1.0,
      1.0,
      1.0,
      1.0,
      1.0,
      1.0,
      1.0,
      1.0,
      1.0,
      1.0,
      1.0
    ]
  }
}