{
  "config": "configs/resnet50_baseline.yaml",
  "timestamp": "20251212-145411",
  "window_size": 6.0,
  "stride": 3.0,
  "window_starts": [
    1.0,
    4.0,
    7.0,
    10.0,
    13.0,
    16.0,
    19.0,
    22.0,
    25.0,
    28.0,
    31.0,
    34.0,
    37.0,
    40.0
  ],
  "max_hour": null,
  "metrics": [
    "auc",
    "accuracy",
    "f1"
  ],
  "split": "test",
  "k_folds": 5,
  "results": {
    "auc": {
      "window_starts": [
        1.0,
        4.0,
        7.0,
        10.0,
        13.0,
        16.0,
        19.0,
        22.0,
        25.0,
        28.0,
        31.0,
        34.0,
        37.0,
        40.0
      ],
      "window_ends": [
        7.0,
        10.0,
        13.0,
        16.0,
        19.0,
        22.0,
        25.0,
        28.0,
        31.0,
        34.0,
        37.0,
        40.0,
        43.0,
        46.0
      ],
      "window_centers": [
        4.0,
        7.0,
        10.0,
        13.0,
        16.0,
        19.0,
        22.0,
        25.0,
        28.0,
        31.0,
        34.0,
        37.0,
        40.0,
        43.0
      ],
      "fold_metrics": [
        [
          0.9989829881656804,
          0.9959319526627219,
          0.9939903846153846,
          0.9821560650887574,
          0.9906619822485208
        ],
        [
          0.9931582840236687,
          0.9981508875739644,
          0.9994452662721893,
          0.9975036982248521,
          0.9989829881656805
        ],
        [
          1.0,
          0.9998150887573964,
          0.9992603550295858,
          0.9999075443786982,
          0.9998150887573964
        ],
        [
          0.996764053254438,
          0.9997226331360947,
          0.9981508875739645,
          1.0,
          0.9997226331360947
        ],
        [
          1.0,
          1.0,
          1.0,
          1.0,
          1.0
        ],
        [
          1.0,
          1.0,
          1.0,
          1.0,
          1.0
        ],
        [
          1.0,
          1.0,
          1.0,
          1.0,
          1.0
        ],
        [
          1.0,
          1.0,
          1.0,
          1.0,
          1.0
        ],
        [
          1.0,
          1.0,
          1.0,
          1.0,
          1.0
        ],
        [
          1.0,
          1.0,
          1.0,
          1.0,
          1.0
        ],
        [
          1.0,
          1.0,
          1.0,
          1.0,
          1.0
        ],
        [
          1.0,
          1.0,
          1.0,
          1.0,
          1.0
        ],
        [
          1.0,
          1.0,
          1.0,
          1.0,
          1.0
        ],
        [
          1.0,
          1.0,
          1.0,
          1.0,
          1.0
        ]
      ],
      "means": [
        0.9923446774482727,
        0.9974482655525208,
        0.9997595548629761,
        0.9988719820976257,
        1.0,
        1.0,
        1.0,
        1.0,
        1.0,
        1.0,
        1.0,
        1.0,
        1.0,
        1.0
      ],
      "stds": [
        0.005766859278082848,
        0.0022469537798315287,
        0.00025887403171509504,
        0.001239599077962339,
        0.0,
        0.0,
        0.0,
        0.0,
        0.0,
        0.0,
        0.0,
        0.0,
        0.0,
        0.0
      ]
    },
    "accuracy": {
      "window_starts": [
        1.0,
        4.0,
        7.0,
        10.0,
        13.0,
        16.0,
        19.0,
        22.0,
        25.0,
        28.0,
        31.0,
        34.0,
        37.0,
        40.0
      ],
      "window_ends": [
        7.0,
        10.0,
        13.0,
        16.0,
        19.0,
        22.0,
        25.0,
        28.0,
        31.0,
        34.0,
        37.0,
        40.0,
        43.0,
        46.0
      ],
      "window_centers": [
        4.0,
        7.0,
        10.0,
        13.0,
        16.0,
        19.0,
        22.0,
        25.0,
        28.0,
        31.0,
        34.0,
        37.0,
        40.0,
        43.0
      ],
      "fold_metrics": [
        [
          0.8461538461538461,
          0.8365384615384616,
          0.9038461538461539,
          0.9182692307692307,
          0.9326923076923077
        ],
        [
          0.6442307692307693,
          0.9326923076923077,
          0.9230769230769231,
          0.8365384615384616,
          0.7980769230769231
        ],
        [
          0.9903846153846154,
          0.9375,
          0.8701923076923077,
          0.7644230769230769,
          0.6490384615384616
        ],
        [
          0.6298076923076923,
          0.5,
          0.9471153846153846,
          0.8125,
          0.5
        ],
        [
          0.5,
          0.5,
          0.5,
          1.0,
          1.0
        ],
        [
          0.7548076923076923,
          0.5,
          0.9855769230769231,
          1.0,
          1.0
        ],
        [
          1.0,
          1.0,
          0.9855769230769231,
          1.0,
          0.9951923076923077
        ],
        [
          0.7211538461538461,
          0.6057692307692307,
          1.0,
          1.0,
          0.9951923076923077
        ],
        [
          1.0,
          1.0,
          0.8413461538461539,
          1.0,
          0.9326923076923077
        ],
        [
          1.0,
          1.0,
          0.5,
          0.9951923076923077,
          1.0
        ],
        [
          0.8413461538461539,
          0.6490384615384616,
          0.9855769230769231,
          0.9903846153846154,
          1.0
        ],
        [
          0.5,
          0.5240384615384616,
          1.0,
          0.7644230769230769,
          0.5
        ],
        [
          0.9855769230769231,
          0.8317307692307693,
          0.5,
          0.6971153846153846,
          0.8557692307692307
        ],
        [
          0.6201923076923077,
          0.5144230769230769,
          0.5,
          0.5,
          0.9278846153846154
        ]
      ],
      "means": [
        0.887499988079071,
        0.8269230723381042,
        0.8423076868057251,
        0.6778846383094788,
        0.699999988079071,
        0.8480769395828247,
        0.9961538314819336,
        0.8644230961799622,
        0.9548076391220093,
        0.8990384936332703,
        0.8932691812515259,
        0.6576923131942749,
        0.7740384340286255,
        0.612500011920929
      ],
      "stds": [
        0.03889182209968567,
        0.10462668538093567,
        0.12262538820505142,
        0.1767505258321762,
        0.24494898319244385,
        0.19744578003883362,
        0.005606683436781168,
        0.16810156404972076,
        0.062433402985334396,
        0.19952791929244995,
        0.13541658222675323,
        0.19807225465774536,
        0.16478537023067474,
        0.16398672759532928
      ]
    },
    "f1": {
      "window_starts": [
        1.0,
        4.0,
        7.0,
        10.0,
        13.0,
        16.0,
        19.0,
        22.0,
        25.0,
        28.0,
        31.0,
        34.0,
        37.0,
        40.0
      ],
      "window_ends": [
        7.0,
        10.0,
        13.0,
        16.0,
        19.0,
        22.0,
        25.0,
        28.0,
        31.0,
        34.0,
        37.0,
        40.0,
        43.0,
        46.0
      ],
      "window_centers": [
        4.0,
        7.0,
        10.0,
        13.0,
        16.0,
        19.0,
        22.0,
        25.0,
        28.0,
        31.0,
        34.0,
        37.0,
        40.0,
        43.0
      ],