{
  "fold_index": 3,
  "best_val_metric": 1.9137428998947144,
  "test_metrics": {
    "loss": 1.1371113561814832,
    "reg_mae": 1.5750473737716675,
    "reg_rmse": 1.9402168989181519,
    "reg_mse": 3.764441728591919
  }
}