{
  "fold_index": 1,
  "best_val_metric": 0.9874342083930969,
  "test_metrics": {
    "total_loss": 0.7840935302817303,
    "cls_loss": 0.043007395351710526,
    "reg_loss": 0.7410861201908278,
    "cls_accuracy": 0.9891304347826086,
    "cls_precision": 1.0,
    "cls_recall": 0.978021978021978,
    "cls_f1": 0.9888888888888889,
    "cls_auc": 0.9993094942691716,
    "reg_mae": 1.1476842164993286,
    "reg_rmse": 1.4737133979797363,
    "reg_mse": 2.1718311309814453,
    "combined": 0.9837692975997925
  }
}