{
  "fold_index": 3,
  "best_val_metric": 0.5330078601837158,
  "test_metrics": {
    "loss": 0.415022754407191,
    "reg_mae": 0.7797577977180481,
    "reg_rmse": 0.9921038746833801,
    "reg_mse": 0.9842700958251953
  }
}