{
  "fold_index": 2,
  "best_val_metric": 0.9895875453948975,
  "test_metrics": {
    "total_loss": 0.8034283959347269,
    "cls_loss": 0.03008143794115471,
    "reg_loss": 0.7733469605445862,
    "cls_accuracy": 0.9911684782608695,
    "cls_precision": 1.0,
    "cls_recall": 0.9821428571428571,
    "cls_f1": 0.990990990990991,
    "cls_auc": 0.9997119815668203,
    "reg_mae": 1.1860922574996948,
    "reg_rmse": 1.521885871887207,
    "reg_mse": 2.316136598587036,
    "combined": 0.9847105145454407
  }
}