{
  "fold_index": 1,
  "best_val_metric": 0.9876971244812012,
  "test_metrics": {
    "total_loss": 0.7942707205331454,
    "cls_loss": 0.041347540817373706,
    "reg_loss": 0.7529231861073483,
    "cls_accuracy": 0.9899193548387096,
    "cls_precision": 1.0,
    "cls_recall": 0.9798387096774194,
    "cls_f1": 0.9898167006109979,
    "cls_auc": 0.9994363510232397,
    "reg_mae": 1.155953049659729,
    "reg_rmse": 1.5090749263763428,
    "reg_mse": 2.2773070335388184,
    "combined": 0.9842571020126343
  }
}