{
  "fold_index": 2,
  "best_val_metric": 0.9909483194351196,
  "test_metrics": {
    "total_loss": 0.8043831971383864,
    "cls_loss": 0.029761271571279856,
    "reg_loss": 0.7746219122281639,
    "cls_accuracy": 0.9899193548387096,
    "cls_precision": 1.0,
    "cls_recall": 0.9798387096774194,
    "cls_f1": 0.9898167006109979,
    "cls_auc": 0.9998645074575095,
    "reg_mae": 1.1808922290802002,
    "reg_rmse": 1.523215413093567,
    "reg_mse": 2.3201851844787598,
    "combined": 0.9840492010116577
  }
}