{
  "fold_index": 2,
  "best_val_metric": 1.1532737016677856,
  "test_metrics": {
    "loss": 0.8277074886906531,
    "reg_mae": 1.2393680810928345,
    "reg_rmse": 1.5739521980285645,
    "reg_mse": 2.477325439453125
  }
}