{
  "fold_index": 0,
  "best_val_metric": 0.9870623350143433,
  "test_metrics": {
    "total_loss": 0.747563388036645,
    "cls_loss": 0.027556807339272422,
    "reg_loss": 0.7200065851211548,
    "cls_accuracy": 0.9932065217391305,
    "cls_precision": 1.0,
    "cls_recall": 0.9862637362637363,
    "cls_f1": 0.9930843706777317,
    "cls_auc": 0.9997747548150775,
    "reg_mae": 1.1205968856811523,
    "reg_rmse": 1.4631247520446777,
    "reg_mse": 2.1407341957092285,
    "combined": 0.986512303352356
  }
}