{
  "fold_index": 4,
  "best_val_metric": 0.9915568828582764,
  "test_metrics": {
    "total_loss": 0.8552848307982736,
    "cls_loss": 0.015220974458434679,
    "reg_loss": 0.8400638466295989,
    "cls_accuracy": 0.9945652173913043,
    "cls_precision": 0.9986149584487535,
    "cls_recall": 0.9903846153846154,
    "cls_f1": 0.9944827586206897,
    "cls_auc": 0.999911378943637,
    "reg_mae": 1.2610116004943848,
    "reg_rmse": 1.5968610048294067,
    "reg_mse": 2.5499649047851562,
    "combined": 0.9861811995506287
  }
}