2026-01-20 18:00:20,317 | INFO | frame_policy[train]: frames_per_hour=2.00 | infected=[1.0,48.0] stride=1 | uninfected=[0.0,48.0] stride=1
2026-01-20 18:00:20,317 | INFO | frame_policy[val]: frames_per_hour=2.00 | infected=[1.0,48.0] stride=1 | uninfected=[0.0,48.0] stride=1
2026-01-20 18:00:20,317 | INFO | frame_policy[test]: frames_per_hour=2.00 | infected=[1.0,48.0] stride=1 | uninfected=[0.0,48.0] stride=1
2026-01-20 18:00:20,318 | INFO | train split -> total:4141 | conditions[infected:2002, uninfected:2139] | labels[label0:2139, label1:2002]
2026-01-20 18:00:20,319 | INFO | train TIFFs -> total:45 | per-condition[infected:22, uninfected:23] | avg-frames/TIFF[infected:91.0, uninfected:93.0]
2026-01-20 18:00:20,320 | INFO | train stack membership (45 unique TIFFs): 20251023hbmvecp510x30minintervalinfectedvsuninfected_s5_b2_p10_t0-94_ec.tiff, 20251023hbmvecp510x30minintervalinfectedvsuninfected_s5_b2_p11_t0-94_ec.tiff, 20251023hbmvecp510x30minintervalinfectedvsuninfected_s5_b2_p12_t0-94_ec.tiff, 20251023hbmvecp510x30minintervalinfectedvsuninfected_s5_b2_p14_t0-94_ec.tiff, 20251023hbmvecp510x30minintervalinfectedvsuninfected_s5_b2_p16_t0-94_ec.tiff, 20251023hbmvecp510x30minintervalinfectedvsuninfected_s5_b2_p17_t0-94_ec.tiff, 20251023hbmvecp510x30minintervalinfectedvsuninfected_s5_b2_p18_t0-94_ec.tiff, 20251023hbmvecp510x30minintervalinfectedvsuninfected_s5_b2_p19_t0-94_ec.tiff, 20251023hbmvecp510x30minintervalinfectedvsuninfected_s5_b2_p1_t0-94_ec.tiff, 20251023hbmvecp510x30minintervalinfectedvsuninfected_s5_b2_p20_t0-94_ec.tiff, 20251023hbmvecp510x30minintervalinfectedvsuninfected_s5_b2_p21_t0-94_ec.tiff, 20251023hbmvecp510x30minintervalinfectedvsuninfected_s5_b2_p22_t0-94_ec.tiff, 20251023hbmvecp510x30minintervalinfectedvsuninfected_s5_b2_p23_t0-94_ec.tiff, 20251023hbmvecp510x30minintervalinfectedvsuninfected_s5_b2_p25_t0-94_ec.tiff, 20251023hbmvecp510x30minintervalinfectedvsuninfected_s5_b2_p29_t0-94_ec.tiff, 20251023hbmvecp510x30minintervalinfectedvsuninfected_s5_b2_p2_t0-94_ec.tiff, 20251023hbmvecp510x30minintervalinfectedvsuninfected_s5_b2_p32_t0-94_ec.tiff, 20251023hbmvecp510x30minintervalinfectedvsuninfected_s5_b2_p33_t0-94_ec.tiff, 20251023hbmvecp510x30minintervalinfectedvsuninfected_s5_b2_p35_t0-94_ec.tiff, 20251023hbmvecp510x30minintervalinfectedvsuninfected_s5_b2_p3_t0-94_ec.tiff, ...
2026-01-20 18:00:20,324 | INFO | Saved train stack list to outputs/resnet50_baseline_crop5pct/20260120-133520/fold_02of05/train_stacks.txt
2026-01-20 18:00:20,325 | INFO | val split -> total:1011 | conditions[infected:546, uninfected:465] | labels[label0:465, label1:546]
2026-01-20 18:00:20,325 | INFO | val TIFFs -> total:11 | per-condition[infected:6, uninfected:5] | avg-frames/TIFF[infected:91.0, uninfected:93.0]
2026-01-20 18:00:20,326 | INFO | val stack membership (11 unique TIFFs): 20251023hbmvecp510x30minintervalinfectedvsuninfected_s5_b2_p24_t0-94_ec.tiff, 20251023hbmvecp510x30minintervalinfectedvsuninfected_s5_b2_p27_t0-94_ec.tiff, 20251023hbmvecp510x30minintervalinfectedvsuninfected_s5_b2_p28_t0-94_ec.tiff, 20251023hbmvecp510x30minintervalinfectedvsuninfected_s5_b2_p30_t0-94_ec.tiff, 20251023hbmvecp510x30minintervalinfectedvsuninfected_s5_b2_p31_t0-94_ec.tiff, 20251023hbmvecp510x30minintervalinfectedvsuninfected_s5_b2_p5_t0-94_ec.tiff, 20251023hbmvecp510x30minintervalinfectedvsuninfected_s5_c4_p21_t0-94_ec.tiff, 20251023hbmvecp510x30minintervalinfectedvsuninfected_s5_c4_p29_t0-94_ec.tiff, 20251023hbmvecp510x30minintervalinfectedvsuninfected_s5_c4_p32_t0-94_ec.tiff, 20251023hbmvecp510x30minintervalinfectedvsuninfected_s5_c4_p5_t0-94_ec.tiff, 20251023hbmvecp510x30minintervalinfectedvsuninfected_s5_c4_p9_t0-94_ec.tiff
2026-01-20 18:00:20,329 | INFO | Saved val stack list to outputs/resnet50_baseline_crop5pct/20260120-133520/fold_02of05/val_stacks.txt
2026-01-20 18:00:20,330 | INFO | test split -> total:1472 | conditions[infected:728, uninfected:744] | labels[label0:744, label1:728]
2026-01-20 18:00:20,330 | INFO | test TIFFs -> total:16 | per-condition[infected:8, uninfected:8] | avg-frames/TIFF[infected:91.0, uninfected:93.0]
2026-01-20 18:00:20,331 | INFO | test stack membership (16 unique TIFFs): 20251023hbmvecp510x30minintervalinfectedvsuninfected_s5_b2_p13_t0-94_ec.tiff, 20251023hbmvecp510x30minintervalinfectedvsuninfected_s5_b2_p15_t0-94_ec.tiff, 20251023hbmvecp510x30minintervalinfectedvsuninfected_s5_b2_p26_t0-94_ec.tiff, 20251023hbmvecp510x30minintervalinfectedvsuninfected_s5_b2_p34_t0-94_ec.tiff, 20251023hbmvecp510x30minintervalinfectedvsuninfected_s5_b2_p36_t0-94_ec.tiff, 20251023hbmvecp510x30minintervalinfectedvsuninfected_s5_b2_p6_t0-94_ec.tiff, 20251023hbmvecp510x30minintervalinfectedvsuninfected_s5_b2_p8_t0-94_ec.tiff, 20251023hbmvecp510x30minintervalinfectedvsuninfected_s5_b2_p9_t0-94_ec.tiff, 20251023hbmvecp510x30minintervalinfectedvsuninfected_s5_c4_p11_t0-94_ec.tiff, 20251023hbmvecp510x30minintervalinfectedvsuninfected_s5_c4_p18_t0-94_ec.tiff, 20251023hbmvecp510x30minintervalinfectedvsuninfected_s5_c4_p19_t0-94_ec.tiff, 20251023hbmvecp510x30minintervalinfectedvsuninfected_s5_c4_p24_t0-94_ec.tiff, 20251023hbmvecp510x30minintervalinfectedvsuninfected_s5_c4_p27_t0-94_ec.tiff, 20251023hbmvecp510x30minintervalinfectedvsuninfected_s5_c4_p35_t0-94_ec.tiff, 20251023hbmvecp510x30minintervalinfectedvsuninfected_s5_c4_p6_t0-94_ec.tiff, 20251023hbmvecp510x30minintervalinfectedvsuninfected_s5_c4_p8_t0-94_ec.tiff
2026-01-20 18:00:20,334 | INFO | Saved test stack list to outputs/resnet50_baseline_crop5pct/20260120-133520/fold_02of05/test_stacks.txt
2026-01-20 18:00:20,743 | INFO | Fold 2/5 - Epoch 1/100
2026-01-20 18:02:23,578 | INFO | train loss: 0.1316
2026-01-20 18:02:54,796 | INFO | val threshold sweep:
  thr=0.10 | P=1.00 | R=0.37 | F1=0.54 | TP=204
  thr=0.15 | P=1.00 | R=0.35 | F1=0.52 | TP=193
  thr=0.20 | P=1.00 | R=0.34 | F1=0.51 | TP=188
  thr=0.25 | P=1.00 | R=0.33 | F1=0.50 | TP=180
  thr=0.30 | P=1.00 | R=0.32 | F1=0.48 | TP=173
  thr=0.50 | P=1.00 | R=0.28 | F1=0.44 | TP=154
2026-01-20 18:02:54,803 | INFO | val time bin [0.0h, 8.0h): samples=164 | accuracy:0.488 | precision:0.000 | recall:0.000 | f1:0.000 | auc:0.390
2026-01-20 18:02:54,808 | INFO | val time bin [8.0h, 12.0h): samples=88 | accuracy:0.455 | precision:0.000 | recall:0.000 | f1:0.000 | auc:0.329
2026-01-20 18:02:54,812 | INFO | val time bin [12.0h, 16.0h): samples=88 | accuracy:0.455 | precision:0.000 | recall:0.000 | f1:0.000 | auc:0.469
2026-01-20 18:02:54,817 | INFO | val time bin [16.0h, 24.0h): samples=176 | accuracy:0.455 | precision:0.000 | recall:0.000 | f1:0.000 | auc:0.303
2026-01-20 18:02:54,822 | INFO | val time bin [24.0h, 32.0h): samples=176 | accuracy:0.614 | precision:1.000 | recall:0.292 | f1:0.452 | auc:0.812
2026-01-20 18:02:54,822 | INFO | val: accuracy:0.6123 | precision:1.0000 | recall:0.2821 | f1:0.4400 | auc:0.5927 | loss:2.8749
2026-01-20 18:02:56,312 | INFO | New best model with auc 0.5927
2026-01-20 18:02:56,312 | INFO | Fold 2/5 - Epoch 2/100
2026-01-20 18:04:57,388 | INFO | train loss: 0.0225
2026-01-20 18:05:28,983 | INFO | val threshold sweep:
  thr=0.10 | P=1.00 | R=0.78 | F1=0.88 | TP=427
  thr=0.15 | P=1.00 | R=0.76 | F1=0.86 | TP=415
  thr=0.20 | P=1.00 | R=0.73 | F1=0.85 | TP=401
  thr=0.25 | P=1.00 | R=0.73 | F1=0.84 | TP=399
  thr=0.30 | P=1.00 | R=0.71 | F1=0.83 | TP=386
  thr=0.50 | P=1.00 | R=0.65 | F1=0.79 | TP=357
2026-01-20 18:05:28,988 | INFO | val time bin [0.0h, 8.0h): samples=164 | accuracy:0.774 | precision:1.000 | recall:0.560 | f1:0.718 | auc:0.999
2026-01-20 18:05:28,993 | INFO | val time bin [8.0h, 12.0h): samples=88 | accuracy:0.761 | precision:1.000 | recall:0.562 | f1:0.720 | auc:1.000
2026-01-20 18:05:28,998 | INFO | val time bin [12.0h, 16.0h): samples=88 | accuracy:0.875 | precision:1.000 | recall:0.771 | f1:0.871 | auc:1.000
2026-01-20 18:05:29,003 | INFO | val time bin [16.0h, 24.0h): samples=176 | accuracy:0.642 | precision:1.000 | recall:0.344 | f1:0.512 | auc:0.992
2026-01-20 18:05:29,008 | INFO | val time bin [24.0h, 32.0h): samples=176 | accuracy:0.812 | precision:1.000 | recall:0.656 | f1:0.792 | auc:1.000
2026-01-20 18:05:29,008 | INFO | val: accuracy:0.8131 | precision:1.0000 | recall:0.6538 | f1:0.7907 | auc:0.9975 | loss:0.7905
2026-01-20 18:05:30,659 | INFO | New best model with auc 0.9975
2026-01-20 18:05:30,659 | INFO | Fold 2/5 - Epoch 3/100
2026-01-20 18:07:30,611 | INFO | train loss: 0.0180
2026-01-20 18:08:01,497 | INFO | val threshold sweep:
  thr=0.10 | P=1.00 | R=0.68 | F1=0.81 | TP=369
  thr=0.15 | P=1.00 | R=0.67 | F1=0.80 | TP=365
  thr=0.20 | P=1.00 | R=0.65 | F1=0.79 | TP=356
  thr=0.25 | P=1.00 | R=0.64 | F1=0.78 | TP=350
  thr=0.30 | P=1.00 | R=0.62 | F1=0.77 | TP=339
  thr=0.50 | P=1.00 | R=0.58 | F1=0.74 | TP=319
2026-01-20 18:08:01,502 | INFO | val time bin [0.0h, 8.0h): samples=164 | accuracy:0.665 | precision:1.000 | recall:0.345 | f1:0.513 | auc:0.996
2026-01-20 18:08:01,507 | INFO | val time bin [8.0h, 12.0h): samples=88 | accuracy:0.591 | precision:1.000 | recall:0.250 | f1:0.400 | auc:1.000
2026-01-20 18:08:01,512 | INFO | val time bin [12.0h, 16.0h): samples=88 | accuracy:0.523 | precision:1.000 | recall:0.125 | f1:0.222 | auc:1.000
2026-01-20 18:08:01,517 | INFO | val time bin [16.0h, 24.0h): samples=176 | accuracy:0.568 | precision:1.000 | recall:0.208 | f1:0.345 | auc:0.987
2026-01-20 18:08:01,522 | INFO | val time bin [24.0h, 32.0h): samples=176 | accuracy:0.920 | precision:1.000 | recall:0.854 | f1:0.921 | auc:1.000
2026-01-20 18:08:01,522 | INFO | val: accuracy:0.7755 | precision:1.0000 | recall:0.5842 | f1:0.7376 | auc:0.9834 | loss:1.4237
2026-01-20 18:08:01,522 | INFO | Fold 2/5 - Epoch 4/100
2026-01-20 18:10:05,857 | INFO | train loss: 0.0158
2026-01-20 18:10:37,501 | INFO | val threshold sweep:
  thr=0.10 | P=0.98 | R=1.00 | F1=0.99 | TP=544
  thr=0.15 | P=0.99 | R=0.99 | F1=0.99 | TP=543
  thr=0.20 | P=0.99 | R=0.99 | F1=0.99 | TP=543
  thr=0.25 | P=0.99 | R=0.99 | F1=0.99 | TP=543
  thr=0.30 | P=0.99 | R=0.99 | F1=0.99 | TP=543
  thr=0.50 | P=1.00 | R=0.99 | F1=1.00 | TP=542
2026-01-20 18:10:37,506 | INFO | val time bin [0.0h, 8.0h): samples=164 | accuracy:0.976 | precision:1.000 | recall:0.952 | f1:0.976 | auc:1.000
2026-01-20 18:10:37,511 | INFO | val time bin [8.0h, 12.0h): samples=88 | accuracy:1.000 | precision:1.000 | recall:1.000 | f1:1.000 | auc:1.000
2026-01-20 18:10:37,516 | INFO | val time bin [12.0h, 16.0h): samples=88 | accuracy:1.000 | precision:1.000 | recall:1.000 | f1:1.000 | auc:1.000
2026-01-20 18:10:37,521 | INFO | val time bin [16.0h, 24.0h): samples=176 | accuracy:1.000 | precision:1.000 | recall:1.000 | f1:1.000 | auc:1.000
2026-01-20 18:10:37,526 | INFO | val time bin [24.0h, 32.0h): samples=176 | accuracy:1.000 | precision:1.000 | recall:1.000 | f1:1.000 | auc:1.000
2026-01-20 18:10:37,526 | INFO | val: accuracy:0.9951 | precision:0.9982 | recall:0.9927 | f1:0.9954 | auc:0.9999 | loss:0.0160
2026-01-20 18:10:39,174 | INFO | New best model with auc 0.9999
2026-01-20 18:10:39,175 | INFO | Fold 2/5 - Epoch 5/100
2026-01-20 18:12:38,569 | INFO | train loss: 0.0096
2026-01-20 18:13:10,472 | INFO | val threshold sweep:
  thr=0.10 | P=0.97 | R=1.00 | F1=0.99 | TP=546
  thr=0.15 | P=0.97 | R=1.00 | F1=0.99 | TP=546
  thr=0.20 | P=0.98 | R=1.00 | F1=0.99 | TP=545
  thr=0.25 | P=0.99 | R=1.00 | F1=0.99 | TP=545
  thr=0.30 | P=0.99 | R=1.00 | F1=0.99 | TP=545
  thr=0.50 | P=1.00 | R=1.00 | F1=1.00 | TP=544
2026-01-20 18:13:10,477 | INFO | val time bin [0.0h, 8.0h): samples=164 | accuracy:0.976 | precision:0.976 | recall:0.976 | f1:0.976 | auc:0.999
2026-01-20 18:13:10,482 | INFO | val time bin [8.0h, 12.0h): samples=88 | accuracy:1.000 | precision:1.000 | recall:1.000 | f1:1.000 | auc:1.000
2026-01-20 18:13:10,487 | INFO | val time bin [12.0h, 16.0h): samples=88 | accuracy:1.000 | precision:1.000 | recall:1.000 | f1:1.000 | auc:1.000
2026-01-20 18:13:10,492 | INFO | val time bin [16.0h, 24.0h): samples=176 | accuracy:1.000 | precision:1.000 | recall:1.000 | f1:1.000 | auc:1.000
2026-01-20 18:13:10,497 | INFO | val time bin [24.0h, 32.0h): samples=176 | accuracy:1.000 | precision:1.000 | recall:1.000 | f1:1.000 | auc:1.000
2026-01-20 18:13:10,497 | INFO | val: accuracy:0.9960 | precision:0.9963 | recall:0.9963 | f1:0.9963 | auc:0.9999 | loss:0.0115
2026-01-20 18:13:12,160 | INFO | New best model with auc 0.9999
2026-01-20 18:13:12,160 | INFO | Fold 2/5 - Epoch 6/100
2026-01-20 18:15:12,702 | INFO | train loss: 0.0095
2026-01-20 18:15:44,674 | INFO | val threshold sweep:
  thr=0.10 | P=1.00 | R=0.98 | F1=0.99 | TP=535
  thr=0.15 | P=1.00 | R=0.97 | F1=0.99 | TP=530
  thr=0.20 | P=1.00 | R=0.97 | F1=0.98 | TP=527
  thr=0.25 | P=1.00 | R=0.96 | F1=0.98 | TP=524
  thr=0.30 | P=1.00 | R=0.96 | F1=0.98 | TP=522
  thr=0.50 | P=1.00 | R=0.95 | F1=0.97 | TP=517
2026-01-20 18:15:44,679 | INFO | val time bin [0.0h, 8.0h): samples=164 | accuracy:0.872 | precision:1.000 | recall:0.750 | f1:0.857 | auc:1.000
2026-01-20 18:15:44,684 | INFO | val time bin [8.0h, 12.0h): samples=88 | accuracy:0.909 | precision:1.000 | recall:0.833 | f1:0.909 | auc:1.000
2026-01-20 18:15:44,689 | INFO | val time bin [12.0h, 16.0h): samples=88 | accuracy:1.000 | precision:1.000 | recall:1.000 | f1:1.000 | auc:1.000
2026-01-20 18:15:44,694 | INFO | val time bin [16.0h, 24.0h): samples=176 | accuracy:1.000 | precision:1.000 | recall:1.000 | f1:1.000 | auc:1.000
2026-01-20 18:15:44,699 | INFO | val time bin [24.0h, 32.0h): samples=176 | accuracy:1.000 | precision:1.000 | recall:1.000 | f1:1.000 | auc:1.000
2026-01-20 18:15:44,699 | INFO | val: accuracy:0.9713 | precision:1.0000 | recall:0.9469 | f1:0.9727 | auc:1.0000 | loss:0.0890
2026-01-20 18:15:46,263 | INFO | New best model with auc 1.0000
2026-01-20 18:15:46,263 | INFO | Fold 2/5 - Epoch 7/100
2026-01-20 18:17:46,973 | INFO | train loss: 0.0062
2026-01-20 18:18:18,936 | INFO | val threshold sweep:
  thr=0.10 | P=1.00 | R=0.96 | F1=0.98 | TP=524
  thr=0.15 | P=1.00 | R=0.95 | F1=0.97 | TP=519
  thr=0.20 | P=1.00 | R=0.94 | F1=0.97 | TP=513
  thr=0.25 | P=1.00 | R=0.94 | F1=0.97 | TP=511
  thr=0.30 | P=1.00 | R=0.93 | F1=0.97 | TP=510
  thr=0.50 | P=1.00 | R=0.92 | F1=0.96 | TP=503
2026-01-20 18:18:18,941 | INFO | val time bin [0.0h, 8.0h): samples=164 | accuracy:0.835 | precision:1.000 | recall:0.679 | f1:0.809 | auc:1.000
2026-01-20 18:18:18,946 | INFO | val time bin [8.0h, 12.0h): samples=88 | accuracy:0.830 | precision:1.000 | recall:0.688 | f1:0.815 | auc:1.000
2026-01-20 18:18:18,951 | INFO | val time bin [12.0h, 16.0h): samples=88 | accuracy:0.989 | precision:1.000 | recall:0.979 | f1:0.989 | auc:1.000
2026-01-20 18:18:18,955 | INFO | val time bin [16.0h, 24.0h): samples=176 | accuracy:1.000 | precision:1.000 | recall:1.000 | f1:1.000 | auc:1.000
2026-01-20 18:18:18,960 | INFO | val time bin [24.0h, 32.0h): samples=176 | accuracy:1.000 | precision:1.000 | recall:1.000 | f1:1.000 | auc:1.000
2026-01-20 18:18:18,960 | INFO | val: accuracy:0.9575 | precision:1.0000 | recall:0.9212 | f1:0.9590 | auc:1.0000 | loss:0.1312
2026-01-20 18:18:20,625 | INFO | New best model with auc 1.0000
2026-01-20 18:18:20,625 | INFO | Fold 2/5 - Epoch 8/100
2026-01-20 18:20:19,430 | INFO | train loss: 0.0038
2026-01-20 18:20:51,423 | INFO | val threshold sweep:
  thr=0.10 | P=1.00 | R=0.99 | F1=0.99 | TP=539
  thr=0.15 | P=1.00 | R=0.98 | F1=0.99 | TP=536
  thr=0.20 | P=1.00 | R=0.98 | F1=0.99 | TP=534
  thr=0.25 | P=1.00 | R=0.98 | F1=0.99 | TP=534
  thr=0.30 | P=1.00 | R=0.98 | F1=0.99 | TP=534
  thr=0.50 | P=1.00 | R=0.97 | F1=0.99 | TP=532
2026-01-20 18:20:51,428 | INFO | val time bin [0.0h, 8.0h): samples=164 | accuracy:0.915 | precision:1.000 | recall:0.833 | f1:0.909 | auc:1.000
2026-01-20 18:20:51,433 | INFO | val time bin [8.0h, 12.0h): samples=88 | accuracy:1.000 | precision:1.000 | recall:1.000 | f1:1.000 | auc:1.000
2026-01-20 18:20:51,438 | INFO | val time bin [12.0h, 16.0h): samples=88 | accuracy:1.000 | precision:1.000 | recall:1.000 | f1:1.000 | auc:1.000
2026-01-20 18:20:51,443 | INFO | val time bin [16.0h, 24.0h): samples=176 | accuracy:1.000 | precision:1.000 | recall:1.000 | f1:1.000 | auc:1.000
2026-01-20 18:20:51,447 | INFO | val time bin [24.0h, 32.0h): samples=176 | accuracy:1.000 | precision:1.000 | recall:1.000 | f1:1.000 | auc:1.000
2026-01-20 18:20:51,448 | INFO | val: accuracy:0.9862 | precision:1.0000 | recall:0.9744 | f1:0.9870 | auc:1.0000 | loss:0.0462
2026-01-20 18:20:51,448 | INFO | Fold 2/5 - Epoch 9/100
2026-01-20 18:22:51,793 | INFO | train loss: 0.0037
2026-01-20 18:23:23,830 | INFO | val threshold sweep:
  thr=0.10 | P=0.99 | R=1.00 | F1=1.00 | TP=546
  thr=0.15 | P=0.99 | R=1.00 | F1=1.00 | TP=546
  thr=0.20 | P=1.00 | R=1.00 | F1=1.00 | TP=546
  thr=0.25 | P=1.00 | R=1.00 | F1=1.00 | TP=546
  thr=0.30 | P=1.00 | R=1.00 | F1=1.00 | TP=546
  thr=0.50 | P=1.00 | R=1.00 | F1=1.00 | TP=546
2026-01-20 18:23:23,836 | INFO | val time bin [0.0h, 8.0h): samples=164 | accuracy:1.000 | precision:1.000 | recall:1.000 | f1:1.000 | auc:1.000
2026-01-20 18:23:23,840 | INFO | val time bin [8.0h, 12.0h): samples=88 | accuracy:1.000 | precision:1.000 | recall:1.000 | f1:1.000 | auc:1.000
2026-01-20 18:23:23,845 | INFO | val time bin [12.0h, 16.0h): samples=88 | accuracy:1.000 | precision:1.000 | recall:1.000 | f1:1.000 | auc:1.000
2026-01-20 18:23:23,850 | INFO | val time bin [16.0h, 24.0h): samples=176 | accuracy:1.000 | precision:1.000 | recall:1.000 | f1:1.000 | auc:1.000
2026-01-20 18:23:23,855 | INFO | val time bin [24.0h, 32.0h): samples=176 | accuracy:1.000 | precision:1.000 | recall:1.000 | f1:1.000 | auc:1.000
2026-01-20 18:23:23,855 | INFO | val: accuracy:1.0000 | precision:1.0000 | recall:1.0000 | f1:1.0000 | auc:1.0000 | loss:0.0035
2026-01-20 18:23:23,855 | INFO | Fold 2/5 - Epoch 10/100
2026-01-20 18:25:25,032 | INFO | train loss: 0.0046
2026-01-20 18:25:56,050 | INFO | val threshold sweep:
  thr=0.10 | P=0.97 | R=1.00 | F1=0.99 | TP=546
  thr=0.15 | P=0.98 | R=1.00 | F1=0.99 | TP=546
  thr=0.20 | P=0.98 | R=1.00 | F1=0.99 | TP=546
  thr=0.25 | P=0.98 | R=1.00 | F1=0.99 | TP=546
  thr=0.30 | P=0.99 | R=1.00 | F1=0.99 | TP=546
  thr=0.50 | P=0.99 | R=1.00 | F1=1.00 | TP=546
2026-01-20 18:25:56,056 | INFO | val time bin [0.0h, 8.0h): samples=164 | accuracy:0.982 | precision:0.966 | recall:1.000 | f1:0.982 | auc:0.998
2026-01-20 18:25:56,061 | INFO | val time bin [8.0h, 12.0h): samples=88 | accuracy:1.000 | precision:1.000 | recall:1.000 | f1:1.000 | auc:1.000
2026-01-20 18:25:56,065 | INFO | val time bin [12.0h, 16.0h): samples=88 | accuracy:0.989 | precision:0.980 | recall:1.000 | f1:0.990 | auc:1.000
2026-01-20 18:25:56,070 | INFO | val time bin [16.0h, 24.0h): samples=176 | accuracy:1.000 | precision:1.000 | recall:1.000 | f1:1.000 | auc:1.000
2026-01-20 18:25:56,075 | INFO | val time bin [24.0h, 32.0h): samples=176 | accuracy:1.000 | precision:1.000 | recall:1.000 | f1:1.000 | auc:1.000
2026-01-20 18:25:56,075 | INFO | val: accuracy:0.9960 | precision:0.9927 | recall:1.0000 | f1:0.9964 | auc:0.9999 | loss:0.0188
2026-01-20 18:25:56,075 | INFO | Fold 2/5 - Epoch 11/100
2026-01-20 18:27:55,298 | INFO | train loss: 0.0059
2026-01-20 18:28:26,666 | INFO | val threshold sweep:
  thr=0.10 | P=1.00 | R=0.99 | F1=0.99 | TP=540
  thr=0.15 | P=1.00 | R=0.99 | F1=0.99 | TP=539
  thr=0.20 | P=1.00 | R=0.99 | F1=0.99 | TP=539
  thr=0.25 | P=1.00 | R=0.99 | F1=0.99 | TP=539
  thr=0.30 | P=1.00 | R=0.99 | F1=0.99 | TP=539
  thr=0.50 | P=1.00 | R=0.98 | F1=0.99 | TP=534
2026-01-20 18:28:26,671 | INFO | val time bin [0.0h, 8.0h): samples=164 | accuracy:0.927 | precision:1.000 | recall:0.857 | f1:0.923 | auc:1.000
2026-01-20 18:28:26,676 | INFO | val time bin [8.0h, 12.0h): samples=88 | accuracy:1.000 | precision:1.000 | recall:1.000 | f1:1.000 | auc:1.000
2026-01-20 18:28:26,681 | INFO | val time bin [12.0h, 16.0h): samples=88 | accuracy:1.000 | precision:1.000 | recall:1.000 | f1:1.000 | auc:1.000
2026-01-20 18:28:26,686 | INFO | val time bin [16.0h, 24.0h): samples=176 | accuracy:1.000 | precision:1.000 | recall:1.000 | f1:1.000 | auc:1.000
2026-01-20 18:28:26,691 | INFO | val time bin [24.0h, 32.0h): samples=176 | accuracy:1.000 | precision:1.000 | recall:1.000 | f1:1.000 | auc:1.000
2026-01-20 18:28:26,691 | INFO | val: accuracy:0.9881 | precision:1.0000 | recall:0.9780 | f1:0.9889 | auc:1.0000 | loss:0.0409
2026-01-20 18:28:26,691 | INFO | Fold 2/5 - Epoch 12/100
2026-01-20 18:30:26,882 | INFO | train loss: 0.0043
2026-01-20 18:30:57,714 | INFO | val threshold sweep:
  thr=0.10 | P=1.00 | R=1.00 | F1=1.00 | TP=545
  thr=0.15 | P=1.00 | R=1.00 | F1=1.00 | TP=545
  thr=0.20 | P=1.00 | R=1.00 | F1=1.00 | TP=545
  thr=0.25 | P=1.00 | R=1.00 | F1=1.00 | TP=545
  thr=0.30 | P=1.00 | R=1.00 | F1=1.00 | TP=544
  thr=0.50 | P=1.00 | R=0.99 | F1=1.00 | TP=542
2026-01-20 18:30:57,720 | INFO | val time bin [0.0h, 8.0h): samples=164 | accuracy:0.976 | precision:1.000 | recall:0.952 | f1:0.976 | auc:1.000
2026-01-20 18:30:57,724 | INFO | val time bin [8.0h, 12.0h): samples=88 | accuracy:1.000 | precision:1.000 | recall:1.000 | f1:1.000 | auc:1.000
2026-01-20 18:30:57,729 | INFO | val time bin [12.0h, 16.0h): samples=88 | accuracy:1.000 | precision:1.000 | recall:1.000 | f1:1.000 | auc:1.000
2026-01-20 18:30:57,734 | INFO | val time bin [16.0h, 24.0h): samples=176 | accuracy:1.000 | precision:1.000 | recall:1.000 | f1:1.000 | auc:1.000
2026-01-20 18:30:57,739 | INFO | val time bin [24.0h, 32.0h): samples=176 | accuracy:1.000 | precision:1.000 | recall:1.000 | f1:1.000 | auc:1.000
2026-01-20 18:30:57,739 | INFO | val: accuracy:0.9960 | precision:1.0000 | recall:0.9927 | f1:0.9963 | auc:1.0000 | loss:0.0073
2026-01-20 18:30:57,739 | INFO | Fold 2/5 - Epoch 13/100
2026-01-20 18:32:56,200 | INFO | train loss: 0.0034
2026-01-20 18:33:28,227 | INFO | val threshold sweep:
  thr=0.10 | P=1.00 | R=0.99 | F1=0.99 | TP=539
  thr=0.15 | P=1.00 | R=0.99 | F1=0.99 | TP=538
  thr=0.20 | P=1.00 | R=0.98 | F1=0.99 | TP=537
  thr=0.25 | P=1.00 | R=0.98 | F1=0.99 | TP=537
  thr=0.30 | P=1.00 | R=0.98 | F1=0.99 | TP=536
  thr=0.50 | P=1.00 | R=0.97 | F1=0.99 | TP=531
2026-01-20 18:33:28,232 | INFO | val time bin [0.0h, 8.0h): samples=164 | accuracy:0.927 | precision:1.000 | recall:0.857 | f1:0.923 | auc:1.000
2026-01-20 18:33:28,237 | INFO | val time bin [8.0h, 12.0h): samples=88 | accuracy:0.966 | precision:1.000 | recall:0.938 | f1:0.968 | auc:1.000
2026-01-20 18:33:28,241 | INFO | val time bin [12.0h, 16.0h): samples=88 | accuracy:1.000 | precision:1.000 | recall:1.000 | f1:1.000 | auc:1.000
2026-01-20 18:33:28,246 | INFO | val time bin [16.0h, 24.0h): samples=176 | accuracy:1.000 | precision:1.000 | recall:1.000 | f1:1.000 | auc:1.000
2026-01-20 18:33:28,251 | INFO | val time bin [24.0h, 32.0h): samples=176 | accuracy:1.000 | precision:1.000 | recall:1.000 | f1:1.000 | auc:1.000
2026-01-20 18:33:28,251 | INFO | val: accuracy:0.9852 | precision:1.0000 | recall:0.9725 | f1:0.9861 | auc:1.0000 | loss:0.0352
2026-01-20 18:33:28,251 | INFO | Fold 2/5 - Epoch 14/100
2026-01-20 18:35:25,320 | INFO | train loss: 0.0009
2026-01-20 18:35:57,455 | INFO | val threshold sweep:
  thr=0.10 | P=1.00 | R=1.00 | F1=1.00 | TP=546
  thr=0.15 | P=1.00 | R=1.00 | F1=1.00 | TP=546
  thr=0.20 | P=1.00 | R=1.00 | F1=1.00 | TP=546
  thr=0.25 | P=1.00 | R=1.00 | F1=1.00 | TP=546
  thr=0.30 | P=1.00 | R=1.00 | F1=1.00 | TP=545
  thr=0.50 | P=1.00 | R=1.00 | F1=1.00 | TP=544
2026-01-20 18:35:57,460 | INFO | val time bin [0.0h, 8.0h): samples=164 | accuracy:0.988 | precision:1.000 | recall:0.976 | f1:0.988 | auc:1.000
2026-01-20 18:35:57,465 | INFO | val time bin [8.0h, 12.0h): samples=88 | accuracy:1.000 | precision:1.000 | recall:1.000 | f1:1.000 | auc:1.000
2026-01-20 18:35:57,470 | INFO | val time bin [12.0h, 16.0h): samples=88 | accuracy:1.000 | precision:1.000 | recall:1.000 | f1:1.000 | auc:1.000
2026-01-20 18:35:57,475 | INFO | val time bin [16.0h, 24.0h): samples=176 | accuracy:1.000 | precision:1.000 | recall:1.000 | f1:1.000 | auc:1.000
2026-01-20 18:35:57,480 | INFO | val time bin [24.0h, 32.0h): samples=176 | accuracy:1.000 | precision:1.000 | recall:1.000 | f1:1.000 | auc:1.000
2026-01-20 18:35:57,480 | INFO | val: accuracy:0.9980 | precision:1.0000 | recall:0.9963 | f1:0.9982 | auc:1.0000 | loss:0.0040
2026-01-20 18:35:57,480 | INFO | Fold 2/5 - Epoch 15/100
2026-01-20 18:37:56,751 | INFO | train loss: 0.0006
2026-01-20 18:38:28,284 | INFO | val threshold sweep:
  thr=0.10 | P=1.00 | R=0.99 | F1=0.99 | TP=540
  thr=0.15 | P=1.00 | R=0.99 | F1=0.99 | TP=538
  thr=0.20 | P=1.00 | R=0.98 | F1=0.99 | TP=537
  thr=0.25 | P=1.00 | R=0.98 | F1=0.99 | TP=534
  thr=0.30 | P=1.00 | R=0.98 | F1=0.99 | TP=534
  thr=0.50 | P=1.00 | R=0.97 | F1=0.98 | TP=528
2026-01-20 18:38:28,289 | INFO | val time bin [0.0h, 8.0h): samples=164 | accuracy:0.902 | precision:1.000 | recall:0.810 | f1:0.895 | auc:1.000
2026-01-20 18:38:28,294 | INFO | val time bin [8.0h, 12.0h): samples=88 | accuracy:0.977 | precision:1.000 | recall:0.958 | f1:0.979 | auc:1.000
2026-01-20 18:38:28,299 | INFO | val time bin [12.0h, 16.0h): samples=88 | accuracy:1.000 | precision:1.000 | recall:1.000 | f1:1.000 | auc:1.000
2026-01-20 18:38:28,304 | INFO | val time bin [16.0h, 24.0h): samples=176 | accuracy:1.000 | precision:1.000 | recall:1.000 | f1:1.000 | auc:1.000
2026-01-20 18:38:28,309 | INFO | val time bin [24.0h, 32.0h): samples=176 | accuracy:1.000 | precision:1.000 | recall:1.000 | f1:1.000 | auc:1.000
2026-01-20 18:38:28,309 | INFO | val: accuracy:0.9822 | precision:1.0000 | recall:0.9670 | f1:0.9832 | auc:1.0000 | loss:0.0379
2026-01-20 18:38:28,309 | INFO | Fold 2/5 - Epoch 16/100
2026-01-20 18:40:32,210 | INFO | train loss: 0.0030
2026-01-20 18:41:03,766 | INFO | val threshold sweep:
  thr=0.10 | P=1.00 | R=0.99 | F1=0.99 | TP=538
  thr=0.15 | P=1.00 | R=0.98 | F1=0.99 | TP=536
  thr=0.20 | P=1.00 | R=0.98 | F1=0.99 | TP=535
  thr=0.25 | P=1.00 | R=0.98 | F1=0.99 | TP=533
  thr=0.30 | P=1.00 | R=0.97 | F1=0.99 | TP=531
  thr=0.50 | P=1.00 | R=0.96 | F1=0.98 | TP=525
2026-01-20 18:41:03,772 | INFO | val time bin [0.0h, 8.0h): samples=164 | accuracy:0.890 | precision:1.000 | recall:0.786 | f1:0.880 | auc:1.000
2026-01-20 18:41:03,776 | INFO | val time bin [8.0h, 12.0h): samples=88 | accuracy:0.966 | precision:1.000 | recall:0.938 | f1:0.968 | auc:1.000
2026-01-20 18:41:03,781 | INFO | val time bin [12.0h, 16.0h): samples=88 | accuracy:1.000 | precision:1.000 | recall:1.000 | f1:1.000 | auc:1.000
2026-01-20 18:41:03,786 | INFO | val time bin [16.0h, 24.0h): samples=176 | accuracy:1.000 | precision:1.000 | recall:1.000 | f1:1.000 | auc:1.000
2026-01-20 18:41:03,791 | INFO | val time bin [24.0h, 32.0h): samples=176 | accuracy:1.000 | precision:1.000 | recall:1.000 | f1:1.000 | auc:1.000
2026-01-20 18:41:03,791 | INFO | val: accuracy:0.9792 | precision:1.0000 | recall:0.9615 | f1:0.9804 | auc:1.0000 | loss:0.0564
2026-01-20 18:41:03,791 | INFO | Fold 2/5 - Epoch 17/100
2026-01-20 18:43:06,094 | INFO | train loss: 0.0027
2026-01-20 18:43:37,913 | INFO | val threshold sweep:
  thr=0.10 | P=1.00 | R=1.00 | F1=1.00 | TP=544
  thr=0.15 | P=1.00 | R=0.99 | F1=1.00 | TP=542
  thr=0.20 | P=1.00 | R=0.99 | F1=1.00 | TP=541
  thr=0.25 | P=1.00 | R=0.99 | F1=0.99 | TP=540
  thr=0.30 | P=1.00 | R=0.99 | F1=0.99 | TP=540
  thr=0.50 | P=1.00 | R=0.98 | F1=0.99 | TP=534
2026-01-20 18:43:37,918 | INFO | val time bin [0.0h, 8.0h): samples=164 | accuracy:0.933 | precision:1.000 | recall:0.869 | f1:0.930 | auc:1.000
2026-01-20 18:43:37,923 | INFO | val time bin [8.0h, 12.0h): samples=88 | accuracy:0.989 | precision:1.000 | recall:0.979 | f1:0.989 | auc:1.000
2026-01-20 18:43:37,928 | INFO | val time bin [12.0h, 16.0h): samples=88 | accuracy:1.000 | precision:1.000 | recall:1.000 | f1:1.000 | auc:1.000
2026-01-20 18:43:37,933 | INFO | val time bin [16.0h, 24.0h): samples=176 | accuracy:1.000 | precision:1.000 | recall:1.000 | f1:1.000 | auc:1.000
2026-01-20 18:43:37,938 | INFO | val time bin [24.0h, 32.0h): samples=176 | accuracy:1.000 | precision:1.000 | recall:1.000 | f1:1.000 | auc:1.000
2026-01-20 18:43:37,938 | INFO | val: accuracy:0.9881 | precision:1.0000 | recall:0.9780 | f1:0.9889 | auc:1.0000 | loss:0.0221
2026-01-20 18:43:37,938 | INFO | Fold 2/5 - Epoch 18/100
2026-01-20 18:45:37,497 | INFO | train loss: 0.0030
2026-01-20 18:46:08,925 | INFO | val threshold sweep:
  thr=0.10 | P=1.00 | R=1.00 | F1=1.00 | TP=546
  thr=0.15 | P=1.00 | R=1.00 | F1=1.00 | TP=546
  thr=0.20 | P=1.00 | R=1.00 | F1=1.00 | TP=546
  thr=0.25 | P=1.00 | R=1.00 | F1=1.00 | TP=546
  thr=0.30 | P=1.00 | R=1.00 | F1=1.00 | TP=546
  thr=0.50 | P=1.00 | R=1.00 | F1=1.00 | TP=545
2026-01-20 18:46:08,931 | INFO | val time bin [0.0h, 8.0h): samples=164 | accuracy:0.994 | precision:1.000 | recall:0.988 | f1:0.994 | auc:1.000
2026-01-20 18:46:08,935 | INFO | val time bin [8.0h, 12.0h): samples=88 | accuracy:1.000 | precision:1.000 | recall:1.000 | f1:1.000 | auc:1.000
2026-01-20 18:46:08,940 | INFO | val time bin [12.0h, 16.0h): samples=88 | accuracy:1.000 | precision:1.000 | recall:1.000 | f1:1.000 | auc:1.000
2026-01-20 18:46:08,945 | INFO | val time bin [16.0h, 24.0h): samples=176 | accuracy:1.000 | precision:1.000 | recall:1.000 | f1:1.000 | auc:1.000
2026-01-20 18:46:08,950 | INFO | val time bin [24.0h, 32.0h): samples=176 | accuracy:1.000 | precision:1.000 | recall:1.000 | f1:1.000 | auc:1.000
2026-01-20 18:46:08,950 | INFO | val: accuracy:0.9990 | precision:1.0000 | recall:0.9982 | f1:0.9991 | auc:1.0000 | loss:0.0020
2026-01-20 18:46:08,950 | INFO | Fold 2/5 - Epoch 19/100
2026-01-20 18:48:10,552 | INFO | train loss: 0.0025
2026-01-20 18:48:42,730 | INFO | val threshold sweep:
  thr=0.10 | P=1.00 | R=0.95 | F1=0.97 | TP=516
  thr=0.15 | P=1.00 | R=0.94 | F1=0.97 | TP=513
  thr=0.20 | P=1.00 | R=0.94 | F1=0.97 | TP=511
  thr=0.25 | P=1.00 | R=0.93 | F1=0.97 | TP=510
  thr=0.30 | P=1.00 | R=0.93 | F1=0.96 | TP=509
  thr=0.50 | P=1.00 | R=0.92 | F1=0.96 | TP=504
2026-01-20 18:48:42,735 | INFO | val time bin [0.0h, 8.0h): samples=164 | accuracy:0.799 | precision:1.000 | recall:0.607 | f1:0.756 | auc:0.997
2026-01-20 18:48:42,740 | INFO | val time bin [8.0h, 12.0h): samples=88 | accuracy:0.898 | precision:1.000 | recall:0.812 | f1:0.897 | auc:1.000
2026-01-20 18:48:42,745 | INFO | val time bin [12.0h, 16.0h): samples=88 | accuracy:1.000 | precision:1.000 | recall:1.000 | f1:1.000 | auc:1.000
2026-01-20 18:48:42,749 | INFO | val time bin [16.0h, 24.0h): samples=176 | accuracy:1.000 | precision:1.000 | recall:1.000 | f1:1.000 | auc:1.000
2026-01-20 18:48:42,754 | INFO | val time bin [24.0h, 32.0h): samples=176 | accuracy:1.000 | precision:1.000 | recall:1.000 | f1:1.000 | auc:1.000
2026-01-20 18:48:42,754 | INFO | val: accuracy:0.9585 | precision:1.0000 | recall:0.9231 | f1:0.9600 | auc:0.9999 | loss:0.1972
2026-01-20 18:48:42,755 | INFO | Fold 2/5 - Epoch 20/100
2026-01-20 18:50:42,680 | INFO | train loss: 0.0044
2026-01-20 18:51:13,821 | INFO | val threshold sweep:
  thr=0.10 | P=1.00 | R=0.99 | F1=1.00 | TP=543
  thr=0.15 | P=1.00 | R=0.99 | F1=0.99 | TP=539
  thr=0.20 | P=1.00 | R=0.99 | F1=0.99 | TP=538
  thr=0.25 | P=1.00 | R=0.99 | F1=0.99 | TP=538
  thr=0.30 | P=1.00 | R=0.99 | F1=0.99 | TP=538
  thr=0.50 | P=1.00 | R=0.98 | F1=0.99 | TP=536
2026-01-20 18:51:13,826 | INFO | val time bin [0.0h, 8.0h): samples=164 | accuracy:0.939 | precision:1.000 | recall:0.881 | f1:0.937 | auc:1.000
2026-01-20 18:51:13,831 | INFO | val time bin [8.0h, 12.0h): samples=88 | accuracy:1.000 | precision:1.000 | recall:1.000 | f1:1.000 | auc:1.000
2026-01-20 18:51:13,836 | INFO | val time bin [12.0h, 16.0h): samples=88 | accuracy:1.000 | precision:1.000 | recall:1.000 | f1:1.000 | auc:1.000
2026-01-20 18:51:13,841 | INFO | val time bin [16.0h, 24.0h): samples=176 | accuracy:1.000 | precision:1.000 | recall:1.000 | f1:1.000 | auc:1.000
2026-01-20 18:51:13,846 | INFO | val time bin [24.0h, 32.0h): samples=176 | accuracy:1.000 | precision:1.000 | recall:1.000 | f1:1.000 | auc:1.000
2026-01-20 18:51:13,846 | INFO | val: accuracy:0.9901 | precision:1.0000 | recall:0.9817 | f1:0.9908 | auc:1.0000 | loss:0.0243
2026-01-20 18:51:13,846 | INFO | Fold 2/5 - Epoch 21/100
2026-01-20 18:53:16,155 | INFO | train loss: 0.0023
2026-01-20 18:53:47,064 | INFO | val threshold sweep:
  thr=0.10 | P=0.99 | R=1.00 | F1=0.99 | TP=546
  thr=0.15 | P=0.99 | R=1.00 | F1=1.00 | TP=546
  thr=0.20 | P=0.99 | R=1.00 | F1=1.00 | TP=546
  thr=0.25 | P=0.99 | R=1.00 | F1=1.00 | TP=546
  thr=0.30 | P=1.00 | R=1.00 | F1=1.00 | TP=546
  thr=0.50 | P=1.00 | R=1.00 | F1=1.00 | TP=546
2026-01-20 18:53:47,069 | INFO | val time bin [0.0h, 8.0h): samples=164 | accuracy:1.000 | precision:1.000 | recall:1.000 | f1:1.000 | auc:1.000
2026-01-20 18:53:47,074 | INFO | val time bin [8.0h, 12.0h): samples=88 | accuracy:1.000 | precision:1.000 | recall:1.000 | f1:1.000 | auc:1.000
2026-01-20 18:53:47,079 | INFO | val time bin [12.0h, 16.0h): samples=88 | accuracy:1.000 | precision:1.000 | recall:1.000 | f1:1.000 | auc:1.000
2026-01-20 18:53:47,084 | INFO | val time bin [16.0h, 24.0h): samples=176 | accuracy:0.994 | precision:0.990 | recall:1.000 | f1:0.995 | auc:1.000
2026-01-20 18:53:47,089 | INFO | val time bin [24.0h, 32.0h): samples=176 | accuracy:1.000 | precision:1.000 | recall:1.000 | f1:1.000 | auc:1.000
2026-01-20 18:53:47,089 | INFO | val: accuracy:0.9990 | precision:0.9982 | recall:1.0000 | f1:0.9991 | auc:1.0000 | loss:0.0034
2026-01-20 18:53:47,089 | INFO | Fold 2/5 - Epoch 22/100
2026-01-20 18:55:50,092 | INFO | train loss: 0.0011
2026-01-20 18:56:21,916 | INFO | val threshold sweep:
  thr=0.10 | P=1.00 | R=1.00 | F1=1.00 | TP=546
  thr=0.15 | P=1.00 | R=1.00 | F1=1.00 | TP=545
  thr=0.20 | P=1.00 | R=1.00 | F1=1.00 | TP=545
  thr=0.25 | P=1.00 | R=1.00 | F1=1.00 | TP=545
  thr=0.30 | P=1.00 | R=1.00 | F1=1.00 | TP=545
  thr=0.50 | P=1.00 | R=1.00 | F1=1.00 | TP=545
2026-01-20 18:56:21,922 | INFO | val time bin [0.0h, 8.0h): samples=164 | accuracy:0.994 | precision:1.000 | recall:0.988 | f1:0.994 | auc:1.000
2026-01-20 18:56:21,927 | INFO | val time bin [8.0h, 12.0h): samples=88 | accuracy:1.000 | precision:1.000 | recall:1.000 | f1:1.000 | auc:1.000
2026-01-20 18:56:21,931 | INFO | val time bin [12.0h, 16.0h): samples=88 | accuracy:1.000 | precision:1.000 | recall:1.000 | f1:1.000 | auc:1.000
2026-01-20 18:56:21,936 | INFO | val time bin [16.0h, 24.0h): samples=176 | accuracy:1.000 | precision:1.000 | recall:1.000 | f1:1.000 | auc:1.000
2026-01-20 18:56:21,941 | INFO | val time bin [24.0h, 32.0h): samples=176 | accuracy:1.000 | precision:1.000 | recall:1.000 | f1:1.000 | auc:1.000
2026-01-20 18:56:21,941 | INFO | val: accuracy:0.9990 | precision:1.0000 | recall:0.9982 | f1:0.9991 | auc:1.0000 | loss:0.0032
2026-01-20 18:56:21,941 | INFO | Fold 2/5 - Epoch 23/100
2026-01-20 18:58:21,758 | INFO | train loss: 0.0004
2026-01-20 18:58:52,593 | INFO | val threshold sweep:
  thr=0.10 | P=1.00 | R=0.99 | F1=1.00 | TP=543
  thr=0.15 | P=1.00 | R=0.99 | F1=1.00 | TP=543
  thr=0.20 | P=1.00 | R=0.99 | F1=1.00 | TP=543
  thr=0.25 | P=1.00 | R=0.99 | F1=1.00 | TP=542
  thr=0.30 | P=1.00 | R=0.99 | F1=1.00 | TP=541
  thr=0.50 | P=1.00 | R=0.99 | F1=0.99 | TP=540
2026-01-20 18:58:52,598 | INFO | val time bin [0.0h, 8.0h): samples=164 | accuracy:0.963 | precision:1.000 | recall:0.929 | f1:0.963 | auc:1.000
2026-01-20 18:58:52,603 | INFO | val time bin [8.0h, 12.0h): samples=88 | accuracy:1.000 | precision:1.000 | recall:1.000 | f1:1.000 | auc:1.000
2026-01-20 18:58:52,608 | INFO | val time bin [12.0h, 16.0h): samples=88 | accuracy:1.000 | precision:1.000 | recall:1.000 | f1:1.000 | auc:1.000
2026-01-20 18:58:52,613 | INFO | val time bin [16.0h, 24.0h): samples=176 | accuracy:1.000 | precision:1.000 | recall:1.000 | f1:1.000 | auc:1.000
2026-01-20 18:58:52,618 | INFO | val time bin [24.0h, 32.0h): samples=176 | accuracy:1.000 | precision:1.000 | recall:1.000 | f1:1.000 | auc:1.000
2026-01-20 18:58:52,618 | INFO | val: accuracy:0.9941 | precision:1.0000 | recall:0.9890 | f1:0.9945 | auc:1.0000 | loss:0.0169
2026-01-20 18:58:52,618 | INFO | Fold 2/5 - Epoch 24/100
2026-01-20 19:00:54,341 | INFO | train loss: 0.0007
2026-01-20 19:01:25,276 | INFO | val threshold sweep:
  thr=0.10 | P=1.00 | R=1.00 | F1=1.00 | TP=546
  thr=0.15 | P=1.00 | R=1.00 | F1=1.00 | TP=546
  thr=0.20 | P=1.00 | R=1.00 | F1=1.00 | TP=546
  thr=0.25 | P=1.00 | R=1.00 | F1=1.00 | TP=546
  thr=0.30 | P=1.00 | R=1.00 | F1=1.00 | TP=546
  thr=0.50 | P=1.00 | R=1.00 | F1=1.00 | TP=544
2026-01-20 19:01:25,281 | INFO | val time bin [0.0h, 8.0h): samples=164 | accuracy:0.988 | precision:1.000 | recall:0.976 | f1:0.988 | auc:1.000
2026-01-20 19:01:25,286 | INFO | val time bin [8.0h, 12.0h): samples=88 | accuracy:1.000 | precision:1.000 | recall:1.000 | f1:1.000 | auc:1.000
2026-01-20 19:01:25,291 | INFO | val time bin [12.0h, 16.0h): samples=88 | accuracy:1.000 | precision:1.000 | recall:1.000 | f1:1.000 | auc:1.000
2026-01-20 19:01:25,296 | INFO | val time bin [16.0h, 24.0h): samples=176 | accuracy:1.000 | precision:1.000 | recall:1.000 | f1:1.000 | auc:1.000
2026-01-20 19:01:25,301 | INFO | val time bin [24.0h, 32.0h): samples=176 | accuracy:1.000 | precision:1.000 | recall:1.000 | f1:1.000 | auc:1.000
2026-01-20 19:01:25,301 | INFO | val: accuracy:0.9980 | precision:1.0000 | recall:0.9963 | f1:0.9982 | auc:1.0000 | loss:0.0034
2026-01-20 19:01:25,301 | INFO | Fold 2/5 - Epoch 25/100
2026-01-20 19:03:25,631 | INFO | train loss: 0.0014
2026-01-20 19:03:56,750 | INFO | val threshold sweep:
  thr=0.10 | P=1.00 | R=0.99 | F1=0.99 | TP=538
  thr=0.15 | P=1.00 | R=0.98 | F1=0.99 | TP=536
  thr=0.20 | P=1.00 | R=0.98 | F1=0.99 | TP=534
  thr=0.25 | P=1.00 | R=0.98 | F1=0.99 | TP=534
  thr=0.30 | P=1.00 | R=0.98 | F1=0.99 | TP=533
  thr=0.50 | P=1.00 | R=0.97 | F1=0.99 | TP=531
2026-01-20 19:03:56,756 | INFO | val time bin [0.0h, 8.0h): samples=164 | accuracy:0.909 | precision:1.000 | recall:0.821 | f1:0.902 | auc:1.000
2026-01-20 19:03:56,761 | INFO | val time bin [8.0h, 12.0h): samples=88 | accuracy:1.000 | precision:1.000 | recall:1.000 | f1:1.000 | auc:1.000
2026-01-20 19:03:56,766 | INFO | val time bin [12.0h, 16.0h): samples=88 | accuracy:1.000 | precision:1.000 | recall:1.000 | f1:1.000 | auc:1.000
2026-01-20 19:03:56,770 | INFO | val time bin [16.0h, 24.0h): samples=176 | accuracy:1.000 | precision:1.000 | recall:1.000 | f1:1.000 | auc:1.000
2026-01-20 19:03:56,775 | INFO | val time bin [24.0h, 32.0h): samples=176 | accuracy:1.000 | precision:1.000 | recall:1.000 | f1:1.000 | auc:1.000
2026-01-20 19:03:56,775 | INFO | val: accuracy:0.9852 | precision:1.0000 | recall:0.9725 | f1:0.9861 | auc:1.0000 | loss:0.0424
2026-01-20 19:03:56,776 | INFO | Fold 2/5 - Epoch 26/100
2026-01-20 19:05:56,701 | INFO | train loss: 0.0007
2026-01-20 19:06:28,894 | INFO | val threshold sweep:
  thr=0.10 | P=1.00 | R=1.00 | F1=1.00 | TP=546
  thr=0.15 | P=1.00 | R=1.00 | F1=1.00 | TP=546
  thr=0.20 | P=1.00 | R=1.00 | F1=1.00 | TP=546
  thr=0.25 | P=1.00 | R=1.00 | F1=1.00 | TP=546
  thr=0.30 | P=1.00 | R=1.00 | F1=1.00 | TP=546
  thr=0.50 | P=1.00 | R=1.00 | F1=1.00 | TP=545
2026-01-20 19:06:28,899 | INFO | val time bin [0.0h, 8.0h): samples=164 | accuracy:0.994 | precision:1.000 | recall:0.988 | f1:0.994 | auc:1.000
2026-01-20 19:06:28,904 | INFO | val time bin [8.0h, 12.0h): samples=88 | accuracy:1.000 | precision:1.000 | recall:1.000 | f1:1.000 | auc:1.000
2026-01-20 19:06:28,909 | INFO | val time bin [12.0h, 16.0h): samples=88 | accuracy:1.000 | precision:1.000 | recall:1.000 | f1:1.000 | auc:1.000
2026-01-20 19:06:28,914 | INFO | val time bin [16.0h, 24.0h): samples=176 | accuracy:1.000 | precision:1.000 | recall:1.000 | f1:1.000 | auc:1.000
2026-01-20 19:06:28,919 | INFO | val time bin [24.0h, 32.0h): samples=176 | accuracy:1.000 | precision:1.000 | recall:1.000 | f1:1.000 | auc:1.000
2026-01-20 19:06:28,919 | INFO | val: accuracy:0.9990 | precision:1.0000 | recall:0.9982 | f1:0.9991 | auc:1.0000 | loss:0.0023
2026-01-20 19:06:28,919 | INFO | Fold 2/5 - Epoch 27/100
2026-01-20 19:08:29,626 | INFO | train loss: 0.0009
2026-01-20 19:09:00,489 | INFO | val threshold sweep:
  thr=0.10 | P=1.00 | R=0.99 | F1=1.00 | TP=542
  thr=0.15 | P=1.00 | R=0.99 | F1=1.00 | TP=542
  thr=0.20 | P=1.00 | R=0.99 | F1=1.00 | TP=541
  thr=0.25 | P=1.00 | R=0.99 | F1=1.00 | TP=541
  thr=0.30 | P=1.00 | R=0.99 | F1=1.00 | TP=541
  thr=0.50 | P=1.00 | R=0.99 | F1=0.99 | TP=540
2026-01-20 19:09:00,494 | INFO | val time bin [0.0h, 8.0h): samples=164 | accuracy:0.963 | precision:1.000 | recall:0.929 | f1:0.963 | auc:1.000
2026-01-20 19:09:00,499 | INFO | val time bin [8.0h, 12.0h): samples=88 | accuracy:1.000 | precision:1.000 | recall:1.000 | f1:1.000 | auc:1.000
2026-01-20 19:09:00,504 | INFO | val time bin [12.0h, 16.0h): samples=88 | accuracy:1.000 | precision:1.000 | recall:1.000 | f1:1.000 | auc:1.000
2026-01-20 19:09:00,509 | INFO | val time bin [16.0h, 24.0h): samples=176 | accuracy:1.000 | precision:1.000 | recall:1.000 | f1:1.000 | auc:1.000
2026-01-20 19:09:00,514 | INFO | val time bin [24.0h, 32.0h): samples=176 | accuracy:1.000 | precision:1.000 | recall:1.000 | f1:1.000 | auc:1.000
2026-01-20 19:09:00,514 | INFO | val: accuracy:0.9941 | precision:1.0000 | recall:0.9890 | f1:0.9945 | auc:1.0000 | loss:0.0204
2026-01-20 19:09:00,514 | INFO | Fold 2/5 - Epoch 28/100
2026-01-20 19:10:57,901 | INFO | train loss: 0.0013
2026-01-20 19:11:28,631 | INFO | val threshold sweep:
  thr=0.10 | P=1.00 | R=0.99 | F1=1.00 | TP=543
  thr=0.15 | P=1.00 | R=0.99 | F1=1.00 | TP=541
  thr=0.20 | P=1.00 | R=0.99 | F1=0.99 | TP=540
  thr=0.25 | P=1.00 | R=0.99 | F1=0.99 | TP=539
  thr=0.30 | P=1.00 | R=0.99 | F1=0.99 | TP=539
  thr=0.50 | P=1.00 | R=0.98 | F1=0.99 | TP=537
2026-01-20 19:11:28,636 | INFO | val time bin [0.0h, 8.0h): samples=164 | accuracy:0.951 | precision:1.000 | recall:0.905 | f1:0.950 | auc:1.000
2026-01-20 19:11:28,641 | INFO | val time bin [8.0h, 12.0h): samples=88 | accuracy:0.989 | precision:1.000 | recall:0.979 | f1:0.989 | auc:1.000
2026-01-20 19:11:28,646 | INFO | val time bin [12.0h, 16.0h): samples=88 | accuracy:1.000 | precision:1.000 | recall:1.000 | f1:1.000 | auc:1.000
2026-01-20 19:11:28,651 | INFO | val time bin [16.0h, 24.0h): samples=176 | accuracy:1.000 | precision:1.000 | recall:1.000 | f1:1.000 | auc:1.000
2026-01-20 19:11:28,656 | INFO | val time bin [24.0h, 32.0h): samples=176 | accuracy:1.000 | precision:1.000 | recall:1.000 | f1:1.000 | auc:1.000
2026-01-20 19:11:28,656 | INFO | val: accuracy:0.9911 | precision:1.0000 | recall:0.9835 | f1:0.9917 | auc:1.0000 | loss:0.0274
2026-01-20 19:11:28,656 | INFO | Fold 2/5 - Epoch 29/100
2026-01-20 19:13:27,335 | INFO | train loss: 0.0026
2026-01-20 19:13:58,081 | INFO | val threshold sweep:
  thr=0.10 | P=1.00 | R=0.95 | F1=0.98 | TP=520
  thr=0.15 | P=1.00 | R=0.95 | F1=0.97 | TP=516
  thr=0.20 | P=1.00 | R=0.94 | F1=0.97 | TP=513
  thr=0.25 | P=1.00 | R=0.94 | F1=0.97 | TP=512
  thr=0.30 | P=1.00 | R=0.94 | F1=0.97 | TP=512
  thr=0.50 | P=1.00 | R=0.92 | F1=0.96 | TP=505
2026-01-20 19:13:58,086 | INFO | val time bin [0.0h, 8.0h): samples=164 | accuracy:0.793 | precision:1.000 | recall:0.595 | f1:0.746 | auc:1.000
2026-01-20 19:13:58,091 | INFO | val time bin [8.0h, 12.0h): samples=88 | accuracy:0.920 | precision:1.000 | recall:0.854 | f1:0.921 | auc:1.000
2026-01-20 19:13:58,096 | INFO | val time bin [12.0h, 16.0h): samples=88 | accuracy:1.000 | precision:1.000 | recall:1.000 | f1:1.000 | auc:1.000
2026-01-20 19:13:58,103 | INFO | val time bin [16.0h, 24.0h): samples=176 | accuracy:1.000 | precision:1.000 | recall:1.000 | f1:1.000 | auc:1.000
2026-01-20 19:13:58,107 | INFO | val time bin [24.0h, 32.0h): samples=176 | accuracy:1.000 | precision:1.000 | recall:1.000 | f1:1.000 | auc:1.000
2026-01-20 19:13:58,108 | INFO | val: accuracy:0.9594 | precision:1.0000 | recall:0.9249 | f1:0.9610 | auc:1.0000 | loss:0.1746
2026-01-20 19:13:58,108 | INFO | Fold 2/5 - Epoch 30/100
2026-01-20 19:15:58,412 | INFO | train loss: 0.0016
2026-01-20 19:16:29,605 | INFO | val threshold sweep:
  thr=0.10 | P=1.00 | R=1.00 | F1=1.00 | TP=546
  thr=0.15 | P=1.00 | R=1.00 | F1=1.00 | TP=546
  thr=0.20 | P=1.00 | R=1.00 | F1=1.00 | TP=546
  thr=0.25 | P=1.00 | R=1.00 | F1=1.00 | TP=546
  thr=0.30 | P=1.00 | R=1.00 | F1=1.00 | TP=546
  thr=0.50 | P=1.00 | R=1.00 | F1=1.00 | TP=546
2026-01-20 19:16:29,610 | INFO | val time bin [0.0h, 8.0h): samples=164 | accuracy:1.000 | precision:1.000 | recall:1.000 | f1:1.000 | auc:1.000
2026-01-20 19:16:29,615 | INFO | val time bin [8.0h, 12.0h): samples=88 | accuracy:1.000 | precision:1.000 | recall:1.000 | f1:1.000 | auc:1.000
2026-01-20 19:16:29,620 | INFO | val time bin [12.0h, 16.0h): samples=88 | accuracy:1.000 | precision:1.000 | recall:1.000 | f1:1.000 | auc:1.000
2026-01-20 19:16:29,625 | INFO | val time bin [16.0h, 24.0h): samples=176 | accuracy:1.000 | precision:1.000 | recall:1.000 | f1:1.000 | auc:1.000
2026-01-20 19:16:29,630 | INFO | val time bin [24.0h, 32.0h): samples=176 | accuracy:1.000 | precision:1.000 | recall:1.000 | f1:1.000 | auc:1.000
2026-01-20 19:16:29,630 | INFO | val: accuracy:1.0000 | precision:1.0000 | recall:1.0000 | f1:1.0000 | auc:1.0000 | loss:0.0009
2026-01-20 19:16:29,630 | INFO | Fold 2/5 - Epoch 31/100
2026-01-20 19:18:28,456 | INFO | train loss: 0.0028
2026-01-20 19:18:59,351 | INFO | val threshold sweep:
  thr=0.10 | P=1.00 | R=0.96 | F1=0.98 | TP=526
  thr=0.15 | P=1.00 | R=0.96 | F1=0.98 | TP=525
  thr=0.20 | P=1.00 | R=0.96 | F1=0.98 | TP=522
  thr=0.25 | P=1.00 | R=0.95 | F1=0.97 | TP=519
  thr=0.30 | P=1.00 | R=0.95 | F1=0.97 | TP=518
  thr=0.50 | P=1.00 | R=0.93 | F1=0.97 | TP=510
2026-01-20 19:18:59,357 | INFO | val time bin [0.0h, 8.0h): samples=164 | accuracy:0.860 | precision:1.000 | recall:0.726 | f1:0.841 | auc:1.000
2026-01-20 19:18:59,362 | INFO | val time bin [8.0h, 12.0h): samples=88 | accuracy:0.852 | precision:1.000 | recall:0.729 | f1:0.843 | auc:1.000
2026-01-20 19:18:59,367 | INFO | val time bin [12.0h, 16.0h): samples=88 | accuracy:1.000 | precision:1.000 | recall:1.000 | f1:1.000 | auc:1.000
2026-01-20 19:18:59,371 | INFO | val time bin [16.0h, 24.0h): samples=176 | accuracy:1.000 | precision:1.000 | recall:1.000 | f1:1.000 | auc:1.000
2026-01-20 19:18:59,376 | INFO | val time bin [24.0h, 32.0h): samples=176 | accuracy:1.000 | precision:1.000 | recall:1.000 | f1:1.000 | auc:1.000
2026-01-20 19:18:59,376 | INFO | val: accuracy:0.9644 | precision:1.0000 | recall:0.9341 | f1:0.9659 | auc:1.0000 | loss:0.1291
2026-01-20 19:18:59,377 | INFO | Fold 2/5 - Epoch 32/100
2026-01-20 19:20:59,880 | INFO | train loss: 0.0006
2026-01-20 19:21:30,743 | INFO | val threshold sweep:
  thr=0.10 | P=1.00 | R=1.00 | F1=1.00 | TP=546
  thr=0.15 | P=1.00 | R=1.00 | F1=1.00 | TP=546
  thr=0.20 | P=1.00 | R=1.00 | F1=1.00 | TP=546
  thr=0.25 | P=1.00 | R=1.00 | F1=1.00 | TP=545
  thr=0.30 | P=1.00 | R=1.00 | F1=1.00 | TP=544
  thr=0.50 | P=1.00 | R=1.00 | F1=1.00 | TP=544
2026-01-20 19:21:30,748 | INFO | val time bin [0.0h, 8.0h): samples=164 | accuracy:0.976 | precision:0.976 | recall:0.976 | f1:0.976 | auc:0.999
2026-01-20 19:21:30,753 | INFO | val time bin [8.0h, 12.0h): samples=88 | accuracy:1.000 | precision:1.000 | recall:1.000 | f1:1.000 | auc:1.000
2026-01-20 19:21:30,758 | INFO | val time bin [12.0h, 16.0h): samples=88 | accuracy:1.000 | precision:1.000 | recall:1.000 | f1:1.000 | auc:1.000
2026-01-20 19:21:30,763 | INFO | val time bin [16.0h, 24.0h): samples=176 | accuracy:1.000 | precision:1.000 | recall:1.000 | f1:1.000 | auc:1.000
2026-01-20 19:21:30,768 | INFO | val time bin [24.0h, 32.0h): samples=176 | accuracy:1.000 | precision:1.000 | recall:1.000 | f1:1.000 | auc:1.000
2026-01-20 19:21:30,768 | INFO | val: accuracy:0.9960 | precision:0.9963 | recall:0.9963 | f1:0.9963 | auc:1.0000 | loss:0.0053
2026-01-20 19:21:30,768 | INFO | Fold 2/5 - Epoch 33/100
2026-01-20 19:23:30,924 | INFO | train loss: 0.0006
2026-01-20 19:24:01,879 | INFO | val threshold sweep:
  thr=0.10 | P=1.00 | R=1.00 | F1=1.00 | TP=546
  thr=0.15 | P=1.00 | R=1.00 | F1=1.00 | TP=546
  thr=0.20 | P=1.00 | R=1.00 | F1=1.00 | TP=546
  thr=0.25 | P=1.00 | R=1.00 | F1=1.00 | TP=546
  thr=0.30 | P=1.00 | R=1.00 | F1=1.00 | TP=546
  thr=0.50 | P=1.00 | R=1.00 | F1=1.00 | TP=545
2026-01-20 19:24:01,884 | INFO | val time bin [0.0h, 8.0h): samples=164 | accuracy:0.994 | precision:1.000 | recall:0.988 | f1:0.994 | auc:1.000
2026-01-20 19:24:01,889 | INFO | val time bin [8.0h, 12.0h): samples=88 | accuracy:1.000 | precision:1.000 | recall:1.000 | f1:1.000 | auc:1.000
2026-01-20 19:24:01,894 | INFO | val time bin [12.0h, 16.0h): samples=88 | accuracy:1.000 | precision:1.000 | recall:1.000 | f1:1.000 | auc:1.000
2026-01-20 19:24:01,899 | INFO | val time bin [16.0h, 24.0h): samples=176 | accuracy:1.000 | precision:1.000 | recall:1.000 | f1:1.000 | auc:1.000
2026-01-20 19:24:01,904 | INFO | val time bin [24.0h, 32.0h): samples=176 | accuracy:1.000 | precision:1.000 | recall:1.000 | f1:1.000 | auc:1.000
2026-01-20 19:24:01,904 | INFO | val: accuracy:0.9990 | precision:1.0000 | recall:0.9982 | f1:0.9991 | auc:1.0000 | loss:0.0017
2026-01-20 19:24:01,904 | INFO | Fold 2/5 - Epoch 34/100
2026-01-20 19:26:01,506 | INFO | train loss: 0.0005
2026-01-20 19:26:33,599 | INFO | val threshold sweep:
  thr=0.10 | P=1.00 | R=1.00 | F1=1.00 | TP=546
  thr=0.15 | P=1.00 | R=1.00 | F1=1.00 | TP=546
  thr=0.20 | P=1.00 | R=1.00 | F1=1.00 | TP=546
  thr=0.25 | P=1.00 | R=1.00 | F1=1.00 | TP=546
  thr=0.30 | P=1.00 | R=1.00 | F1=1.00 | TP=546
  thr=0.50 | P=1.00 | R=1.00 | F1=1.00 | TP=545
2026-01-20 19:26:33,604 | INFO | val time bin [0.0h, 8.0h): samples=164 | accuracy:0.994 | precision:1.000 | recall:0.988 | f1:0.994 | auc:1.000
2026-01-20 19:26:33,609 | INFO | val time bin [8.0h, 12.0h): samples=88 | accuracy:1.000 | precision:1.000 | recall:1.000 | f1:1.000 | auc:1.000
2026-01-20 19:26:33,614 | INFO | val time bin [12.0h, 16.0h): samples=88 | accuracy:1.000 | precision:1.000 | recall:1.000 | f1:1.000 | auc:1.000
2026-01-20 19:26:33,619 | INFO | val time bin [16.0h, 24.0h): samples=176 | accuracy:1.000 | precision:1.000 | recall:1.000 | f1:1.000 | auc:1.000
2026-01-20 19:26:33,624 | INFO | val time bin [24.0h, 32.0h): samples=176 | accuracy:1.000 | precision:1.000 | recall:1.000 | f1:1.000 | auc:1.000
2026-01-20 19:26:33,624 | INFO | val: accuracy:0.9990 | precision:1.0000 | recall:0.9982 | f1:0.9991 | auc:1.0000 | loss:0.0019
2026-01-20 19:26:33,624 | INFO | Fold 2/5 - Epoch 35/100
2026-01-20 19:28:33,272 | INFO | train loss: 0.0004
2026-01-20 19:29:04,458 | INFO | val threshold sweep:
  thr=0.10 | P=1.00 | R=1.00 | F1=1.00 | TP=545
  thr=0.15 | P=1.00 | R=1.00 | F1=1.00 | TP=544
  thr=0.20 | P=1.00 | R=0.99 | F1=1.00 | TP=543
  thr=0.25 | P=1.00 | R=0.99 | F1=1.00 | TP=543
  thr=0.30 | P=1.00 | R=0.99 | F1=1.00 | TP=543
  thr=0.50 | P=1.00 | R=0.99 | F1=1.00 | TP=541
2026-01-20 19:29:04,463 | INFO | val time bin [0.0h, 8.0h): samples=164 | accuracy:0.970 | precision:1.000 | recall:0.940 | f1:0.969 | auc:1.000
2026-01-20 19:29:04,468 | INFO | val time bin [8.0h, 12.0h): samples=88 | accuracy:1.000 | precision:1.000 | recall:1.000 | f1:1.000 | auc:1.000
2026-01-20 19:29:04,473 | INFO | val time bin [12.0h, 16.0h): samples=88 | accuracy:1.000 | precision:1.000 | recall:1.000 | f1:1.000 | auc:1.000
2026-01-20 19:29:04,478 | INFO | val time bin [16.0h, 24.0h): samples=176 | accuracy:1.000 | precision:1.000 | recall:1.000 | f1:1.000 | auc:1.000
2026-01-20 19:29:04,483 | INFO | val time bin [24.0h, 32.0h): samples=176 | accuracy:1.000 | precision:1.000 | recall:1.000 | f1:1.000 | auc:1.000
2026-01-20 19:29:04,483 | INFO | val: accuracy:0.9951 | precision:1.0000 | recall:0.9908 | f1:0.9954 | auc:1.0000 | loss:0.0151
2026-01-20 19:29:04,483 | INFO | Fold 2/5 - Epoch 36/100
2026-01-20 19:31:04,396 | INFO | train loss: 0.0001
2026-01-20 19:31:35,226 | INFO | val threshold sweep:
  thr=0.10 | P=1.00 | R=1.00 | F1=1.00 | TP=545
  thr=0.15 | P=1.00 | R=1.00 | F1=1.00 | TP=544
  thr=0.20 | P=1.00 | R=1.00 | F1=1.00 | TP=544
  thr=0.25 | P=1.00 | R=0.99 | F1=1.00 | TP=543
  thr=0.30 | P=1.00 | R=0.99 | F1=1.00 | TP=543
  thr=0.50 | P=1.00 | R=0.99 | F1=1.00 | TP=543
2026-01-20 19:31:35,231 | INFO | val time bin [0.0h, 8.0h): samples=164 | accuracy:0.982 | precision:1.000 | recall:0.964 | f1:0.982 | auc:1.000
2026-01-20 19:31:35,236 | INFO | val time bin [8.0h, 12.0h): samples=88 | accuracy:1.000 | precision:1.000 | recall:1.000 | f1:1.000 | auc:1.000
2026-01-20 19:31:35,241 | INFO | val time bin [12.0h, 16.0h): samples=88 | accuracy:1.000 | precision:1.000 | recall:1.000 | f1:1.000 | auc:1.000
2026-01-20 19:31:35,246 | INFO | val time bin [16.0h, 24.0h): samples=176 | accuracy:1.000 | precision:1.000 | recall:1.000 | f1:1.000 | auc:1.000
2026-01-20 19:31:35,251 | INFO | val time bin [24.0h, 32.0h): samples=176 | accuracy:1.000 | precision:1.000 | recall:1.000 | f1:1.000 | auc:1.000
2026-01-20 19:31:35,251 | INFO | val: accuracy:0.9970 | precision:1.0000 | recall:0.9945 | f1:0.9972 | auc:1.0000 | loss:0.0100
2026-01-20 19:31:35,252 | INFO | Fold 2/5 - Epoch 37/100
2026-01-20 19:33:35,894 | INFO | train loss: 0.0004
2026-01-20 19:34:06,809 | INFO | val threshold sweep:
  thr=0.10 | P=1.00 | R=1.00 | F1=1.00 | TP=545
  thr=0.15 | P=1.00 | R=1.00 | F1=1.00 | TP=545
  thr=0.20 | P=1.00 | R=1.00 | F1=1.00 | TP=545
  thr=0.25 | P=1.00 | R=1.00 | F1=1.00 | TP=545
  thr=0.30 | P=1.00 | R=1.00 | F1=1.00 | TP=545
  thr=0.50 | P=1.00 | R=1.00 | F1=1.00 | TP=545
2026-01-20 19:34:06,815 | INFO | val time bin [0.0h, 8.0h): samples=164 | accuracy:0.994 | precision:1.000 | recall:0.988 | f1:0.994 | auc:1.000
2026-01-20 19:34:06,820 | INFO | val time bin [8.0h, 12.0h): samples=88 | accuracy:1.000 | precision:1.000 | recall:1.000 | f1:1.000 | auc:1.000
2026-01-20 19:34:06,825 | INFO | val time bin [12.0h, 16.0h): samples=88 | accuracy:1.000 | precision:1.000 | recall:1.000 | f1:1.000 | auc:1.000
2026-01-20 19:34:06,830 | INFO | val time bin [16.0h, 24.0h): samples=176 | accuracy:1.000 | precision:1.000 | recall:1.000 | f1:1.000 | auc:1.000
2026-01-20 19:34:06,835 | INFO | val time bin [24.0h, 32.0h): samples=176 | accuracy:1.000 | precision:1.000 | recall:1.000 | f1:1.000 | auc:1.000
2026-01-20 19:34:06,835 | INFO | val: accuracy:0.9990 | precision:1.0000 | recall:0.9982 | f1:0.9991 | auc:1.0000 | loss:0.0036
2026-01-20 19:34:06,835 | INFO | Fold 2/5 - Epoch 38/100
2026-01-20 19:36:07,114 | INFO | train loss: 0.0004
2026-01-20 19:36:38,272 | INFO | val threshold sweep:
  thr=0.10 | P=1.00 | R=1.00 | F1=1.00 | TP=545
  thr=0.15 | P=1.00 | R=1.00 | F1=1.00 | TP=544
  thr=0.20 | P=1.00 | R=0.99 | F1=1.00 | TP=543
  thr=0.25 | P=1.00 | R=0.99 | F1=1.00 | TP=543
  thr=0.30 | P=1.00 | R=0.99 | F1=1.00 | TP=542
  thr=0.50 | P=1.00 | R=0.99 | F1=1.00 | TP=542
2026-01-20 19:36:38,277 | INFO | val time bin [0.0h, 8.0h): samples=164 | accuracy:0.976 | precision:1.000 | recall:0.952 | f1:0.976 | auc:1.000
2026-01-20 19:36:38,282 | INFO | val time bin [8.0h, 12.0h): samples=88 | accuracy:1.000 | precision:1.000 | recall:1.000 | f1:1.000 | auc:1.000
2026-01-20 19:36:38,287 | INFO | val time bin [12.0h, 16.0h): samples=88 | accuracy:1.000 | precision:1.000 | recall:1.000 | f1:1.000 | auc:1.000
2026-01-20 19:36:38,292 | INFO | val time bin [16.0h, 24.0h): samples=176 | accuracy:1.000 | precision:1.000 | recall:1.000 | f1:1.000 | auc:1.000
2026-01-20 19:36:38,297 | INFO | val time bin [24.0h, 32.0h): samples=176 | accuracy:1.000 | precision:1.000 | recall:1.000 | f1:1.000 | auc:1.000
2026-01-20 19:36:38,297 | INFO | val: accuracy:0.9960 | precision:1.0000 | recall:0.9927 | f1:0.9963 | auc:1.0000 | loss:0.0133
2026-01-20 19:36:38,297 | INFO | Fold 2/5 - Epoch 39/100
2026-01-20 19:38:36,012 | INFO | train loss: 0.0001
2026-01-20 19:39:07,400 | INFO | val threshold sweep:
  thr=0.10 | P=1.00 | R=1.00 | F1=1.00 | TP=545
  thr=0.15 | P=1.00 | R=1.00 | F1=1.00 | TP=545
  thr=0.20 | P=1.00 | R=1.00 | F1=1.00 | TP=545
  thr=0.25 | P=1.00 | R=1.00 | F1=1.00 | TP=545
  thr=0.30 | P=1.00 | R=1.00 | F1=1.00 | TP=545
  thr=0.50 | P=1.00 | R=1.00 | F1=1.00 | TP=544
2026-01-20 19:39:07,405 | INFO | val time bin [0.0h, 8.0h): samples=164 | accuracy:0.988 | precision:1.000 | recall:0.976 | f1:0.988 | auc:1.000
2026-01-20 19:39:07,410 | INFO | val time bin [8.0h, 12.0h): samples=88 | accuracy:1.000 | precision:1.000 | recall:1.000 | f1:1.000 | auc:1.000
2026-01-20 19:39:07,415 | INFO | val time bin [12.0h, 16.0h): samples=88 | accuracy:1.000 | precision:1.000 | recall:1.000 | f1:1.000 | auc:1.000
2026-01-20 19:39:07,420 | INFO | val time bin [16.0h, 24.0h): samples=176 | accuracy:1.000 | precision:1.000 | recall:1.000 | f1:1.000 | auc:1.000
2026-01-20 19:39:07,425 | INFO | val time bin [24.0h, 32.0h): samples=176 | accuracy:1.000 | precision:1.000 | recall:1.000 | f1:1.000 | auc:1.000
2026-01-20 19:39:07,425 | INFO | val: accuracy:0.9980 | precision:1.0000 | recall:0.9963 | f1:0.9982 | auc:1.0000 | loss:0.0073
2026-01-20 19:39:07,425 | INFO | Fold 2/5 - Epoch 40/100
2026-01-20 19:41:10,808 | INFO | train loss: 0.0002
2026-01-20 19:41:42,105 | INFO | val threshold sweep:
  thr=0.10 | P=1.00 | R=1.00 | F1=1.00 | TP=545
  thr=0.15 | P=1.00 | R=1.00 | F1=1.00 | TP=545
  thr=0.20 | P=1.00 | R=1.00 | F1=1.00 | TP=544
  thr=0.25 | P=1.00 | R=1.00 | F1=1.00 | TP=544
  thr=0.30 | P=1.00 | R=1.00 | F1=1.00 | TP=544
  thr=0.50 | P=1.00 | R=0.99 | F1=1.00 | TP=542
2026-01-20 19:41:42,110 | INFO | val time bin [0.0h, 8.0h): samples=164 | accuracy:0.976 | precision:1.000 | recall:0.952 | f1:0.976 | auc:1.000
2026-01-20 19:41:42,115 | INFO | val time bin [8.0h, 12.0h): samples=88 | accuracy:1.000 | precision:1.000 | recall:1.000 | f1:1.000 | auc:1.000
2026-01-20 19:41:42,120 | INFO | val time bin [12.0h, 16.0h): samples=88 | accuracy:1.000 | precision:1.000 | recall:1.000 | f1:1.000 | auc:1.000
2026-01-20 19:41:42,125 | INFO | val time bin [16.0h, 24.0h): samples=176 | accuracy:1.000 | precision:1.000 | recall:1.000 | f1:1.000 | auc:1.000
2026-01-20 19:41:42,130 | INFO | val time bin [24.0h, 32.0h): samples=176 | accuracy:1.000 | precision:1.000 | recall:1.000 | f1:1.000 | auc:1.000
2026-01-20 19:41:42,130 | INFO | val: accuracy:0.9960 | precision:1.0000 | recall:0.9927 | f1:0.9963 | auc:1.0000 | loss:0.0097
2026-01-20 19:41:42,130 | INFO | Fold 2/5 - Epoch 41/100
2026-01-20 19:43:42,042 | INFO | train loss: 0.0002
2026-01-20 19:44:13,705 | INFO | val threshold sweep:
  thr=0.10 | P=1.00 | R=1.00 | F1=1.00 | TP=545
  thr=0.15 | P=1.00 | R=1.00 | F1=1.00 | TP=545
  thr=0.20 | P=1.00 | R=1.00 | F1=1.00 | TP=545
  thr=0.25 | P=1.00 | R=1.00 | F1=1.00 | TP=545
  thr=0.30 | P=1.00 | R=1.00 | F1=1.00 | TP=545
  thr=0.50 | P=1.00 | R=1.00 | F1=1.00 | TP=545
2026-01-20 19:44:13,710 | INFO | val time bin [0.0h, 8.0h): samples=164 | accuracy:0.994 | precision:1.000 | recall:0.988 | f1:0.994 | auc:1.000
2026-01-20 19:44:13,715 | INFO | val time bin [8.0h, 12.0h): samples=88 | accuracy:1.000 | precision:1.000 | recall:1.000 | f1:1.000 | auc:1.000
2026-01-20 19:44:13,720 | INFO | val time bin [12.0h, 16.0h): samples=88 | accuracy:1.000 | precision:1.000 | recall:1.000 | f1:1.000 | auc:1.000
2026-01-20 19:44:13,725 | INFO | val time bin [16.0h, 24.0h): samples=176 | accuracy:1.000 | precision:1.000 | recall:1.000 | f1:1.000 | auc:1.000
2026-01-20 19:44:13,730 | INFO | val time bin [24.0h, 32.0h): samples=176 | accuracy:1.000 | precision:1.000 | recall:1.000 | f1:1.000 | auc:1.000
2026-01-20 19:44:13,730 | INFO | val: accuracy:0.9990 | precision:1.0000 | recall:0.9982 | f1:0.9991 | auc:1.0000 | loss:0.0043
2026-01-20 19:44:13,730 | INFO | Fold 2/5 - Epoch 42/100
2026-01-20 19:46:11,109 | INFO | train loss: 0.0001
2026-01-20 19:46:42,304 | INFO | val threshold sweep:
  thr=0.10 | P=1.00 | R=1.00 | F1=1.00 | TP=545
  thr=0.15 | P=1.00 | R=1.00 | F1=1.00 | TP=545
  thr=0.20 | P=1.00 | R=1.00 | F1=1.00 | TP=544
  thr=0.25 | P=1.00 | R=1.00 | F1=1.00 | TP=544
  thr=0.30 | P=1.00 | R=0.99 | F1=1.00 | TP=542
  thr=0.50 | P=1.00 | R=0.99 | F1=1.00 | TP=542
2026-01-20 19:46:42,309 | INFO | val time bin [0.0h, 8.0h): samples=164 | accuracy:0.976 | precision:1.000 | recall:0.952 | f1:0.976 | auc:1.000
2026-01-20 19:46:42,314 | INFO | val time bin [8.0h, 12.0h): samples=88 | accuracy:1.000 | precision:1.000 | recall:1.000 | f1:1.000 | auc:1.000
2026-01-20 19:46:42,319 | INFO | val time bin [12.0h, 16.0h): samples=88 | accuracy:1.000 | precision:1.000 | recall:1.000 | f1:1.000 | auc:1.000
2026-01-20 19:46:42,324 | INFO | val time bin [16.0h, 24.0h): samples=176 | accuracy:1.000 | precision:1.000 | recall:1.000 | f1:1.000 | auc:1.000
2026-01-20 19:46:42,329 | INFO | val time bin [24.0h, 32.0h): samples=176 | accuracy:1.000 | precision:1.000 | recall:1.000 | f1:1.000 | auc:1.000
2026-01-20 19:46:42,329 | INFO | val: accuracy:0.9960 | precision:1.0000 | recall:0.9927 | f1:0.9963 | auc:1.0000 | loss:0.0107
2026-01-20 19:46:42,329 | INFO | Fold 2/5 - Epoch 43/100
2026-01-20 19:48:41,860 | INFO | train loss: 0.0001
2026-01-20 19:49:13,035 | INFO | val threshold sweep:
  thr=0.10 | P=1.00 | R=1.00 | F1=1.00 | TP=545
  thr=0.15 | P=1.00 | R=1.00 | F1=1.00 | TP=544
  thr=0.20 | P=1.00 | R=1.00 | F1=1.00 | TP=544
  thr=0.25 | P=1.00 | R=1.00 | F1=1.00 | TP=544
  thr=0.30 | P=1.00 | R=1.00 | F1=1.00 | TP=544
  thr=0.50 | P=1.00 | R=0.99 | F1=1.00 | TP=543
2026-01-20 19:49:13,040 | INFO | val time bin [0.0h, 8.0h): samples=164 | accuracy:0.982 | precision:1.000 | recall:0.964 | f1:0.982 | auc:1.000
2026-01-20 19:49:13,045 | INFO | val time bin [8.0h, 12.0h): samples=88 | accuracy:1.000 | precision:1.000 | recall:1.000 | f1:1.000 | auc:1.000
2026-01-20 19:49:13,050 | INFO | val time bin [12.0h, 16.0h): samples=88 | accuracy:1.000 | precision:1.000 | recall:1.000 | f1:1.000 | auc:1.000
2026-01-20 19:49:13,055 | INFO | val time bin [16.0h, 24.0h): samples=176 | accuracy:1.000 | precision:1.000 | recall:1.000 | f1:1.000 | auc:1.000
2026-01-20 19:49:13,060 | INFO | val time bin [24.0h, 32.0h): samples=176 | accuracy:1.000 | precision:1.000 | recall:1.000 | f1:1.000 | auc:1.000
2026-01-20 19:49:13,060 | INFO | val: accuracy:0.9970 | precision:1.0000 | recall:0.9945 | f1:0.9972 | auc:1.0000 | loss:0.0079
2026-01-20 19:49:13,060 | INFO | Fold 2/5 - Epoch 44/100
2026-01-20 19:51:16,013 | INFO | train loss: 0.0000
2026-01-20 19:51:47,026 | INFO | val threshold sweep:
  thr=0.10 | P=1.00 | R=1.00 | F1=1.00 | TP=545
  thr=0.15 | P=1.00 | R=1.00 | F1=1.00 | TP=545
  thr=0.20 | P=1.00 | R=1.00 | F1=1.00 | TP=545
  thr=0.25 | P=1.00 | R=1.00 | F1=1.00 | TP=545
  thr=0.30 | P=1.00 | R=1.00 | F1=1.00 | TP=545
  thr=0.50 | P=1.00 | R=1.00 | F1=1.00 | TP=544
2026-01-20 19:51:47,031 | INFO | val time bin [0.0h, 8.0h): samples=164 | accuracy:0.988 | precision:1.000 | recall:0.976 | f1:0.988 | auc:1.000
2026-01-20 19:51:47,036 | INFO | val time bin [8.0h, 12.0h): samples=88 | accuracy:1.000 | precision:1.000 | recall:1.000 | f1:1.000 | auc:1.000
2026-01-20 19:51:47,041 | INFO | val time bin [12.0h, 16.0h): samples=88 | accuracy:1.000 | precision:1.000 | recall:1.000 | f1:1.000 | auc:1.000
2026-01-20 19:51:47,046 | INFO | val time bin [16.0h, 24.0h): samples=176 | accuracy:1.000 | precision:1.000 | recall:1.000 | f1:1.000 | auc:1.000
2026-01-20 19:51:47,051 | INFO | val time bin [24.0h, 32.0h): samples=176 | accuracy:1.000 | precision:1.000 | recall:1.000 | f1:1.000 | auc:1.000
2026-01-20 19:51:47,051 | INFO | val: accuracy:0.9980 | precision:1.0000 | recall:0.9963 | f1:0.9982 | auc:1.0000 | loss:0.0041
2026-01-20 19:51:47,051 | INFO | Fold 2/5 - Epoch 45/100
2026-01-20 19:53:48,984 | INFO | train loss: 0.0001
2026-01-20 19:54:19,839 | INFO | val threshold sweep:
  thr=0.10 | P=1.00 | R=1.00 | F1=1.00 | TP=545
  thr=0.15 | P=1.00 | R=1.00 | F1=1.00 | TP=545
  thr=0.20 | P=1.00 | R=1.00 | F1=1.00 | TP=545
  thr=0.25 | P=1.00 | R=1.00 | F1=1.00 | TP=545
  thr=0.30 | P=1.00 | R=1.00 | F1=1.00 | TP=545
  thr=0.50 | P=1.00 | R=1.00 | F1=1.00 | TP=544
2026-01-20 19:54:19,844 | INFO | val time bin [0.0h, 8.0h): samples=164 | accuracy:0.988 | precision:1.000 | recall:0.976 | f1:0.988 | auc:1.000
2026-01-20 19:54:19,849 | INFO | val time bin [8.0h, 12.0h): samples=88 | accuracy:1.000 | precision:1.000 | recall:1.000 | f1:1.000 | auc:1.000
2026-01-20 19:54:19,854 | INFO | val time bin [12.0h, 16.0h): samples=88 | accuracy:1.000 | precision:1.000 | recall:1.000 | f1:1.000 | auc:1.000
2026-01-20 19:54:19,859 | INFO | val time bin [16.0h, 24.0h): samples=176 | accuracy:1.000 | precision:1.000 | recall:1.000 | f1:1.000 | auc:1.000
2026-01-20 19:54:19,864 | INFO | val time bin [24.0h, 32.0h): samples=176 | accuracy:1.000 | precision:1.000 | recall:1.000 | f1:1.000 | auc:1.000
2026-01-20 19:54:19,864 | INFO | val: accuracy:0.9980 | precision:1.0000 | recall:0.9963 | f1:0.9982 | auc:1.0000 | loss:0.0068
2026-01-20 19:54:19,864 | INFO | Fold 2/5 - Epoch 46/100
2026-01-20 19:56:19,781 | INFO | train loss: 0.0001
2026-01-20 19:56:50,503 | INFO | val threshold sweep:
  thr=0.10 | P=1.00 | R=1.00 | F1=1.00 | TP=545
  thr=0.15 | P=1.00 | R=1.00 | F1=1.00 | TP=545
  thr=0.20 | P=1.00 | R=1.00 | F1=1.00 | TP=545
  thr=0.25 | P=1.00 | R=1.00 | F1=1.00 | TP=545
  thr=0.30 | P=1.00 | R=1.00 | F1=1.00 | TP=545
  thr=0.50 | P=1.00 | R=1.00 | F1=1.00 | TP=544
2026-01-20 19:56:50,508 | INFO | val time bin [0.0h, 8.0h): samples=164 | accuracy:0.988 | precision:1.000 | recall:0.976 | f1:0.988 | auc:1.000
2026-01-20 19:56:50,513 | INFO | val time bin [8.0h, 12.0h): samples=88 | accuracy:1.000 | precision:1.000 | recall:1.000 | f1:1.000 | auc:1.000
2026-01-20 19:56:50,518 | INFO | val time bin [12.0h, 16.0h): samples=88 | accuracy:1.000 | precision:1.000 | recall:1.000 | f1:1.000 | auc:1.000
2026-01-20 19:56:50,523 | INFO | val time bin [16.0h, 24.0h): samples=176 | accuracy:1.000 | precision:1.000 | recall:1.000 | f1:1.000 | auc:1.000
2026-01-20 19:56:50,528 | INFO | val time bin [24.0h, 32.0h): samples=176 | accuracy:1.000 | precision:1.000 | recall:1.000 | f1:1.000 | auc:1.000
2026-01-20 19:56:50,528 | INFO | val: accuracy:0.9980 | precision:1.0000 | recall:0.9963 | f1:0.9982 | auc:1.0000 | loss:0.0061
2026-01-20 19:56:50,528 | INFO | Fold 2/5 - Epoch 47/100
2026-01-20 19:58:51,627 | INFO | train loss: 0.0001
2026-01-20 19:59:22,723 | INFO | val threshold sweep:
  thr=0.10 | P=1.00 | R=1.00 | F1=1.00 | TP=545
  thr=0.15 | P=1.00 | R=1.00 | F1=1.00 | TP=545
  thr=0.20 | P=1.00 | R=1.00 | F1=1.00 | TP=545
  thr=0.25 | P=1.00 | R=1.00 | F1=1.00 | TP=545
  thr=0.30 | P=1.00 | R=1.00 | F1=1.00 | TP=544
  thr=0.50 | P=1.00 | R=1.00 | F1=1.00 | TP=544
2026-01-20 19:59:22,728 | INFO | val time bin [0.0h, 8.0h): samples=164 | accuracy:0.988 | precision:1.000 | recall:0.976 | f1:0.988 | auc:1.000
2026-01-20 19:59:22,733 | INFO | val time bin [8.0h, 12.0h): samples=88 | accuracy:1.000 | precision:1.000 | recall:1.000 | f1:1.000 | auc:1.000
2026-01-20 19:59:22,738 | INFO | val time bin [12.0h, 16.0h): samples=88 | accuracy:1.000 | precision:1.000 | recall:1.000 | f1:1.000 | auc:1.000
2026-01-20 19:59:22,743 | INFO | val time bin [16.0h, 24.0h): samples=176 | accuracy:1.000 | precision:1.000 | recall:1.000 | f1:1.000 | auc:1.000
2026-01-20 19:59:22,748 | INFO | val time bin [24.0h, 32.0h): samples=176 | accuracy:1.000 | precision:1.000 | recall:1.000 | f1:1.000 | auc:1.000
2026-01-20 19:59:22,748 | INFO | val: accuracy:0.9980 | precision:1.0000 | recall:0.9963 | f1:0.9982 | auc:1.0000 | loss:0.0067
2026-01-20 19:59:22,748 | INFO | Fold 2/5 - Epoch 48/100
2026-01-20 20:01:26,936 | INFO | train loss: 0.0001
2026-01-20 20:01:57,916 | INFO | val threshold sweep:
  thr=0.10 | P=1.00 | R=1.00 | F1=1.00 | TP=545
  thr=0.15 | P=1.00 | R=1.00 | F1=1.00 | TP=544
  thr=0.20 | P=1.00 | R=1.00 | F1=1.00 | TP=544
  thr=0.25 | P=1.00 | R=0.99 | F1=1.00 | TP=543
  thr=0.30 | P=1.00 | R=0.99 | F1=1.00 | TP=543
  thr=0.50 | P=1.00 | R=0.99 | F1=1.00 | TP=542
2026-01-20 20:01:57,921 | INFO | val time bin [0.0h, 8.0h): samples=164 | accuracy:0.976 | precision:1.000 | recall:0.952 | f1:0.976 | auc:1.000
2026-01-20 20:01:57,926 | INFO | val time bin [8.0h, 12.0h): samples=88 | accuracy:1.000 | precision:1.000 | recall:1.000 | f1:1.000 | auc:1.000
2026-01-20 20:01:57,931 | INFO | val time bin [12.0h, 16.0h): samples=88 | accuracy:1.000 | precision:1.000 | recall:1.000 | f1:1.000 | auc:1.000
2026-01-20 20:01:57,936 | INFO | val time bin [16.0h, 24.0h): samples=176 | accuracy:1.000 | precision:1.000 | recall:1.000 | f1:1.000 | auc:1.000
2026-01-20 20:01:57,941 | INFO | val time bin [24.0h, 32.0h): samples=176 | accuracy:1.000 | precision:1.000 | recall:1.000 | f1:1.000 | auc:1.000
2026-01-20 20:01:57,941 | INFO | val: accuracy:0.9960 | precision:1.0000 | recall:0.9927 | f1:0.9963 | auc:1.0000 | loss:0.0111
2026-01-20 20:01:57,941 | INFO | Fold 2/5 - Epoch 49/100
2026-01-20 20:03:58,098 | INFO | train loss: 0.0004
2026-01-20 20:04:29,160 | INFO | val threshold sweep:
  thr=0.10 | P=0.99 | R=1.00 | F1=0.99 | TP=546
  thr=0.15 | P=0.99 | R=1.00 | F1=1.00 | TP=546
  thr=0.20 | P=0.99 | R=1.00 | F1=1.00 | TP=546
  thr=0.25 | P=1.00 | R=1.00 | F1=1.00 | TP=545
  thr=0.30 | P=1.00 | R=1.00 | F1=1.00 | TP=545
  thr=0.50 | P=1.00 | R=1.00 | F1=1.00 | TP=545
2026-01-20 20:04:29,165 | INFO | val time bin [0.0h, 8.0h): samples=164 | accuracy:0.982 | precision:0.976 | recall:0.988 | f1:0.982 | auc:1.000
2026-01-20 20:04:29,170 | INFO | val time bin [8.0h, 12.0h): samples=88 | accuracy:1.000 | precision:1.000 | recall:1.000 | f1:1.000 | auc:1.000
2026-01-20 20:04:29,175 | INFO | val time bin [12.0h, 16.0h): samples=88 | accuracy:1.000 | precision:1.000 | recall:1.000 | f1:1.000 | auc:1.000
2026-01-20 20:04:29,180 | INFO | val time bin [16.0h, 24.0h): samples=176 | accuracy:1.000 | precision:1.000 | recall:1.000 | f1:1.000 | auc:1.000
2026-01-20 20:04:29,185 | INFO | val time bin [24.0h, 32.0h): samples=176 | accuracy:1.000 | precision:1.000 | recall:1.000 | f1:1.000 | auc:1.000
2026-01-20 20:04:29,185 | INFO | val: accuracy:0.9970 | precision:0.9963 | recall:0.9982 | f1:0.9973 | auc:1.0000 | loss:0.0055
2026-01-20 20:04:29,185 | INFO | Fold 2/5 - Epoch 50/100
2026-01-20 20:06:32,951 | INFO | train loss: 0.0003
2026-01-20 20:07:03,895 | INFO | val threshold sweep:
  thr=0.10 | P=1.00 | R=1.00 | F1=1.00 | TP=544
  thr=0.15 | P=1.00 | R=1.00 | F1=1.00 | TP=544
  thr=0.20 | P=1.00 | R=1.00 | F1=1.00 | TP=544
  thr=0.25 | P=1.00 | R=1.00 | F1=1.00 | TP=544
  thr=0.30 | P=1.00 | R=1.00 | F1=1.00 | TP=544
  thr=0.50 | P=1.00 | R=1.00 | F1=1.00 | TP=544
2026-01-20 20:07:03,901 | INFO | val time bin [0.0h, 8.0h): samples=164 | accuracy:0.988 | precision:1.000 | recall:0.976 | f1:0.988 | auc:1.000
2026-01-20 20:07:03,906 | INFO | val time bin [8.0h, 12.0h): samples=88 | accuracy:1.000 | precision:1.000 | recall:1.000 | f1:1.000 | auc:1.000
2026-01-20 20:07:03,911 | INFO | val time bin [12.0h, 16.0h): samples=88 | accuracy:1.000 | precision:1.000 | recall:1.000 | f1:1.000 | auc:1.000
2026-01-20 20:07:03,915 | INFO | val time bin [16.0h, 24.0h): samples=176 | accuracy:1.000 | precision:1.000 | recall:1.000 | f1:1.000 | auc:1.000
2026-01-20 20:07:03,920 | INFO | val time bin [24.0h, 32.0h): samples=176 | accuracy:1.000 | precision:1.000 | recall:1.000 | f1:1.000 | auc:1.000
2026-01-20 20:07:03,920 | INFO | val: accuracy:0.9980 | precision:1.0000 | recall:0.9963 | f1:0.9982 | auc:1.0000 | loss:0.0078
2026-01-20 20:07:03,921 | INFO | Fold 2/5 - Epoch 51/100
2026-01-20 20:09:04,537 | INFO | train loss: 0.0007
2026-01-20 20:09:36,023 | INFO | val threshold sweep:
  thr=0.10 | P=1.00 | R=1.00 | F1=1.00 | TP=546
  thr=0.15 | P=1.00 | R=1.00 | F1=1.00 | TP=546
  thr=0.20 | P=1.00 | R=1.00 | F1=1.00 | TP=546
  thr=0.25 | P=1.00 | R=1.00 | F1=1.00 | TP=546
  thr=0.30 | P=1.00 | R=1.00 | F1=1.00 | TP=546
  thr=0.50 | P=1.00 | R=1.00 | F1=1.00 | TP=546
2026-01-20 20:09:36,028 | INFO | val time bin [0.0h, 8.0h): samples=164 | accuracy:0.994 | precision:0.988 | recall:1.000 | f1:0.994 | auc:1.000
2026-01-20 20:09:36,033 | INFO | val time bin [8.0h, 12.0h): samples=88 | accuracy:1.000 | precision:1.000 | recall:1.000 | f1:1.000 | auc:1.000
2026-01-20 20:09:36,038 | INFO | val time bin [12.0h, 16.0h): samples=88 | accuracy:1.000 | precision:1.000 | recall:1.000 | f1:1.000 | auc:1.000
2026-01-20 20:09:36,043 | INFO | val time bin [16.0h, 24.0h): samples=176 | accuracy:1.000 | precision:1.000 | recall:1.000 | f1:1.000 | auc:1.000
2026-01-20 20:09:36,048 | INFO | val time bin [24.0h, 32.0h): samples=176 | accuracy:1.000 | precision:1.000 | recall:1.000 | f1:1.000 | auc:1.000
2026-01-20 20:09:36,048 | INFO | val: accuracy:0.9990 | precision:0.9982 | recall:1.0000 | f1:0.9991 | auc:1.0000 | loss:0.0018
2026-01-20 20:09:36,048 | INFO | Fold 2/5 - Epoch 52/100
2026-01-20 20:11:35,407 | INFO | train loss: 0.0005
2026-01-20 20:12:06,636 | INFO | val threshold sweep:
  thr=0.10 | P=1.00 | R=1.00 | F1=1.00 | TP=544
  thr=0.15 | P=1.00 | R=1.00 | F1=1.00 | TP=544
  thr=0.20 | P=1.00 | R=1.00 | F1=1.00 | TP=544
  thr=0.25 | P=1.00 | R=1.00 | F1=1.00 | TP=544
  thr=0.30 | P=1.00 | R=1.00 | F1=1.00 | TP=544
  thr=0.50 | P=1.00 | R=0.99 | F1=1.00 | TP=543
2026-01-20 20:12:06,641 | INFO | val time bin [0.0h, 8.0h): samples=164 | accuracy:0.982 | precision:1.000 | recall:0.964 | f1:0.982 | auc:1.000
2026-01-20 20:12:06,646 | INFO | val time bin [8.0h, 12.0h): samples=88 | accuracy:1.000 | precision:1.000 | recall:1.000 | f1:1.000 | auc:1.000
2026-01-20 20:12:06,651 | INFO | val time bin [12.0h, 16.0h): samples=88 | accuracy:1.000 | precision:1.000 | recall:1.000 | f1:1.000 | auc:1.000
2026-01-20 20:12:06,656 | INFO | val time bin [16.0h, 24.0h): samples=176 | accuracy:1.000 | precision:1.000 | recall:1.000 | f1:1.000 | auc:1.000
2026-01-20 20:12:06,661 | INFO | val time bin [24.0h, 32.0h): samples=176 | accuracy:1.000 | precision:1.000 | recall:1.000 | f1:1.000 | auc:1.000
2026-01-20 20:12:06,661 | INFO | val: accuracy:0.9970 | precision:1.0000 | recall:0.9945 | f1:0.9972 | auc:1.0000 | loss:0.0117
2026-01-20 20:12:06,661 | INFO | Fold 2/5 - Epoch 53/100
2026-01-20 20:14:07,256 | INFO | train loss: 0.0006
2026-01-20 20:14:39,546 | INFO | val threshold sweep:
  thr=0.10 | P=1.00 | R=0.99 | F1=1.00 | TP=542
  thr=0.15 | P=1.00 | R=0.99 | F1=1.00 | TP=541
  thr=0.20 | P=1.00 | R=0.99 | F1=1.00 | TP=541
  thr=0.25 | P=1.00 | R=0.99 | F1=0.99 | TP=540
  thr=0.30 | P=1.00 | R=0.99 | F1=0.99 | TP=539
  thr=0.50 | P=1.00 | R=0.98 | F1=0.99 | TP=537
2026-01-20 20:14:39,551 | INFO | val time bin [0.0h, 8.0h): samples=164 | accuracy:0.945 | precision:1.000 | recall:0.893 | f1:0.943 | auc:1.000
2026-01-20 20:14:39,556 | INFO | val time bin [8.0h, 12.0h): samples=88 | accuracy:1.000 | precision:1.000 | recall:1.000 | f1:1.000 | auc:1.000
2026-01-20 20:14:39,561 | INFO | val time bin [12.0h, 16.0h): samples=88 | accuracy:1.000 | precision:1.000 | recall:1.000 | f1:1.000 | auc:1.000
2026-01-20 20:14:39,566 | INFO | val time bin [16.0h, 24.0h): samples=176 | accuracy:1.000 | precision:1.000 | recall:1.000 | f1:1.000 | auc:1.000
2026-01-20 20:14:39,571 | INFO | val time bin [24.0h, 32.0h): samples=176 | accuracy:1.000 | precision:1.000 | recall:1.000 | f1:1.000 | auc:1.000
2026-01-20 20:14:39,571 | INFO | val: accuracy:0.9911 | precision:1.0000 | recall:0.9835 | f1:0.9917 | auc:1.0000 | loss:0.0231
2026-01-20 20:14:39,571 | INFO | Fold 2/5 - Epoch 54/100
2026-01-20 20:16:42,739 | INFO | train loss: 0.0009
2026-01-20 20:17:13,647 | INFO | val threshold sweep:
  thr=0.10 | P=1.00 | R=1.00 | F1=1.00 | TP=545
  thr=0.15 | P=1.00 | R=1.00 | F1=1.00 | TP=545
  thr=0.20 | P=1.00 | R=1.00 | F1=1.00 | TP=545
  thr=0.25 | P=1.00 | R=1.00 | F1=1.00 | TP=545
  thr=0.30 | P=1.00 | R=1.00 | F1=1.00 | TP=545
  thr=0.50 | P=1.00 | R=1.00 | F1=1.00 | TP=544
2026-01-20 20:17:13,652 | INFO | val time bin [0.0h, 8.0h): samples=164 | accuracy:0.988 | precision:1.000 | recall:0.976 | f1:0.988 | auc:1.000
2026-01-20 20:17:13,657 | INFO | val time bin [8.0h, 12.0h): samples=88 | accuracy:1.000 | precision:1.000 | recall:1.000 | f1:1.000 | auc:1.000
2026-01-20 20:17:13,662 | INFO | val time bin [12.0h, 16.0h): samples=88 | accuracy:1.000 | precision:1.000 | recall:1.000 | f1:1.000 | auc:1.000
2026-01-20 20:17:13,667 | INFO | val time bin [16.0h, 24.0h): samples=176 | accuracy:1.000 | precision:1.000 | recall:1.000 | f1:1.000 | auc:1.000
2026-01-20 20:17:13,672 | INFO | val time bin [24.0h, 32.0h): samples=176 | accuracy:1.000 | precision:1.000 | recall:1.000 | f1:1.000 | auc:1.000
2026-01-20 20:17:13,672 | INFO | val: accuracy:0.9980 | precision:1.0000 | recall:0.9963 | f1:0.9982 | auc:1.0000 | loss:0.0043
2026-01-20 20:17:13,672 | INFO | Fold 2/5 - Epoch 55/100
2026-01-20 20:19:14,236 | INFO | train loss: 0.0010
2026-01-20 20:19:44,875 | INFO | val threshold sweep:
  thr=0.10 | P=0.99 | R=1.00 | F1=1.00 | TP=546
  thr=0.15 | P=0.99 | R=1.00 | F1=1.00 | TP=546
  thr=0.20 | P=0.99 | R=1.00 | F1=1.00 | TP=546
  thr=0.25 | P=0.99 | R=1.00 | F1=1.00 | TP=546
  thr=0.30 | P=0.99 | R=1.00 | F1=1.00 | TP=546
  thr=0.50 | P=1.00 | R=1.00 | F1=1.00 | TP=546
2026-01-20 20:19:44,880 | INFO | val time bin [0.0h, 8.0h): samples=164 | accuracy:0.988 | precision:0.977 | recall:1.000 | f1:0.988 | auc:1.000
2026-01-20 20:19:44,885 | INFO | val time bin [8.0h, 12.0h): samples=88 | accuracy:1.000 | precision:1.000 | recall:1.000 | f1:1.000 | auc:1.000
2026-01-20 20:19:44,890 | INFO | val time bin [12.0h, 16.0h): samples=88 | accuracy:1.000 | precision:1.000 | recall:1.000 | f1:1.000 | auc:1.000
2026-01-20 20:19:44,895 | INFO | val time bin [16.0h, 24.0h): samples=176 | accuracy:1.000 | precision:1.000 | recall:1.000 | f1:1.000 | auc:1.000
2026-01-20 20:19:44,900 | INFO | val time bin [24.0h, 32.0h): samples=176 | accuracy:1.000 | precision:1.000 | recall:1.000 | f1:1.000 | auc:1.000
2026-01-20 20:19:44,900 | INFO | val: accuracy:0.9980 | precision:0.9964 | recall:1.0000 | f1:0.9982 | auc:1.0000 | loss:0.0055
2026-01-20 20:19:44,900 | INFO | Fold 2/5 - Epoch 56/100
2026-01-20 20:21:44,254 | INFO | train loss: 0.0007
2026-01-20 20:22:15,465 | INFO | val threshold sweep:
  thr=0.10 | P=1.00 | R=0.99 | F1=1.00 | TP=541
  thr=0.15 | P=1.00 | R=0.99 | F1=0.99 | TP=540
  thr=0.20 | P=1.00 | R=0.99 | F1=0.99 | TP=540
  thr=0.25 | P=1.00 | R=0.99 | F1=0.99 | TP=540
  thr=0.30 | P=1.00 | R=0.99 | F1=0.99 | TP=540
  thr=0.50 | P=1.00 | R=0.99 | F1=0.99 | TP=539
2026-01-20 20:22:15,470 | INFO | val time bin [0.0h, 8.0h): samples=164 | accuracy:0.957 | precision:1.000 | recall:0.917 | f1:0.957 | auc:1.000
2026-01-20 20:22:15,475 | INFO | val time bin [8.0h, 12.0h): samples=88 | accuracy:1.000 | precision:1.000 | recall:1.000 | f1:1.000 | auc:1.000
2026-01-20 20:22:15,480 | INFO | val time bin [12.0h, 16.0h): samples=88 | accuracy:1.000 | precision:1.000 | recall:1.000 | f1:1.000 | auc:1.000
2026-01-20 20:22:15,485 | INFO | val time bin [16.0h, 24.0h): samples=176 | accuracy:1.000 | precision:1.000 | recall:1.000 | f1:1.000 | auc:1.000
2026-01-20 20:22:15,490 | INFO | val time bin [24.0h, 32.0h): samples=176 | accuracy:1.000 | precision:1.000 | recall:1.000 | f1:1.000 | auc:1.000
2026-01-20 20:22:15,490 | INFO | val: accuracy:0.9931 | precision:1.0000 | recall:0.9872 | f1:0.9935 | auc:1.0000 | loss:0.0353
2026-01-20 20:22:15,490 | INFO | Fold 2/5 - Epoch 57/100
2026-01-20 20:24:15,378 | INFO | train loss: 0.0003
2026-01-20 20:24:46,154 | INFO | val threshold sweep:
  thr=0.10 | P=1.00 | R=0.99 | F1=0.99 | TP=540
  thr=0.15 | P=1.00 | R=0.99 | F1=0.99 | TP=540
  thr=0.20 | P=1.00 | R=0.99 | F1=0.99 | TP=539
  thr=0.25 | P=1.00 | R=0.99 | F1=0.99 | TP=539
  thr=0.30 | P=1.00 | R=0.99 | F1=0.99 | TP=539
  thr=0.50 | P=1.00 | R=0.98 | F1=0.99 | TP=536
2026-01-20 20:24:46,160 | INFO | val time bin [0.0h, 8.0h): samples=164 | accuracy:0.939 | precision:1.000 | recall:0.881 | f1:0.937 | auc:1.000
2026-01-20 20:24:46,165 | INFO | val time bin [8.0h, 12.0h): samples=88 | accuracy:1.000 | precision:1.000 | recall:1.000 | f1:1.000 | auc:1.000
2026-01-20 20:24:46,170 | INFO | val time bin [12.0h, 16.0h): samples=88 | accuracy:1.000 | precision:1.000 | recall:1.000 | f1:1.000 | auc:1.000
2026-01-20 20:24:46,175 | INFO | val time bin [16.0h, 24.0h): samples=176 | accuracy:1.000 | precision:1.000 | recall:1.000 | f1:1.000 | auc:1.000
2026-01-20 20:24:46,180 | INFO | val time bin [24.0h, 32.0h): samples=176 | accuracy:1.000 | precision:1.000 | recall:1.000 | f1:1.000 | auc:1.000
2026-01-20 20:24:46,180 | INFO | val: accuracy:0.9901 | precision:1.0000 | recall:0.9817 | f1:0.9908 | auc:1.0000 | loss:0.0291
2026-01-20 20:24:46,180 | INFO | Fold 2/5 - Epoch 58/100
2026-01-20 20:26:46,929 | INFO | train loss: 0.0001
2026-01-20 20:27:18,164 | INFO | val threshold sweep:
  thr=0.10 | P=1.00 | R=0.99 | F1=1.00 | TP=543
  thr=0.15 | P=1.00 | R=0.99 | F1=1.00 | TP=543
  thr=0.20 | P=1.00 | R=0.99 | F1=1.00 | TP=543
  thr=0.25 | P=1.00 | R=0.99 | F1=1.00 | TP=542
  thr=0.30 | P=1.00 | R=0.99 | F1=1.00 | TP=542
  thr=0.50 | P=1.00 | R=0.99 | F1=0.99 | TP=540
2026-01-20 20:27:18,169 | INFO | val time bin [0.0h, 8.0h): samples=164 | accuracy:0.963 | precision:1.000 | recall:0.929 | f1:0.963 | auc:1.000
2026-01-20 20:27:18,174 | INFO | val time bin [8.0h, 12.0h): samples=88 | accuracy:1.000 | precision:1.000 | recall:1.000 | f1:1.000 | auc:1.000
2026-01-20 20:27:18,179 | INFO | val time bin [12.0h, 16.0h): samples=88 | accuracy:1.000 | precision:1.000 | recall:1.000 | f1:1.000 | auc:1.000
2026-01-20 20:27:18,184 | INFO | val time bin [16.0h, 24.0h): samples=176 | accuracy:1.000 | precision:1.000 | recall:1.000 | f1:1.000 | auc:1.000
2026-01-20 20:27:18,189 | INFO | val time bin [24.0h, 32.0h): samples=176 | accuracy:1.000 | precision:1.000 | recall:1.000 | f1:1.000 | auc:1.000
2026-01-20 20:27:18,189 | INFO | val: accuracy:0.9941 | precision:1.0000 | recall:0.9890 | f1:0.9945 | auc:1.0000 | loss:0.0155
2026-01-20 20:27:18,189 | INFO | Fold 2/5 - Epoch 59/100
2026-01-20 20:29:19,356 | INFO | train loss: 0.0001
2026-01-20 20:29:50,481 | INFO | val threshold sweep:
  thr=0.10 | P=1.00 | R=1.00 | F1=1.00 | TP=544
  thr=0.15 | P=1.00 | R=0.99 | F1=1.00 | TP=543
  thr=0.20 | P=1.00 | R=0.99 | F1=1.00 | TP=543
  thr=0.25 | P=1.00 | R=0.99 | F1=1.00 | TP=543
  thr=0.30 | P=1.00 | R=0.99 | F1=1.00 | TP=542
  thr=0.50 | P=1.00 | R=0.99 | F1=0.99 | TP=540
2026-01-20 20:29:50,486 | INFO | val time bin [0.0h, 8.0h): samples=164 | accuracy:0.963 | precision:1.000 | recall:0.929 | f1:0.963 | auc:1.000
2026-01-20 20:29:50,491 | INFO | val time bin [8.0h, 12.0h): samples=88 | accuracy:1.000 | precision:1.000 | recall:1.000 | f1:1.000 | auc:1.000
2026-01-20 20:29:50,496 | INFO | val time bin [12.0h, 16.0h): samples=88 | accuracy:1.000 | precision:1.000 | recall:1.000 | f1:1.000 | auc:1.000
2026-01-20 20:29:50,501 | INFO | val time bin [16.0h, 24.0h): samples=176 | accuracy:1.000 | precision:1.000 | recall:1.000 | f1:1.000 | auc:1.000
2026-01-20 20:29:50,506 | INFO | val time bin [24.0h, 32.0h): samples=176 | accuracy:1.000 | precision:1.000 | recall:1.000 | f1:1.000 | auc:1.000
2026-01-20 20:29:50,506 | INFO | val: accuracy:0.9941 | precision:1.0000 | recall:0.9890 | f1:0.9945 | auc:1.0000 | loss:0.0136
2026-01-20 20:29:50,506 | INFO | Fold 2/5 - Epoch 60/100
2026-01-20 20:31:52,699 | INFO | train loss: 0.0001
2026-01-20 20:32:23,995 | INFO | val threshold sweep:
  thr=0.10 | P=1.00 | R=1.00 | F1=1.00 | TP=544
  thr=0.15 | P=1.00 | R=1.00 | F1=1.00 | TP=544
  thr=0.20 | P=1.00 | R=0.99 | F1=1.00 | TP=543
  thr=0.25 | P=1.00 | R=0.99 | F1=1.00 | TP=543
  thr=0.30 | P=1.00 | R=0.99 | F1=1.00 | TP=542
  thr=0.50 | P=1.00 | R=0.99 | F1=1.00 | TP=541
2026-01-20 20:32:24,000 | INFO | val time bin [0.0h, 8.0h): samples=164 | accuracy:0.970 | precision:1.000 | recall:0.940 | f1:0.969 | auc:1.000
2026-01-20 20:32:24,005 | INFO | val time bin [8.0h, 12.0h): samples=88 | accuracy:1.000 | precision:1.000 | recall:1.000 | f1:1.000 | auc:1.000
2026-01-20 20:32:24,010 | INFO | val time bin [12.0h, 16.0h): samples=88 | accuracy:1.000 | precision:1.000 | recall:1.000 | f1:1.000 | auc:1.000
2026-01-20 20:32:24,015 | INFO | val time bin [16.0h, 24.0h): samples=176 | accuracy:1.000 | precision:1.000 | recall:1.000 | f1:1.000 | auc:1.000
2026-01-20 20:32:24,020 | INFO | val time bin [24.0h, 32.0h): samples=176 | accuracy:1.000 | precision:1.000 | recall:1.000 | f1:1.000 | auc:1.000
2026-01-20 20:32:24,020 | INFO | val: accuracy:0.9951 | precision:1.0000 | recall:0.9908 | f1:0.9954 | auc:1.0000 | loss:0.0142
2026-01-20 20:32:24,020 | INFO | Fold 2/5 - Epoch 61/100
2026-01-20 20:34:27,552 | INFO | train loss: 0.0001
2026-01-20 20:34:58,143 | INFO | val threshold sweep:
  thr=0.10 | P=1.00 | R=1.00 | F1=1.00 | TP=544
  thr=0.15 | P=1.00 | R=1.00 | F1=1.00 | TP=544
  thr=0.20 | P=1.00 | R=1.00 | F1=1.00 | TP=544
  thr=0.25 | P=1.00 | R=1.00 | F1=1.00 | TP=544
  thr=0.30 | P=1.00 | R=0.99 | F1=1.00 | TP=543
  thr=0.50 | P=1.00 | R=0.99 | F1=1.00 | TP=543
2026-01-20 20:34:58,148 | INFO | val time bin [0.0h, 8.0h): samples=164 | accuracy:0.982 | precision:1.000 | recall:0.964 | f1:0.982 | auc:1.000
2026-01-20 20:34:58,153 | INFO | val time bin [8.0h, 12.0h): samples=88 | accuracy:1.000 | precision:1.000 | recall:1.000 | f1:1.000 | auc:1.000
2026-01-20 20:34:58,158 | INFO | val time bin [12.0h, 16.0h): samples=88 | accuracy:1.000 | precision:1.000 | recall:1.000 | f1:1.000 | auc:1.000
2026-01-20 20:34:58,163 | INFO | val time bin [16.0h, 24.0h): samples=176 | accuracy:1.000 | precision:1.000 | recall:1.000 | f1:1.000 | auc:1.000
2026-01-20 20:34:58,168 | INFO | val time bin [24.0h, 32.0h): samples=176 | accuracy:1.000 | precision:1.000 | recall:1.000 | f1:1.000 | auc:1.000
2026-01-20 20:34:58,168 | INFO | val: accuracy:0.9970 | precision:1.0000 | recall:0.9945 | f1:0.9972 | auc:1.0000 | loss:0.0099
2026-01-20 20:34:58,168 | INFO | Fold 2/5 - Epoch 62/100
2026-01-20 20:36:54,527 | INFO | train loss: 0.0000
2026-01-20 20:37:25,166 | INFO | val threshold sweep:
  thr=0.10 | P=1.00 | R=1.00 | F1=1.00 | TP=544
  thr=0.15 | P=1.00 | R=1.00 | F1=1.00 | TP=544
  thr=0.20 | P=1.00 | R=0.99 | F1=1.00 | TP=543
  thr=0.25 | P=1.00 | R=0.99 | F1=1.00 | TP=543
  thr=0.30 | P=1.00 | R=0.99 | F1=1.00 | TP=543
  thr=0.50 | P=1.00 | R=0.99 | F1=1.00 | TP=543
2026-01-20 20:37:25,172 | INFO | val time bin [0.0h, 8.0h): samples=164 | accuracy:0.982 | precision:1.000 | recall:0.964 | f1:0.982 | auc:1.000
2026-01-20 20:37:25,177 | INFO | val time bin [8.0h, 12.0h): samples=88 | accuracy:1.000 | precision:1.000 | recall:1.000 | f1:1.000 | auc:1.000
2026-01-20 20:37:25,182 | INFO | val time bin [12.0h, 16.0h): samples=88 | accuracy:1.000 | precision:1.000 | recall:1.000 | f1:1.000 | auc:1.000
2026-01-20 20:37:25,187 | INFO | val time bin [16.0h, 24.0h): samples=176 | accuracy:1.000 | precision:1.000 | recall:1.000 | f1:1.000 | auc:1.000
2026-01-20 20:37:25,191 | INFO | val time bin [24.0h, 32.0h): samples=176 | accuracy:1.000 | precision:1.000 | recall:1.000 | f1:1.000 | auc:1.000
2026-01-20 20:37:25,192 | INFO | val: accuracy:0.9970 | precision:1.0000 | recall:0.9945 | f1:0.9972 | auc:1.0000 | loss:0.0114
2026-01-20 20:37:25,192 | INFO | Fold 2/5 - Epoch 63/100
2026-01-20 20:39:24,285 | INFO | train loss: 0.0001
2026-01-20 20:39:55,051 | INFO | val threshold sweep:
  thr=0.10 | P=1.00 | R=1.00 | F1=1.00 | TP=544
  thr=0.15 | P=1.00 | R=1.00 | F1=1.00 | TP=544
  thr=0.20 | P=1.00 | R=0.99 | F1=1.00 | TP=543
  thr=0.25 | P=1.00 | R=0.99 | F1=1.00 | TP=543
  thr=0.30 | P=1.00 | R=0.99 | F1=1.00 | TP=543
  thr=0.50 | P=1.00 | R=0.99 | F1=1.00 | TP=542
2026-01-20 20:39:55,056 | INFO | val time bin [0.0h, 8.0h): samples=164 | accuracy:0.976 | precision:1.000 | recall:0.952 | f1:0.976 | auc:1.000
2026-01-20 20:39:55,061 | INFO | val time bin [8.0h, 12.0h): samples=88 | accuracy:1.000 | precision:1.000 | recall:1.000 | f1:1.000 | auc:1.000
2026-01-20 20:39:55,066 | INFO | val time bin [12.0h, 16.0h): samples=88 | accuracy:1.000 | precision:1.000 | recall:1.000 | f1:1.000 | auc:1.000
2026-01-20 20:39:55,071 | INFO | val time bin [16.0h, 24.0h): samples=176 | accuracy:1.000 | precision:1.000 | recall:1.000 | f1:1.000 | auc:1.000
2026-01-20 20:39:55,076 | INFO | val time bin [24.0h, 32.0h): samples=176 | accuracy:1.000 | precision:1.000 | recall:1.000 | f1:1.000 | auc:1.000
2026-01-20 20:39:55,076 | INFO | val: accuracy:0.9960 | precision:1.0000 | recall:0.9927 | f1:0.9963 | auc:1.0000 | loss:0.0114
2026-01-20 20:39:55,076 | INFO | Fold 2/5 - Epoch 64/100
2026-01-20 20:41:54,067 | INFO | train loss: 0.0002
2026-01-20 20:42:25,250 | INFO | val threshold sweep:
  thr=0.10 | P=1.00 | R=1.00 | F1=1.00 | TP=544
  thr=0.15 | P=1.00 | R=1.00 | F1=1.00 | TP=544
  thr=0.20 | P=1.00 | R=1.00 | F1=1.00 | TP=544
  thr=0.25 | P=1.00 | R=1.00 | F1=1.00 | TP=544
  thr=0.30 | P=1.00 | R=0.99 | F1=1.00 | TP=543
  thr=0.50 | P=1.00 | R=0.99 | F1=1.00 | TP=543
2026-01-20 20:42:25,255 | INFO | val time bin [0.0h, 8.0h): samples=164 | accuracy:0.982 | precision:1.000 | recall:0.964 | f1:0.982 | auc:1.000
2026-01-20 20:42:25,260 | INFO | val time bin [8.0h, 12.0h): samples=88 | accuracy:1.000 | precision:1.000 | recall:1.000 | f1:1.000 | auc:1.000
2026-01-20 20:42:25,265 | INFO | val time bin [12.0h, 16.0h): samples=88 | accuracy:1.000 | precision:1.000 | recall:1.000 | f1:1.000 | auc:1.000
2026-01-20 20:42:25,270 | INFO | val time bin [16.0h, 24.0h): samples=176 | accuracy:1.000 | precision:1.000 | recall:1.000 | f1:1.000 | auc:1.000
2026-01-20 20:42:25,275 | INFO | val time bin [24.0h, 32.0h): samples=176 | accuracy:1.000 | precision:1.000 | recall:1.000 | f1:1.000 | auc:1.000
2026-01-20 20:42:25,275 | INFO | val: accuracy:0.9970 | precision:1.0000 | recall:0.9945 | f1:0.9972 | auc:1.0000 | loss:0.0107
2026-01-20 20:42:25,275 | INFO | Fold 2/5 - Epoch 65/100
2026-01-20 20:44:28,606 | INFO | train loss: 0.0001
2026-01-20 20:44:59,930 | INFO | val threshold sweep:
  thr=0.10 | P=1.00 | R=1.00 | F1=1.00 | TP=544
  thr=0.15 | P=1.00 | R=1.00 | F1=1.00 | TP=544
  thr=0.20 | P=1.00 | R=1.00 | F1=1.00 | TP=544
  thr=0.25 | P=1.00 | R=0.99 | F1=1.00 | TP=543
  thr=0.30 | P=1.00 | R=0.99 | F1=1.00 | TP=543
  thr=0.50 | P=1.00 | R=0.99 | F1=1.00 | TP=543
2026-01-20 20:44:59,935 | INFO | val time bin [0.0h, 8.0h): samples=164 | accuracy:0.982 | precision:1.000 | recall:0.964 | f1:0.982 | auc:1.000
2026-01-20 20:44:59,940 | INFO | val time bin [8.0h, 12.0h): samples=88 | accuracy:1.000 | precision:1.000 | recall:1.000 | f1:1.000 | auc:1.000
2026-01-20 20:44:59,945 | INFO | val time bin [12.0h, 16.0h): samples=88 | accuracy:1.000 | precision:1.000 | recall:1.000 | f1:1.000 | auc:1.000
2026-01-20 20:44:59,950 | INFO | val time bin [16.0h, 24.0h): samples=176 | accuracy:1.000 | precision:1.000 | recall:1.000 | f1:1.000 | auc:1.000
2026-01-20 20:44:59,955 | INFO | val time bin [24.0h, 32.0h): samples=176 | accuracy:1.000 | precision:1.000 | recall:1.000 | f1:1.000 | auc:1.000
2026-01-20 20:44:59,955 | INFO | val: accuracy:0.9970 | precision:1.0000 | recall:0.9945 | f1:0.9972 | auc:1.0000 | loss:0.0118
2026-01-20 20:44:59,955 | INFO | Fold 2/5 - Epoch 66/100
2026-01-20 20:47:00,475 | INFO | train loss: 0.0000
2026-01-20 20:47:31,880 | INFO | val threshold sweep:
  thr=0.10 | P=1.00 | R=1.00 | F1=1.00 | TP=544
  thr=0.15 | P=1.00 | R=1.00 | F1=1.00 | TP=544
  thr=0.20 | P=1.00 | R=0.99 | F1=1.00 | TP=543
  thr=0.25 | P=1.00 | R=0.99 | F1=1.00 | TP=543
  thr=0.30 | P=1.00 | R=0.99 | F1=1.00 | TP=543
  thr=0.50 | P=1.00 | R=0.99 | F1=1.00 | TP=542
2026-01-20 20:47:31,885 | INFO | val time bin [0.0h, 8.0h): samples=164 | accuracy:0.976 | precision:1.000 | recall:0.952 | f1:0.976 | auc:1.000
2026-01-20 20:47:31,890 | INFO | val time bin [8.0h, 12.0h): samples=88 | accuracy:1.000 | precision:1.000 | recall:1.000 | f1:1.000 | auc:1.000
2026-01-20 20:47:31,895 | INFO | val time bin [12.0h, 16.0h): samples=88 | accuracy:1.000 | precision:1.000 | recall:1.000 | f1:1.000 | auc:1.000
2026-01-20 20:47:31,900 | INFO | val time bin [16.0h, 24.0h): samples=176 | accuracy:1.000 | precision:1.000 | recall:1.000 | f1:1.000 | auc:1.000
2026-01-20 20:47:31,905 | INFO | val time bin [24.0h, 32.0h): samples=176 | accuracy:1.000 | precision:1.000 | recall:1.000 | f1:1.000 | auc:1.000
2026-01-20 20:47:31,905 | INFO | val: accuracy:0.9960 | precision:1.0000 | recall:0.9927 | f1:0.9963 | auc:1.0000 | loss:0.0126
2026-01-20 20:47:31,905 | INFO | Fold 2/5 - Epoch 67/100
2026-01-20 20:49:31,231 | INFO | train loss: 0.0000
2026-01-20 20:50:02,304 | INFO | val threshold sweep:
  thr=0.10 | P=1.00 | R=1.00 | F1=1.00 | TP=544
  thr=0.15 | P=1.00 | R=1.00 | F1=1.00 | TP=544
  thr=0.20 | P=1.00 | R=1.00 | F1=1.00 | TP=544
  thr=0.25 | P=1.00 | R=0.99 | F1=1.00 | TP=543
  thr=0.30 | P=1.00 | R=0.99 | F1=1.00 | TP=543
  thr=0.50 | P=1.00 | R=0.99 | F1=1.00 | TP=543
2026-01-20 20:50:02,309 | INFO | val time bin [0.0h, 8.0h): samples=164 | accuracy:0.982 | precision:1.000 | recall:0.964 | f1:0.982 | auc:1.000
2026-01-20 20:50:02,314 | INFO | val time bin [8.0h, 12.0h): samples=88 | accuracy:1.000 | precision:1.000 | recall:1.000 | f1:1.000 | auc:1.000
2026-01-20 20:50:02,319 | INFO | val time bin [12.0h, 16.0h): samples=88 | accuracy:1.000 | precision:1.000 | recall:1.000 | f1:1.000 | auc:1.000
2026-01-20 20:50:02,324 | INFO | val time bin [16.0h, 24.0h): samples=176 | accuracy:1.000 | precision:1.000 | recall:1.000 | f1:1.000 | auc:1.000
2026-01-20 20:50:02,329 | INFO | val time bin [24.0h, 32.0h): samples=176 | accuracy:1.000 | precision:1.000 | recall:1.000 | f1:1.000 | auc:1.000
2026-01-20 20:50:02,329 | INFO | val: accuracy:0.9970 | precision:1.0000 | recall:0.9945 | f1:0.9972 | auc:1.0000 | loss:0.0119
2026-01-20 20:50:02,329 | INFO | Fold 2/5 - Epoch 68/100
2026-01-20 20:52:06,528 | INFO | train loss: 0.0000
2026-01-20 20:52:37,891 | INFO | val threshold sweep:
  thr=0.10 | P=1.00 | R=1.00 | F1=1.00 | TP=544
  thr=0.15 | P=1.00 | R=1.00 | F1=1.00 | TP=544
  thr=0.20 | P=1.00 | R=0.99 | F1=1.00 | TP=543
  thr=0.25 | P=1.00 | R=0.99 | F1=1.00 | TP=543
  thr=0.30 | P=1.00 | R=0.99 | F1=1.00 | TP=543
  thr=0.50 | P=1.00 | R=0.99 | F1=1.00 | TP=543
2026-01-20 20:52:37,897 | INFO | val time bin [0.0h, 8.0h): samples=164 | accuracy:0.982 | precision:1.000 | recall:0.964 | f1:0.982 | auc:1.000
2026-01-20 20:52:37,902 | INFO | val time bin [8.0h, 12.0h): samples=88 | accuracy:1.000 | precision:1.000 | recall:1.000 | f1:1.000 | auc:1.000
2026-01-20 20:52:37,907 | INFO | val time bin [12.0h, 16.0h): samples=88 | accuracy:1.000 | precision:1.000 | recall:1.000 | f1:1.000 | auc:1.000
2026-01-20 20:52:37,911 | INFO | val time bin [16.0h, 24.0h): samples=176 | accuracy:1.000 | precision:1.000 | recall:1.000 | f1:1.000 | auc:1.000
2026-01-20 20:52:37,916 | INFO | val time bin [24.0h, 32.0h): samples=176 | accuracy:1.000 | precision:1.000 | recall:1.000 | f1:1.000 | auc:1.000
2026-01-20 20:52:37,916 | INFO | val: accuracy:0.9970 | precision:1.0000 | recall:0.9945 | f1:0.9972 | auc:1.0000 | loss:0.0129
2026-01-20 20:52:37,917 | INFO | Fold 2/5 - Epoch 69/100
2026-01-20 20:54:41,385 | INFO | train loss: 0.0001
2026-01-20 20:55:12,458 | INFO | val threshold sweep:
  thr=0.10 | P=1.00 | R=1.00 | F1=1.00 | TP=544
  thr=0.15 | P=1.00 | R=1.00 | F1=1.00 | TP=544
  thr=0.20 | P=1.00 | R=1.00 | F1=1.00 | TP=544
  thr=0.25 | P=1.00 | R=1.00 | F1=1.00 | TP=544
  thr=0.30 | P=1.00 | R=0.99 | F1=1.00 | TP=543
  thr=0.50 | P=1.00 | R=0.99 | F1=1.00 | TP=542
2026-01-20 20:55:12,464 | INFO | val time bin [0.0h, 8.0h): samples=164 | accuracy:0.976 | precision:1.000 | recall:0.952 | f1:0.976 | auc:1.000
2026-01-20 20:55:12,469 | INFO | val time bin [8.0h, 12.0h): samples=88 | accuracy:1.000 | precision:1.000 | recall:1.000 | f1:1.000 | auc:1.000
2026-01-20 20:55:12,474 | INFO | val time bin [12.0h, 16.0h): samples=88 | accuracy:1.000 | precision:1.000 | recall:1.000 | f1:1.000 | auc:1.000
2026-01-20 20:55:12,479 | INFO | val time bin [16.0h, 24.0h): samples=176 | accuracy:1.000 | precision:1.000 | recall:1.000 | f1:1.000 | auc:1.000
2026-01-20 20:55:12,483 | INFO | val time bin [24.0h, 32.0h): samples=176 | accuracy:1.000 | precision:1.000 | recall:1.000 | f1:1.000 | auc:1.000
2026-01-20 20:55:12,484 | INFO | val: accuracy:0.9960 | precision:1.0000 | recall:0.9927 | f1:0.9963 | auc:1.0000 | loss:0.0100
2026-01-20 20:55:12,484 | INFO | Fold 2/5 - Epoch 70/100
2026-01-20 20:57:10,023 | INFO | train loss: 0.0001
2026-01-20 20:57:41,275 | INFO | val threshold sweep:
  thr=0.10 | P=1.00 | R=1.00 | F1=1.00 | TP=544
  thr=0.15 | P=1.00 | R=1.00 | F1=1.00 | TP=544
  thr=0.20 | P=1.00 | R=1.00 | F1=1.00 | TP=544
  thr=0.25 | P=1.00 | R=1.00 | F1=1.00 | TP=544
  thr=0.30 | P=1.00 | R=1.00 | F1=1.00 | TP=544
  thr=0.50 | P=1.00 | R=0.99 | F1=1.00 | TP=543
2026-01-20 20:57:41,280 | INFO | val time bin [0.0h, 8.0h): samples=164 | accuracy:0.982 | precision:1.000 | recall:0.964 | f1:0.982 | auc:1.000
2026-01-20 20:57:41,285 | INFO | val time bin [8.0h, 12.0h): samples=88 | accuracy:1.000 | precision:1.000 | recall:1.000 | f1:1.000 | auc:1.000
2026-01-20 20:57:41,290 | INFO | val time bin [12.0h, 16.0h): samples=88 | accuracy:1.000 | precision:1.000 | recall:1.000 | f1:1.000 | auc:1.000
2026-01-20 20:57:41,295 | INFO | val time bin [16.0h, 24.0h): samples=176 | accuracy:1.000 | precision:1.000 | recall:1.000 | f1:1.000 | auc:1.000
2026-01-20 20:57:41,300 | INFO | val time bin [24.0h, 32.0h): samples=176 | accuracy:1.000 | precision:1.000 | recall:1.000 | f1:1.000 | auc:1.000
2026-01-20 20:57:41,300 | INFO | val: accuracy:0.9970 | precision:1.0000 | recall:0.9945 | f1:0.9972 | auc:1.0000 | loss:0.0082
2026-01-20 20:57:41,300 | INFO | Fold 2/5 - Epoch 71/100
2026-01-20 20:59:39,426 | INFO | train loss: 0.0001
2026-01-20 21:00:11,657 | INFO | val threshold sweep:
  thr=0.10 | P=1.00 | R=1.00 | F1=1.00 | TP=544
  thr=0.15 | P=1.00 | R=1.00 | F1=1.00 | TP=544
  thr=0.20 | P=1.00 | R=1.00 | F1=1.00 | TP=544
  thr=0.25 | P=1.00 | R=1.00 | F1=1.00 | TP=544
  thr=0.30 | P=1.00 | R=1.00 | F1=1.00 | TP=544
  thr=0.50 | P=1.00 | R=0.99 | F1=1.00 | TP=542
2026-01-20 21:00:11,663 | INFO | val time bin [0.0h, 8.0h): samples=164 | accuracy:0.976 | precision:1.000 | recall:0.952 | f1:0.976 | auc:1.000
2026-01-20 21:00:11,668 | INFO | val time bin [8.0h, 12.0h): samples=88 | accuracy:1.000 | precision:1.000 | recall:1.000 | f1:1.000 | auc:1.000
2026-01-20 21:00:11,672 | INFO | val time bin [12.0h, 16.0h): samples=88 | accuracy:1.000 | precision:1.000 | recall:1.000 | f1:1.000 | auc:1.000
2026-01-20 21:00:11,677 | INFO | val time bin [16.0h, 24.0h): samples=176 | accuracy:1.000 | precision:1.000 | recall:1.000 | f1:1.000 | auc:1.000
2026-01-20 21:00:11,682 | INFO | val time bin [24.0h, 32.0h): samples=176 | accuracy:1.000 | precision:1.000 | recall:1.000 | f1:1.000 | auc:1.000
2026-01-20 21:00:11,682 | INFO | val: accuracy:0.9960 | precision:1.0000 | recall:0.9927 | f1:0.9963 | auc:1.0000 | loss:0.0099
2026-01-20 21:00:11,683 | INFO | Fold 2/5 - Epoch 72/100
2026-01-20 21:02:10,979 | INFO | train loss: 0.0001
2026-01-20 21:02:42,002 | INFO | val threshold sweep:
  thr=0.10 | P=1.00 | R=1.00 | F1=1.00 | TP=544
  thr=0.15 | P=1.00 | R=1.00 | F1=1.00 | TP=544
  thr=0.20 | P=1.00 | R=1.00 | F1=1.00 | TP=544
  thr=0.25 | P=1.00 | R=1.00 | F1=1.00 | TP=544
  thr=0.30 | P=1.00 | R=1.00 | F1=1.00 | TP=544
  thr=0.50 | P=1.00 | R=0.99 | F1=1.00 | TP=542
2026-01-20 21:02:42,007 | INFO | val time bin [0.0h, 8.0h): samples=164 | accuracy:0.976 | precision:1.000 | recall:0.952 | f1:0.976 | auc:1.000
2026-01-20 21:02:42,012 | INFO | val time bin [8.0h, 12.0h): samples=88 | accuracy:1.000 | precision:1.000 | recall:1.000 | f1:1.000 | auc:1.000
2026-01-20 21:02:42,017 | INFO | val time bin [12.0h, 16.0h): samples=88 | accuracy:1.000 | precision:1.000 | recall:1.000 | f1:1.000 | auc:1.000
2026-01-20 21:02:42,021 | INFO | val time bin [16.0h, 24.0h): samples=176 | accuracy:1.000 | precision:1.000 | recall:1.000 | f1:1.000 | auc:1.000
2026-01-20 21:02:42,026 | INFO | val time bin [24.0h, 32.0h): samples=176 | accuracy:1.000 | precision:1.000 | recall:1.000 | f1:1.000 | auc:1.000
2026-01-20 21:02:42,026 | INFO | val: accuracy:0.9960 | precision:1.0000 | recall:0.9927 | f1:0.9963 | auc:1.0000 | loss:0.0080
2026-01-20 21:02:42,027 | INFO | Fold 2/5 - Epoch 73/100
2026-01-20 21:04:38,555 | INFO | train loss: 0.0000
2026-01-20 21:05:09,741 | INFO | val threshold sweep:
  thr=0.10 | P=1.00 | R=1.00 | F1=1.00 | TP=544
  thr=0.15 | P=1.00 | R=1.00 | F1=1.00 | TP=544
  thr=0.20 | P=1.00 | R=1.00 | F1=1.00 | TP=544
  thr=0.25 | P=1.00 | R=1.00 | F1=1.00 | TP=544
  thr=0.30 | P=1.00 | R=1.00 | F1=1.00 | TP=544
  thr=0.50 | P=1.00 | R=0.99 | F1=1.00 | TP=542
2026-01-20 21:05:09,746 | INFO | val time bin [0.0h, 8.0h): samples=164 | accuracy:0.976 | precision:1.000 | recall:0.952 | f1:0.976 | auc:1.000
2026-01-20 21:05:09,751 | INFO | val time bin [8.0h, 12.0h): samples=88 | accuracy:1.000 | precision:1.000 | recall:1.000 | f1:1.000 | auc:1.000
2026-01-20 21:05:09,756 | INFO | val time bin [12.0h, 16.0h): samples=88 | accuracy:1.000 | precision:1.000 | recall:1.000 | f1:1.000 | auc:1.000
2026-01-20 21:05:09,761 | INFO | val time bin [16.0h, 24.0h): samples=176 | accuracy:1.000 | precision:1.000 | recall:1.000 | f1:1.000 | auc:1.000
2026-01-20 21:05:09,766 | INFO | val time bin [24.0h, 32.0h): samples=176 | accuracy:1.000 | precision:1.000 | recall:1.000 | f1:1.000 | auc:1.000
2026-01-20 21:05:09,766 | INFO | val: accuracy:0.9960 | precision:1.0000 | recall:0.9927 | f1:0.9963 | auc:1.0000 | loss:0.0087
2026-01-20 21:05:09,766 | INFO | Fold 2/5 - Epoch 74/100
2026-01-20 21:07:09,447 | INFO | train loss: 0.0000
2026-01-20 21:07:40,255 | INFO | val threshold sweep:
  thr=0.10 | P=1.00 | R=1.00 | F1=1.00 | TP=544
  thr=0.15 | P=1.00 | R=1.00 | F1=1.00 | TP=544
  thr=0.20 | P=1.00 | R=1.00 | F1=1.00 | TP=544
  thr=0.25 | P=1.00 | R=1.00 | F1=1.00 | TP=544
  thr=0.30 | P=1.00 | R=0.99 | F1=1.00 | TP=543
  thr=0.50 | P=1.00 | R=0.99 | F1=1.00 | TP=542
2026-01-20 21:07:40,261 | INFO | val time bin [0.0h, 8.0h): samples=164 | accuracy:0.976 | precision:1.000 | recall:0.952 | f1:0.976 | auc:1.000
2026-01-20 21:07:40,265 | INFO | val time bin [8.0h, 12.0h): samples=88 | accuracy:1.000 | precision:1.000 | recall:1.000 | f1:1.000 | auc:1.000
2026-01-20 21:07:40,270 | INFO | val time bin [12.0h, 16.0h): samples=88 | accuracy:1.000 | precision:1.000 | recall:1.000 | f1:1.000 | auc:1.000
2026-01-20 21:07:40,275 | INFO | val time bin [16.0h, 24.0h): samples=176 | accuracy:1.000 | precision:1.000 | recall:1.000 | f1:1.000 | auc:1.000
2026-01-20 21:07:40,280 | INFO | val time bin [24.0h, 32.0h): samples=176 | accuracy:1.000 | precision:1.000 | recall:1.000 | f1:1.000 | auc:1.000
2026-01-20 21:07:40,280 | INFO | val: accuracy:0.9960 | precision:1.0000 | recall:0.9927 | f1:0.9963 | auc:1.0000 | loss:0.0098
2026-01-20 21:07:40,280 | INFO | Fold 2/5 - Epoch 75/100
2026-01-20 21:09:42,370 | INFO | train loss: 0.0000
2026-01-20 21:10:13,317 | INFO | val threshold sweep:
  thr=0.10 | P=1.00 | R=1.00 | F1=1.00 | TP=544
  thr=0.15 | P=1.00 | R=1.00 | F1=1.00 | TP=544
  thr=0.20 | P=1.00 | R=1.00 | F1=1.00 | TP=544
  thr=0.25 | P=1.00 | R=1.00 | F1=1.00 | TP=544
  thr=0.30 | P=1.00 | R=1.00 | F1=1.00 | TP=544
  thr=0.50 | P=1.00 | R=0.99 | F1=1.00 | TP=543
2026-01-20 21:10:13,322 | INFO | val time bin [0.0h, 8.0h): samples=164 | accuracy:0.982 | precision:1.000 | recall:0.964 | f1:0.982 | auc:1.000
2026-01-20 21:10:13,328 | INFO | val time bin [8.0h, 12.0h): samples=88 | accuracy:1.000 | precision:1.000 | recall:1.000 | f1:1.000 | auc:1.000
2026-01-20 21:10:13,332 | INFO | val time bin [12.0h, 16.0h): samples=88 | accuracy:1.000 | precision:1.000 | recall:1.000 | f1:1.000 | auc:1.000
2026-01-20 21:10:13,337 | INFO | val time bin [16.0h, 24.0h): samples=176 | accuracy:1.000 | precision:1.000 | recall:1.000 | f1:1.000 | auc:1.000
2026-01-20 21:10:13,342 | INFO | val time bin [24.0h, 32.0h): samples=176 | accuracy:1.000 | precision:1.000 | recall:1.000 | f1:1.000 | auc:1.000
2026-01-20 21:10:13,342 | INFO | val: accuracy:0.9970 | precision:1.0000 | recall:0.9945 | f1:0.9972 | auc:1.0000 | loss:0.0083
2026-01-20 21:10:13,342 | INFO | Fold 2/5 - Epoch 76/100
2026-01-20 21:12:14,125 | INFO | train loss: 0.0000
2026-01-20 21:12:45,015 | INFO | val threshold sweep:
  thr=0.10 | P=1.00 | R=1.00 | F1=1.00 | TP=544
  thr=0.15 | P=1.00 | R=1.00 | F1=1.00 | TP=544
  thr=0.20 | P=1.00 | R=1.00 | F1=1.00 | TP=544
  thr=0.25 | P=1.00 | R=1.00 | F1=1.00 | TP=544
  thr=0.30 | P=1.00 | R=1.00 | F1=1.00 | TP=544
  thr=0.50 | P=1.00 | R=0.99 | F1=1.00 | TP=543
2026-01-20 21:12:45,020 | INFO | val time bin [0.0h, 8.0h): samples=164 | accuracy:0.982 | precision:1.000 | recall:0.964 | f1:0.982 | auc:1.000
2026-01-20 21:12:45,025 | INFO | val time bin [8.0h, 12.0h): samples=88 | accuracy:1.000 | precision:1.000 | recall:1.000 | f1:1.000 | auc:1.000
2026-01-20 21:12:45,030 | INFO | val time bin [12.0h, 16.0h): samples=88 | accuracy:1.000 | precision:1.000 | recall:1.000 | f1:1.000 | auc:1.000
2026-01-20 21:12:45,035 | INFO | val time bin [16.0h, 24.0h): samples=176 | accuracy:1.000 | precision:1.000 | recall:1.000 | f1:1.000 | auc:1.000
2026-01-20 21:12:45,040 | INFO | val time bin [24.0h, 32.0h): samples=176 | accuracy:1.000 | precision:1.000 | recall:1.000 | f1:1.000 | auc:1.000
2026-01-20 21:12:45,040 | INFO | val: accuracy:0.9970 | precision:1.0000 | recall:0.9945 | f1:0.9972 | auc:1.0000 | loss:0.0073
2026-01-20 21:12:45,040 | INFO | Fold 2/5 - Epoch 77/100
2026-01-20 21:14:43,591 | INFO | train loss: 0.0000
2026-01-20 21:15:15,359 | INFO | val threshold sweep:
  thr=0.10 | P=1.00 | R=1.00 | F1=1.00 | TP=544
  thr=0.15 | P=1.00 | R=1.00 | F1=1.00 | TP=544
  thr=0.20 | P=1.00 | R=1.00 | F1=1.00 | TP=544
  thr=0.25 | P=1.00 | R=1.00 | F1=1.00 | TP=544
  thr=0.30 | P=1.00 | R=1.00 | F1=1.00 | TP=544
  thr=0.50 | P=1.00 | R=0.99 | F1=1.00 | TP=543
2026-01-20 21:15:15,364 | INFO | val time bin [0.0h, 8.0h): samples=164 | accuracy:0.982 | precision:1.000 | recall:0.964 | f1:0.982 | auc:1.000
2026-01-20 21:15:15,369 | INFO | val time bin [8.0h, 12.0h): samples=88 | accuracy:1.000 | precision:1.000 | recall:1.000 | f1:1.000 | auc:1.000
2026-01-20 21:15:15,374 | INFO | val time bin [12.0h, 16.0h): samples=88 | accuracy:1.000 | precision:1.000 | recall:1.000 | f1:1.000 | auc:1.000
2026-01-20 21:15:15,379 | INFO | val time bin [16.0h, 24.0h): samples=176 | accuracy:1.000 | precision:1.000 | recall:1.000 | f1:1.000 | auc:1.000
2026-01-20 21:15:15,384 | INFO | val time bin [24.0h, 32.0h): samples=176 | accuracy:1.000 | precision:1.000 | recall:1.000 | f1:1.000 | auc:1.000
2026-01-20 21:15:15,384 | INFO | val: accuracy:0.9970 | precision:1.0000 | recall:0.9945 | f1:0.9972 | auc:1.0000 | loss:0.0076
2026-01-20 21:15:15,384 | INFO | Fold 2/5 - Epoch 78/100
2026-01-20 21:17:16,647 | INFO | train loss: 0.0000
2026-01-20 21:17:47,437 | INFO | val threshold sweep:
  thr=0.10 | P=1.00 | R=1.00 | F1=1.00 | TP=545
  thr=0.15 | P=1.00 | R=1.00 | F1=1.00 | TP=544
  thr=0.20 | P=1.00 | R=1.00 | F1=1.00 | TP=544
  thr=0.25 | P=1.00 | R=1.00 | F1=1.00 | TP=544
  thr=0.30 | P=1.00 | R=1.00 | F1=1.00 | TP=544
  thr=0.50 | P=1.00 | R=1.00 | F1=1.00 | TP=544
2026-01-20 21:17:47,442 | INFO | val time bin [0.0h, 8.0h): samples=164 | accuracy:0.988 | precision:1.000 | recall:0.976 | f1:0.988 | auc:1.000
2026-01-20 21:17:47,447 | INFO | val time bin [8.0h, 12.0h): samples=88 | accuracy:1.000 | precision:1.000 | recall:1.000 | f1:1.000 | auc:1.000
2026-01-20 21:17:47,452 | INFO | val time bin [12.0h, 16.0h): samples=88 | accuracy:1.000 | precision:1.000 | recall:1.000 | f1:1.000 | auc:1.000
2026-01-20 21:17:47,457 | INFO | val time bin [16.0h, 24.0h): samples=176 | accuracy:1.000 | precision:1.000 | recall:1.000 | f1:1.000 | auc:1.000
2026-01-20 21:17:47,462 | INFO | val time bin [24.0h, 32.0h): samples=176 | accuracy:1.000 | precision:1.000 | recall:1.000 | f1:1.000 | auc:1.000
2026-01-20 21:17:47,462 | INFO | val: accuracy:0.9980 | precision:1.0000 | recall:0.9963 | f1:0.9982 | auc:1.0000 | loss:0.0061
2026-01-20 21:17:47,462 | INFO | Fold 2/5 - Epoch 79/100
2026-01-20 21:19:49,917 | INFO | train loss: 0.0002
2026-01-20 21:20:21,059 | INFO | val threshold sweep:
  thr=0.10 | P=1.00 | R=1.00 | F1=1.00 | TP=545
  thr=0.15 | P=1.00 | R=1.00 | F1=1.00 | TP=545
  thr=0.20 | P=1.00 | R=1.00 | F1=1.00 | TP=545
  thr=0.25 | P=1.00 | R=1.00 | F1=1.00 | TP=544
  thr=0.30 | P=1.00 | R=1.00 | F1=1.00 | TP=544
  thr=0.50 | P=1.00 | R=0.99 | F1=1.00 | TP=543
2026-01-20 21:20:21,064 | INFO | val time bin [0.0h, 8.0h): samples=164 | accuracy:0.982 | precision:1.000 | recall:0.964 | f1:0.982 | auc:1.000
2026-01-20 21:20:21,069 | INFO | val time bin [8.0h, 12.0h): samples=88 | accuracy:1.000 | precision:1.000 | recall:1.000 | f1:1.000 | auc:1.000
2026-01-20 21:20:21,074 | INFO | val time bin [12.0h, 16.0h): samples=88 | accuracy:1.000 | precision:1.000 | recall:1.000 | f1:1.000 | auc:1.000
2026-01-20 21:20:21,079 | INFO | val time bin [16.0h, 24.0h): samples=176 | accuracy:1.000 | precision:1.000 | recall:1.000 | f1:1.000 | auc:1.000
2026-01-20 21:20:21,084 | INFO | val time bin [24.0h, 32.0h): samples=176 | accuracy:1.000 | precision:1.000 | recall:1.000 | f1:1.000 | auc:1.000
2026-01-20 21:20:21,084 | INFO | val: accuracy:0.9970 | precision:1.0000 | recall:0.9945 | f1:0.9972 | auc:1.0000 | loss:0.0056
2026-01-20 21:20:21,084 | INFO | Fold 2/5 - Epoch 80/100
2026-01-20 21:22:20,723 | INFO | train loss: 0.0000
2026-01-20 21:22:51,913 | INFO | val threshold sweep:
  thr=0.10 | P=1.00 | R=1.00 | F1=1.00 | TP=545
  thr=0.15 | P=1.00 | R=1.00 | F1=1.00 | TP=544
  thr=0.20 | P=1.00 | R=0.99 | F1=1.00 | TP=543
  thr=0.25 | P=1.00 | R=0.99 | F1=1.00 | TP=543
  thr=0.30 | P=1.00 | R=0.99 | F1=1.00 | TP=543
  thr=0.50 | P=1.00 | R=0.99 | F1=1.00 | TP=543
2026-01-20 21:22:51,919 | INFO | val time bin [0.0h, 8.0h): samples=164 | accuracy:0.982 | precision:1.000 | recall:0.964 | f1:0.982 | auc:1.000
2026-01-20 21:22:51,924 | INFO | val time bin [8.0h, 12.0h): samples=88 | accuracy:1.000 | precision:1.000 | recall:1.000 | f1:1.000 | auc:1.000
2026-01-20 21:22:51,928 | INFO | val time bin [12.0h, 16.0h): samples=88 | accuracy:1.000 | precision:1.000 | recall:1.000 | f1:1.000 | auc:1.000
2026-01-20 21:22:51,933 | INFO | val time bin [16.0h, 24.0h): samples=176 | accuracy:1.000 | precision:1.000 | recall:1.000 | f1:1.000 | auc:1.000
2026-01-20 21:22:51,938 | INFO | val time bin [24.0h, 32.0h): samples=176 | accuracy:1.000 | precision:1.000 | recall:1.000 | f1:1.000 | auc:1.000
2026-01-20 21:22:51,938 | INFO | val: accuracy:0.9970 | precision:1.0000 | recall:0.9945 | f1:0.9972 | auc:1.0000 | loss:0.0086
2026-01-20 21:22:51,938 | INFO | Fold 2/5 - Epoch 81/100
2026-01-20 21:24:50,504 | INFO | train loss: 0.0000
2026-01-20 21:25:21,429 | INFO | val threshold sweep:
  thr=0.10 | P=1.00 | R=1.00 | F1=1.00 | TP=545
  thr=0.15 | P=1.00 | R=1.00 | F1=1.00 | TP=545
  thr=0.20 | P=1.00 | R=1.00 | F1=1.00 | TP=544
  thr=0.25 | P=1.00 | R=1.00 | F1=1.00 | TP=544
  thr=0.30 | P=1.00 | R=1.00 | F1=1.00 | TP=544
  thr=0.50 | P=1.00 | R=0.99 | F1=1.00 | TP=543
2026-01-20 21:25:21,434 | INFO | val time bin [0.0h, 8.0h): samples=164 | accuracy:0.982 | precision:1.000 | recall:0.964 | f1:0.982 | auc:1.000
2026-01-20 21:25:21,439 | INFO | val time bin [8.0h, 12.0h): samples=88 | accuracy:1.000 | precision:1.000 | recall:1.000 | f1:1.000 | auc:1.000
2026-01-20 21:25:21,444 | INFO | val time bin [12.0h, 16.0h): samples=88 | accuracy:1.000 | precision:1.000 | recall:1.000 | f1:1.000 | auc:1.000
2026-01-20 21:25:21,449 | INFO | val time bin [16.0h, 24.0h): samples=176 | accuracy:1.000 | precision:1.000 | recall:1.000 | f1:1.000 | auc:1.000
2026-01-20 21:25:21,454 | INFO | val time bin [24.0h, 32.0h): samples=176 | accuracy:1.000 | precision:1.000 | recall:1.000 | f1:1.000 | auc:1.000
2026-01-20 21:25:21,454 | INFO | val: accuracy:0.9970 | precision:1.0000 | recall:0.9945 | f1:0.9972 | auc:1.0000 | loss:0.0068
2026-01-20 21:25:21,454 | INFO | Fold 2/5 - Epoch 82/100
2026-01-20 21:27:24,270 | INFO | train loss: 0.0000
2026-01-20 21:27:55,233 | INFO | val threshold sweep:
  thr=0.10 | P=1.00 | R=1.00 | F1=1.00 | TP=545
  thr=0.15 | P=1.00 | R=1.00 | F1=1.00 | TP=544
  thr=0.20 | P=1.00 | R=1.00 | F1=1.00 | TP=544
  thr=0.25 | P=1.00 | R=0.99 | F1=1.00 | TP=543
  thr=0.30 | P=1.00 | R=0.99 | F1=1.00 | TP=543
  thr=0.50 | P=1.00 | R=0.99 | F1=1.00 | TP=543
2026-01-20 21:27:55,238 | INFO | val time bin [0.0h, 8.0h): samples=164 | accuracy:0.982 | precision:1.000 | recall:0.964 | f1:0.982 | auc:1.000
2026-01-20 21:27:55,243 | INFO | val time bin [8.0h, 12.0h): samples=88 | accuracy:1.000 | precision:1.000 | recall:1.000 | f1:1.000 | auc:1.000
2026-01-20 21:27:55,248 | INFO | val time bin [12.0h, 16.0h): samples=88 | accuracy:1.000 | precision:1.000 | recall:1.000 | f1:1.000 | auc:1.000
2026-01-20 21:27:55,253 | INFO | val time bin [16.0h, 24.0h): samples=176 | accuracy:1.000 | precision:1.000 | recall:1.000 | f1:1.000 | auc:1.000
2026-01-20 21:27:55,258 | INFO | val time bin [24.0h, 32.0h): samples=176 | accuracy:1.000 | precision:1.000 | recall:1.000 | f1:1.000 | auc:1.000
2026-01-20 21:27:55,258 | INFO | val: accuracy:0.9970 | precision:1.0000 | recall:0.9945 | f1:0.9972 | auc:1.0000 | loss:0.0079
2026-01-20 21:27:55,258 | INFO | Fold 2/5 - Epoch 83/100
2026-01-20 21:29:52,676 | INFO | train loss: 0.0001
2026-01-20 21:30:24,290 | INFO | val threshold sweep:
  thr=0.10 | P=1.00 | R=1.00 | F1=1.00 | TP=544
  thr=0.15 | P=1.00 | R=1.00 | F1=1.00 | TP=544
  thr=0.20 | P=1.00 | R=0.99 | F1=1.00 | TP=543
  thr=0.25 | P=1.00 | R=0.99 | F1=1.00 | TP=543
  thr=0.30 | P=1.00 | R=0.99 | F1=1.00 | TP=543
  thr=0.50 | P=1.00 | R=0.99 | F1=1.00 | TP=543
2026-01-20 21:30:24,295 | INFO | val time bin [0.0h, 8.0h): samples=164 | accuracy:0.982 | precision:1.000 | recall:0.964 | f1:0.982 | auc:1.000
2026-01-20 21:30:24,300 | INFO | val time bin [8.0h, 12.0h): samples=88 | accuracy:1.000 | precision:1.000 | recall:1.000 | f1:1.000 | auc:1.000
2026-01-20 21:30:24,305 | INFO | val time bin [12.0h, 16.0h): samples=88 | accuracy:1.000 | precision:1.000 | recall:1.000 | f1:1.000 | auc:1.000
2026-01-20 21:30:24,310 | INFO | val time bin [16.0h, 24.0h): samples=176 | accuracy:1.000 | precision:1.000 | recall:1.000 | f1:1.000 | auc:1.000
2026-01-20 21:30:24,315 | INFO | val time bin [24.0h, 32.0h): samples=176 | accuracy:1.000 | precision:1.000 | recall:1.000 | f1:1.000 | auc:1.000
2026-01-20 21:30:24,315 | INFO | val: accuracy:0.9970 | precision:1.0000 | recall:0.9945 | f1:0.9972 | auc:1.0000 | loss:0.0098
2026-01-20 21:30:24,315 | INFO | Fold 2/5 - Epoch 84/100
2026-01-20 21:32:23,596 | INFO | train loss: 0.0000
2026-01-20 21:32:56,662 | INFO | val threshold sweep:
  thr=0.10 | P=1.00 | R=1.00 | F1=1.00 | TP=544
  thr=0.15 | P=1.00 | R=1.00 | F1=1.00 | TP=544
  thr=0.20 | P=1.00 | R=1.00 | F1=1.00 | TP=544
  thr=0.25 | P=1.00 | R=0.99 | F1=1.00 | TP=543
  thr=0.30 | P=1.00 | R=0.99 | F1=1.00 | TP=543
  thr=0.50 | P=1.00 | R=0.99 | F1=1.00 | TP=543
2026-01-20 21:32:56,667 | INFO | val time bin [0.0h, 8.0h): samples=164 | accuracy:0.982 | precision:1.000 | recall:0.964 | f1:0.982 | auc:1.000
2026-01-20 21:32:56,672 | INFO | val time bin [8.0h, 12.0h): samples=88 | accuracy:1.000 | precision:1.000 | recall:1.000 | f1:1.000 | auc:1.000
2026-01-20 21:32:56,677 | INFO | val time bin [12.0h, 16.0h): samples=88 | accuracy:1.000 | precision:1.000 | recall:1.000 | f1:1.000 | auc:1.000
2026-01-20 21:32:56,682 | INFO | val time bin [16.0h, 24.0h): samples=176 | accuracy:1.000 | precision:1.000 | recall:1.000 | f1:1.000 | auc:1.000
2026-01-20 21:32:56,687 | INFO | val time bin [24.0h, 32.0h): samples=176 | accuracy:1.000 | precision:1.000 | recall:1.000 | f1:1.000 | auc:1.000
2026-01-20 21:32:56,687 | INFO | val: accuracy:0.9970 | precision:1.0000 | recall:0.9945 | f1:0.9972 | auc:1.0000 | loss:0.0092
2026-01-20 21:32:56,687 | INFO | Fold 2/5 - Epoch 85/100
2026-01-20 21:34:56,461 | INFO | train loss: 0.0000
2026-01-20 21:35:28,623 | INFO | val threshold sweep:
  thr=0.10 | P=1.00 | R=1.00 | F1=1.00 | TP=544
  thr=0.15 | P=1.00 | R=1.00 | F1=1.00 | TP=544
  thr=0.20 | P=1.00 | R=1.00 | F1=1.00 | TP=544
  thr=0.25 | P=1.00 | R=1.00 | F1=1.00 | TP=544
  thr=0.30 | P=1.00 | R=0.99 | F1=1.00 | TP=543
  thr=0.50 | P=1.00 | R=0.99 | F1=1.00 | TP=543
2026-01-20 21:35:28,629 | INFO | val time bin [0.0h, 8.0h): samples=164 | accuracy:0.982 | precision:1.000 | recall:0.964 | f1:0.982 | auc:1.000
2026-01-20 21:35:28,633 | INFO | val time bin [8.0h, 12.0h): samples=88 | accuracy:1.000 | precision:1.000 | recall:1.000 | f1:1.000 | auc:1.000
2026-01-20 21:35:28,638 | INFO | val time bin [12.0h, 16.0h): samples=88 | accuracy:1.000 | precision:1.000 | recall:1.000 | f1:1.000 | auc:1.000
2026-01-20 21:35:28,643 | INFO | val time bin [16.0h, 24.0h): samples=176 | accuracy:1.000 | precision:1.000 | recall:1.000 | f1:1.000 | auc:1.000
2026-01-20 21:35:28,648 | INFO | val time bin [24.0h, 32.0h): samples=176 | accuracy:1.000 | precision:1.000 | recall:1.000 | f1:1.000 | auc:1.000
2026-01-20 21:35:28,648 | INFO | val: accuracy:0.9970 | precision:1.0000 | recall:0.9945 | f1:0.9972 | auc:1.0000 | loss:0.0083
2026-01-20 21:35:28,648 | INFO | Fold 2/5 - Epoch 86/100
2026-01-20 21:37:27,708 | INFO | train loss: 0.0001
2026-01-20 21:38:00,053 | INFO | val threshold sweep:
  thr=0.10 | P=1.00 | R=1.00 | F1=1.00 | TP=544
  thr=0.15 | P=1.00 | R=0.99 | F1=1.00 | TP=543
  thr=0.20 | P=1.00 | R=0.99 | F1=1.00 | TP=543
  thr=0.25 | P=1.00 | R=0.99 | F1=1.00 | TP=543
  thr=0.30 | P=1.00 | R=0.99 | F1=1.00 | TP=543
  thr=0.50 | P=1.00 | R=0.99 | F1=1.00 | TP=543
2026-01-20 21:38:00,059 | INFO | val time bin [0.0h, 8.0h): samples=164 | accuracy:0.982 | precision:1.000 | recall:0.964 | f1:0.982 | auc:1.000
2026-01-20 21:38:00,064 | INFO | val time bin [8.0h, 12.0h): samples=88 | accuracy:1.000 | precision:1.000 | recall:1.000 | f1:1.000 | auc:1.000
2026-01-20 21:38:00,069 | INFO | val time bin [12.0h, 16.0h): samples=88 | accuracy:1.000 | precision:1.000 | recall:1.000 | f1:1.000 | auc:1.000
2026-01-20 21:38:00,073 | INFO | val time bin [16.0h, 24.0h): samples=176 | accuracy:1.000 | precision:1.000 | recall:1.000 | f1:1.000 | auc:1.000
2026-01-20 21:38:00,078 | INFO | val time bin [24.0h, 32.0h): samples=176 | accuracy:1.000 | precision:1.000 | recall:1.000 | f1:1.000 | auc:1.000
2026-01-20 21:38:00,078 | INFO | val: accuracy:0.9970 | precision:1.0000 | recall:0.9945 | f1:0.9972 | auc:1.0000 | loss:0.0118
2026-01-20 21:38:00,079 | INFO | Fold 2/5 - Epoch 87/100
2026-01-20 21:39:59,952 | INFO | train loss: 0.0000
2026-01-20 21:40:31,925 | INFO | val threshold sweep:
  thr=0.10 | P=1.00 | R=1.00 | F1=1.00 | TP=545
  thr=0.15 | P=1.00 | R=1.00 | F1=1.00 | TP=544
  thr=0.20 | P=1.00 | R=1.00 | F1=1.00 | TP=544
  thr=0.25 | P=1.00 | R=1.00 | F1=1.00 | TP=544
  thr=0.30 | P=1.00 | R=1.00 | F1=1.00 | TP=544
  thr=0.50 | P=1.00 | R=0.99 | F1=1.00 | TP=543
2026-01-20 21:40:31,930 | INFO | val time bin [0.0h, 8.0h): samples=164 | accuracy:0.982 | precision:1.000 | recall:0.964 | f1:0.982 | auc:1.000
2026-01-20 21:40:31,935 | INFO | val time bin [8.0h, 12.0h): samples=88 | accuracy:1.000 | precision:1.000 | recall:1.000 | f1:1.000 | auc:1.000
2026-01-20 21:40:31,940 | INFO | val time bin [12.0h, 16.0h): samples=88 | accuracy:1.000 | precision:1.000 | recall:1.000 | f1:1.000 | auc:1.000
2026-01-20 21:40:31,945 | INFO | val time bin [16.0h, 24.0h): samples=176 | accuracy:1.000 | precision:1.000 | recall:1.000 | f1:1.000 | auc:1.000
2026-01-20 21:40:31,950 | INFO | val time bin [24.0h, 32.0h): samples=176 | accuracy:1.000 | precision:1.000 | recall:1.000 | f1:1.000 | auc:1.000
2026-01-20 21:40:31,950 | INFO | val: accuracy:0.9970 | precision:1.0000 | recall:0.9945 | f1:0.9972 | auc:1.0000 | loss:0.0067
2026-01-20 21:40:31,950 | INFO | Fold 2/5 - Epoch 88/100
2026-01-20 21:42:32,000 | INFO | train loss: 0.0001
2026-01-20 21:43:03,304 | INFO | val threshold sweep:
  thr=0.10 | P=1.00 | R=1.00 | F1=1.00 | TP=545
  thr=0.15 | P=1.00 | R=1.00 | F1=1.00 | TP=545
  thr=0.20 | P=1.00 | R=1.00 | F1=1.00 | TP=545
  thr=0.25 | P=1.00 | R=1.00 | F1=1.00 | TP=545
  thr=0.30 | P=1.00 | R=1.00 | F1=1.00 | TP=544
  thr=0.50 | P=1.00 | R=0.99 | F1=1.00 | TP=543
2026-01-20 21:43:03,310 | INFO | val time bin [0.0h, 8.0h): samples=164 | accuracy:0.982 | precision:1.000 | recall:0.964 | f1:0.982 | auc:1.000
2026-01-20 21:43:03,315 | INFO | val time bin [8.0h, 12.0h): samples=88 | accuracy:1.000 | precision:1.000 | recall:1.000 | f1:1.000 | auc:1.000
2026-01-20 21:43:03,320 | INFO | val time bin [12.0h, 16.0h): samples=88 | accuracy:1.000 | precision:1.000 | recall:1.000 | f1:1.000 | auc:1.000
2026-01-20 21:43:03,324 | INFO | val time bin [16.0h, 24.0h): samples=176 | accuracy:1.000 | precision:1.000 | recall:1.000 | f1:1.000 | auc:1.000
2026-01-20 21:43:03,329 | INFO | val time bin [24.0h, 32.0h): samples=176 | accuracy:1.000 | precision:1.000 | recall:1.000 | f1:1.000 | auc:1.000
2026-01-20 21:43:03,329 | INFO | val: accuracy:0.9970 | precision:1.0000 | recall:0.9945 | f1:0.9972 | auc:1.0000 | loss:0.0054
2026-01-20 21:43:03,330 | INFO | Fold 2/5 - Epoch 89/100
2026-01-20 21:45:03,140 | INFO | train loss: 0.0000
2026-01-20 21:45:33,683 | INFO | val threshold sweep:
  thr=0.10 | P=1.00 | R=1.00 | F1=1.00 | TP=545
  thr=0.15 | P=1.00 | R=1.00 | F1=1.00 | TP=545
  thr=0.20 | P=1.00 | R=1.00 | F1=1.00 | TP=544
  thr=0.25 | P=1.00 | R=1.00 | F1=1.00 | TP=544
  thr=0.30 | P=1.00 | R=1.00 | F1=1.00 | TP=544
  thr=0.50 | P=1.00 | R=0.99 | F1=1.00 | TP=543
2026-01-20 21:45:33,688 | INFO | val time bin [0.0h, 8.0h): samples=164 | accuracy:0.982 | precision:1.000 | recall:0.964 | f1:0.982 | auc:1.000
2026-01-20 21:45:33,693 | INFO | val time bin [8.0h, 12.0h): samples=88 | accuracy:1.000 | precision:1.000 | recall:1.000 | f1:1.000 | auc:1.000
2026-01-20 21:45:33,698 | INFO | val time bin [12.0h, 16.0h): samples=88 | accuracy:1.000 | precision:1.000 | recall:1.000 | f1:1.000 | auc:1.000
2026-01-20 21:45:33,703 | INFO | val time bin [16.0h, 24.0h): samples=176 | accuracy:1.000 | precision:1.000 | recall:1.000 | f1:1.000 | auc:1.000
2026-01-20 21:45:33,708 | INFO | val time bin [24.0h, 32.0h): samples=176 | accuracy:1.000 | precision:1.000 | recall:1.000 | f1:1.000 | auc:1.000
2026-01-20 21:45:33,708 | INFO | val: accuracy:0.9970 | precision:1.0000 | recall:0.9945 | f1:0.9972 | auc:1.0000 | loss:0.0064
2026-01-20 21:45:33,708 | INFO | Fold 2/5 - Epoch 90/100
2026-01-20 21:47:31,062 | INFO | train loss: 0.0000
2026-01-20 21:48:01,788 | INFO | val threshold sweep:
  thr=0.10 | P=1.00 | R=1.00 | F1=1.00 | TP=545
  thr=0.15 | P=1.00 | R=1.00 | F1=1.00 | TP=545
  thr=0.20 | P=1.00 | R=1.00 | F1=1.00 | TP=545
  thr=0.25 | P=1.00 | R=1.00 | F1=1.00 | TP=545
  thr=0.30 | P=1.00 | R=1.00 | F1=1.00 | TP=545
  thr=0.50 | P=1.00 | R=1.00 | F1=1.00 | TP=544
2026-01-20 21:48:01,793 | INFO | val time bin [0.0h, 8.0h): samples=164 | accuracy:0.988 | precision:1.000 | recall:0.976 | f1:0.988 | auc:1.000
2026-01-20 21:48:01,798 | INFO | val time bin [8.0h, 12.0h): samples=88 | accuracy:1.000 | precision:1.000 | recall:1.000 | f1:1.000 | auc:1.000
2026-01-20 21:48:01,803 | INFO | val time bin [12.0h, 16.0h): samples=88 | accuracy:1.000 | precision:1.000 | recall:1.000 | f1:1.000 | auc:1.000
2026-01-20 21:48:01,808 | INFO | val time bin [16.0h, 24.0h): samples=176 | accuracy:1.000 | precision:1.000 | recall:1.000 | f1:1.000 | auc:1.000
2026-01-20 21:48:01,813 | INFO | val time bin [24.0h, 32.0h): samples=176 | accuracy:1.000 | precision:1.000 | recall:1.000 | f1:1.000 | auc:1.000
2026-01-20 21:48:01,813 | INFO | val: accuracy:0.9980 | precision:1.0000 | recall:0.9963 | f1:0.9982 | auc:1.0000 | loss:0.0042
2026-01-20 21:48:01,813 | INFO | Fold 2/5 - Epoch 91/100
2026-01-20 21:50:01,968 | INFO | train loss: 0.0000
2026-01-20 21:50:32,636 | INFO | val threshold sweep:
  thr=0.10 | P=1.00 | R=1.00 | F1=1.00 | TP=545
  thr=0.15 | P=1.00 | R=1.00 | F1=1.00 | TP=545
  thr=0.20 | P=1.00 | R=1.00 | F1=1.00 | TP=544
  thr=0.25 | P=1.00 | R=1.00 | F1=1.00 | TP=544
  thr=0.30 | P=1.00 | R=1.00 | F1=1.00 | TP=544
  thr=0.50 | P=1.00 | R=0.99 | F1=1.00 | TP=543
2026-01-20 21:50:32,641 | INFO | val time bin [0.0h, 8.0h): samples=164 | accuracy:0.982 | precision:1.000 | recall:0.964 | f1:0.982 | auc:1.000
2026-01-20 21:50:32,646 | INFO | val time bin [8.0h, 12.0h): samples=88 | accuracy:1.000 | precision:1.000 | recall:1.000 | f1:1.000 | auc:1.000
2026-01-20 21:50:32,651 | INFO | val time bin [12.0h, 16.0h): samples=88 | accuracy:1.000 | precision:1.000 | recall:1.000 | f1:1.000 | auc:1.000
2026-01-20 21:50:32,656 | INFO | val time bin [16.0h, 24.0h): samples=176 | accuracy:1.000 | precision:1.000 | recall:1.000 | f1:1.000 | auc:1.000
2026-01-20 21:50:32,662 | INFO | val time bin [24.0h, 32.0h): samples=176 | accuracy:1.000 | precision:1.000 | recall:1.000 | f1:1.000 | auc:1.000
2026-01-20 21:50:32,663 | INFO | val: accuracy:0.9970 | precision:1.0000 | recall:0.9945 | f1:0.9972 | auc:1.0000 | loss:0.0068
2026-01-20 21:50:32,663 | INFO | Fold 2/5 - Epoch 92/100
2026-01-20 21:52:31,476 | INFO | train loss: 0.0000
2026-01-20 21:53:02,295 | INFO | val threshold sweep:
  thr=0.10 | P=1.00 | R=1.00 | F1=1.00 | TP=545
  thr=0.15 | P=1.00 | R=1.00 | F1=1.00 | TP=545
  thr=0.20 | P=1.00 | R=1.00 | F1=1.00 | TP=545
  thr=0.25 | P=1.00 | R=1.00 | F1=1.00 | TP=544
  thr=0.30 | P=1.00 | R=1.00 | F1=1.00 | TP=544
  thr=0.50 | P=1.00 | R=0.99 | F1=1.00 | TP=543
2026-01-20 21:53:02,300 | INFO | val time bin [0.0h, 8.0h): samples=164 | accuracy:0.982 | precision:1.000 | recall:0.964 | f1:0.982 | auc:1.000
2026-01-20 21:53:02,305 | INFO | val time bin [8.0h, 12.0h): samples=88 | accuracy:1.000 | precision:1.000 | recall:1.000 | f1:1.000 | auc:1.000
2026-01-20 21:53:02,310 | INFO | val time bin [12.0h, 16.0h): samples=88 | accuracy:1.000 | precision:1.000 | recall:1.000 | f1:1.000 | auc:1.000
2026-01-20 21:53:02,315 | INFO | val time bin [16.0h, 24.0h): samples=176 | accuracy:1.000 | precision:1.000 | recall:1.000 | f1:1.000 | auc:1.000
2026-01-20 21:53:02,320 | INFO | val time bin [24.0h, 32.0h): samples=176 | accuracy:1.000 | precision:1.000 | recall:1.000 | f1:1.000 | auc:1.000
2026-01-20 21:53:02,320 | INFO | val: accuracy:0.9970 | precision:1.0000 | recall:0.9945 | f1:0.9972 | auc:1.0000 | loss:0.0058
2026-01-20 21:53:02,321 | INFO | Fold 2/5 - Epoch 93/100
2026-01-20 21:54:59,715 | INFO | train loss: 0.0000
2026-01-20 21:55:30,451 | INFO | val threshold sweep:
  thr=0.10 | P=1.00 | R=1.00 | F1=1.00 | TP=545
  thr=0.15 | P=1.00 | R=1.00 | F1=1.00 | TP=545
  thr=0.20 | P=1.00 | R=1.00 | F1=1.00 | TP=545
  thr=0.25 | P=1.00 | R=1.00 | F1=1.00 | TP=544
  thr=0.30 | P=1.00 | R=1.00 | F1=1.00 | TP=544
  thr=0.50 | P=1.00 | R=0.99 | F1=1.00 | TP=543
2026-01-20 21:55:30,456 | INFO | val time bin [0.0h, 8.0h): samples=164 | accuracy:0.982 | precision:1.000 | recall:0.964 | f1:0.982 | auc:1.000
2026-01-20 21:55:30,461 | INFO | val time bin [8.0h, 12.0h): samples=88 | accuracy:1.000 | precision:1.000 | recall:1.000 | f1:1.000 | auc:1.000
2026-01-20 21:55:30,466 | INFO | val time bin [12.0h, 16.0h): samples=88 | accuracy:1.000 | precision:1.000 | recall:1.000 | f1:1.000 | auc:1.000
2026-01-20 21:55:30,471 | INFO | val time bin [16.0h, 24.0h): samples=176 | accuracy:1.000 | precision:1.000 | recall:1.000 | f1:1.000 | auc:1.000
2026-01-20 21:55:30,476 | INFO | val time bin [24.0h, 32.0h): samples=176 | accuracy:1.000 | precision:1.000 | recall:1.000 | f1:1.000 | auc:1.000
2026-01-20 21:55:30,476 | INFO | val: accuracy:0.9970 | precision:1.0000 | recall:0.9945 | f1:0.9972 | auc:1.0000 | loss:0.0063
2026-01-20 21:55:30,476 | INFO | Fold 2/5 - Epoch 94/100
2026-01-20 21:57:29,461 | INFO | train loss: 0.0000
2026-01-20 21:58:00,730 | INFO | val threshold sweep:
  thr=0.10 | P=1.00 | R=1.00 | F1=1.00 | TP=545
  thr=0.15 | P=1.00 | R=1.00 | F1=1.00 | TP=545
  thr=0.20 | P=1.00 | R=1.00 | F1=1.00 | TP=545
  thr=0.25 | P=1.00 | R=1.00 | F1=1.00 | TP=544
  thr=0.30 | P=1.00 | R=1.00 | F1=1.00 | TP=544
  thr=0.50 | P=1.00 | R=0.99 | F1=1.00 | TP=543
2026-01-20 21:58:00,735 | INFO | val time bin [0.0h, 8.0h): samples=164 | accuracy:0.982 | precision:1.000 | recall:0.964 | f1:0.982 | auc:1.000
2026-01-20 21:58:00,740 | INFO | val time bin [8.0h, 12.0h): samples=88 | accuracy:1.000 | precision:1.000 | recall:1.000 | f1:1.000 | auc:1.000
2026-01-20 21:58:00,745 | INFO | val time bin [12.0h, 16.0h): samples=88 | accuracy:1.000 | precision:1.000 | recall:1.000 | f1:1.000 | auc:1.000
2026-01-20 21:58:00,750 | INFO | val time bin [16.0h, 24.0h): samples=176 | accuracy:1.000 | precision:1.000 | recall:1.000 | f1:1.000 | auc:1.000
2026-01-20 21:58:00,755 | INFO | val time bin [24.0h, 32.0h): samples=176 | accuracy:1.000 | precision:1.000 | recall:1.000 | f1:1.000 | auc:1.000
2026-01-20 21:58:00,755 | INFO | val: accuracy:0.9970 | precision:1.0000 | recall:0.9945 | f1:0.9972 | auc:1.0000 | loss:0.0060
2026-01-20 21:58:00,755 | INFO | Fold 2/5 - Epoch 95/100
2026-01-20 22:00:00,358 | INFO | train loss: 0.0000
2026-01-20 22:00:31,514 | INFO | val threshold sweep:
  thr=0.10 | P=1.00 | R=1.00 | F1=1.00 | TP=545
  thr=0.15 | P=1.00 | R=1.00 | F1=1.00 | TP=544
  thr=0.20 | P=1.00 | R=1.00 | F1=1.00 | TP=544
  thr=0.25 | P=1.00 | R=1.00 | F1=1.00 | TP=544
  thr=0.30 | P=1.00 | R=1.00 | F1=1.00 | TP=544
  thr=0.50 | P=1.00 | R=0.99 | F1=1.00 | TP=543
2026-01-20 22:00:31,519 | INFO | val time bin [0.0h, 8.0h): samples=164 | accuracy:0.982 | precision:1.000 | recall:0.964 | f1:0.982 | auc:1.000
2026-01-20 22:00:31,524 | INFO | val time bin [8.0h, 12.0h): samples=88 | accuracy:1.000 | precision:1.000 | recall:1.000 | f1:1.000 | auc:1.000
2026-01-20 22:00:31,529 | INFO | val time bin [12.0h, 16.0h): samples=88 | accuracy:1.000 | precision:1.000 | recall:1.000 | f1:1.000 | auc:1.000
2026-01-20 22:00:31,534 | INFO | val time bin [16.0h, 24.0h): samples=176 | accuracy:1.000 | precision:1.000 | recall:1.000 | f1:1.000 | auc:1.000
2026-01-20 22:00:31,539 | INFO | val time bin [24.0h, 32.0h): samples=176 | accuracy:1.000 | precision:1.000 | recall:1.000 | f1:1.000 | auc:1.000
2026-01-20 22:00:31,539 | INFO | val: accuracy:0.9970 | precision:1.0000 | recall:0.9945 | f1:0.9972 | auc:1.0000 | loss:0.0074
2026-01-20 22:00:31,539 | INFO | Fold 2/5 - Epoch 96/100
2026-01-20 22:02:31,125 | INFO | train loss: 0.0000
2026-01-20 22:03:03,345 | INFO | val threshold sweep:
  thr=0.10 | P=1.00 | R=1.00 | F1=1.00 | TP=545
  thr=0.15 | P=1.00 | R=1.00 | F1=1.00 | TP=544
  thr=0.20 | P=1.00 | R=1.00 | F1=1.00 | TP=544
  thr=0.25 | P=1.00 | R=1.00 | F1=1.00 | TP=544
  thr=0.30 | P=1.00 | R=0.99 | F1=1.00 | TP=543
  thr=0.50 | P=1.00 | R=0.99 | F1=1.00 | TP=543
2026-01-20 22:03:03,350 | INFO | val time bin [0.0h, 8.0h): samples=164 | accuracy:0.982 | precision:1.000 | recall:0.964 | f1:0.982 | auc:1.000
2026-01-20 22:03:03,355 | INFO | val time bin [8.0h, 12.0h): samples=88 | accuracy:1.000 | precision:1.000 | recall:1.000 | f1:1.000 | auc:1.000
2026-01-20 22:03:03,360 | INFO | val time bin [12.0h, 16.0h): samples=88 | accuracy:1.000 | precision:1.000 | recall:1.000 | f1:1.000 | auc:1.000
2026-01-20 22:03:03,365 | INFO | val time bin [16.0h, 24.0h): samples=176 | accuracy:1.000 | precision:1.000 | recall:1.000 | f1:1.000 | auc:1.000
2026-01-20 22:03:03,370 | INFO | val time bin [24.0h, 32.0h): samples=176 | accuracy:1.000 | precision:1.000 | recall:1.000 | f1:1.000 | auc:1.000
2026-01-20 22:03:03,370 | INFO | val: accuracy:0.9970 | precision:1.0000 | recall:0.9945 | f1:0.9972 | auc:1.0000 | loss:0.0078
2026-01-20 22:03:03,370 | INFO | Fold 2/5 - Epoch 97/100
2026-01-20 22:05:03,075 | INFO | train loss: 0.0000
2026-01-20 22:05:34,002 | INFO | val threshold sweep:
  thr=0.10 | P=1.00 | R=1.00 | F1=1.00 | TP=545
  thr=0.15 | P=1.00 | R=1.00 | F1=1.00 | TP=545
  thr=0.20 | P=1.00 | R=1.00 | F1=1.00 | TP=545
  thr=0.25 | P=1.00 | R=1.00 | F1=1.00 | TP=544
  thr=0.30 | P=1.00 | R=1.00 | F1=1.00 | TP=544
  thr=0.50 | P=1.00 | R=0.99 | F1=1.00 | TP=543
2026-01-20 22:05:34,007 | INFO | val time bin [0.0h, 8.0h): samples=164 | accuracy:0.982 | precision:1.000 | recall:0.964 | f1:0.982 | auc:1.000
2026-01-20 22:05:34,012 | INFO | val time bin [8.0h, 12.0h): samples=88 | accuracy:1.000 | precision:1.000 | recall:1.000 | f1:1.000 | auc:1.000
2026-01-20 22:05:34,017 | INFO | val time bin [12.0h, 16.0h): samples=88 | accuracy:1.000 | precision:1.000 | recall:1.000 | f1:1.000 | auc:1.000
2026-01-20 22:05:34,022 | INFO | val time bin [16.0h, 24.0h): samples=176 | accuracy:1.000 | precision:1.000 | recall:1.000 | f1:1.000 | auc:1.000
2026-01-20 22:05:34,027 | INFO | val time bin [24.0h, 32.0h): samples=176 | accuracy:1.000 | precision:1.000 | recall:1.000 | f1:1.000 | auc:1.000
2026-01-20 22:05:34,027 | INFO | val: accuracy:0.9970 | precision:1.0000 | recall:0.9945 | f1:0.9972 | auc:1.0000 | loss:0.0062
2026-01-20 22:05:34,027 | INFO | Fold 2/5 - Epoch 98/100
2026-01-20 22:07:33,888 | INFO | train loss: 0.0000
2026-01-20 22:08:05,926 | INFO | val threshold sweep:
  thr=0.10 | P=1.00 | R=1.00 | F1=1.00 | TP=545
  thr=0.15 | P=1.00 | R=1.00 | F1=1.00 | TP=545
  thr=0.20 | P=1.00 | R=1.00 | F1=1.00 | TP=545
  thr=0.25 | P=1.00 | R=1.00 | F1=1.00 | TP=545
  thr=0.30 | P=1.00 | R=1.00 | F1=1.00 | TP=544
  thr=0.50 | P=1.00 | R=1.00 | F1=1.00 | TP=544
2026-01-20 22:08:05,931 | INFO | val time bin [0.0h, 8.0h): samples=164 | accuracy:0.988 | precision:1.000 | recall:0.976 | f1:0.988 | auc:1.000
2026-01-20 22:08:05,936 | INFO | val time bin [8.0h, 12.0h): samples=88 | accuracy:1.000 | precision:1.000 | recall:1.000 | f1:1.000 | auc:1.000
2026-01-20 22:08:05,941 | INFO | val time bin [12.0h, 16.0h): samples=88 | accuracy:1.000 | precision:1.000 | recall:1.000 | f1:1.000 | auc:1.000
2026-01-20 22:08:05,945 | INFO | val time bin [16.0h, 24.0h): samples=176 | accuracy:1.000 | precision:1.000 | recall:1.000 | f1:1.000 | auc:1.000
2026-01-20 22:08:05,950 | INFO | val time bin [24.0h, 32.0h): samples=176 | accuracy:1.000 | precision:1.000 | recall:1.000 | f1:1.000 | auc:1.000
2026-01-20 22:08:05,950 | INFO | val: accuracy:0.9980 | precision:1.0000 | recall:0.9963 | f1:0.9982 | auc:1.0000 | loss:0.0047
2026-01-20 22:08:05,951 | INFO | Fold 2/5 - Epoch 99/100
2026-01-20 22:10:08,424 | INFO | train loss: 0.0000
2026-01-20 22:10:39,579 | INFO | val threshold sweep:
  thr=0.10 | P=1.00 | R=1.00 | F1=1.00 | TP=545
  thr=0.15 | P=1.00 | R=1.00 | F1=1.00 | TP=544
  thr=0.20 | P=1.00 | R=1.00 | F1=1.00 | TP=544
  thr=0.25 | P=1.00 | R=0.99 | F1=1.00 | TP=543
  thr=0.30 | P=1.00 | R=0.99 | F1=1.00 | TP=543
  thr=0.50 | P=1.00 | R=0.99 | F1=1.00 | TP=543
2026-01-20 22:10:39,584 | INFO | val time bin [0.0h, 8.0h): samples=164 | accuracy:0.982 | precision:1.000 | recall:0.964 | f1:0.982 | auc:1.000
2026-01-20 22:10:39,589 | INFO | val time bin [8.0h, 12.0h): samples=88 | accuracy:1.000 | precision:1.000 | recall:1.000 | f1:1.000 | auc:1.000
2026-01-20 22:10:39,594 | INFO | val time bin [12.0h, 16.0h): samples=88 | accuracy:1.000 | precision:1.000 | recall:1.000 | f1:1.000 | auc:1.000
2026-01-20 22:10:39,599 | INFO | val time bin [16.0h, 24.0h): samples=176 | accuracy:1.000 | precision:1.000 | recall:1.000 | f1:1.000 | auc:1.000
2026-01-20 22:10:39,604 | INFO | val time bin [24.0h, 32.0h): samples=176 | accuracy:1.000 | precision:1.000 | recall:1.000 | f1:1.000 | auc:1.000
2026-01-20 22:10:39,604 | INFO | val: accuracy:0.9970 | precision:1.0000 | recall:0.9945 | f1:0.9972 | auc:1.0000 | loss:0.0080
2026-01-20 22:10:39,604 | INFO | Fold 2/5 - Epoch 100/100
2026-01-20 22:12:40,268 | INFO | train loss: 0.0000
2026-01-20 22:13:11,038 | INFO | val threshold sweep:
  thr=0.10 | P=1.00 | R=1.00 | F1=1.00 | TP=545
  thr=0.15 | P=1.00 | R=1.00 | F1=1.00 | TP=545
  thr=0.20 | P=1.00 | R=1.00 | F1=1.00 | TP=544
  thr=0.25 | P=1.00 | R=1.00 | F1=1.00 | TP=544
  thr=0.30 | P=1.00 | R=1.00 | F1=1.00 | TP=544
  thr=0.50 | P=1.00 | R=0.99 | F1=1.00 | TP=543
2026-01-20 22:13:11,043 | INFO | val time bin [0.0h, 8.0h): samples=164 | accuracy:0.982 | precision:1.000 | recall:0.964 | f1:0.982 | auc:1.000
2026-01-20 22:13:11,048 | INFO | val time bin [8.0h, 12.0h): samples=88 | accuracy:1.000 | precision:1.000 | recall:1.000 | f1:1.000 | auc:1.000
2026-01-20 22:13:11,053 | INFO | val time bin [12.0h, 16.0h): samples=88 | accuracy:1.000 | precision:1.000 | recall:1.000 | f1:1.000 | auc:1.000
2026-01-20 22:13:11,058 | INFO | val time bin [16.0h, 24.0h): samples=176 | accuracy:1.000 | precision:1.000 | recall:1.000 | f1:1.000 | auc:1.000
2026-01-20 22:13:11,063 | INFO | val time bin [24.0h, 32.0h): samples=176 | accuracy:1.000 | precision:1.000 | recall:1.000 | f1:1.000 | auc:1.000
2026-01-20 22:13:11,063 | INFO | val: accuracy:0.9970 | precision:1.0000 | recall:0.9945 | f1:0.9972 | auc:1.0000 | loss:0.0072
2026-01-20 22:13:11,063 | INFO | Evaluating on test split
2026-01-20 22:14:10,381 | INFO | test threshold sweep:
  thr=0.10 | P=1.00 | R=0.99 | F1=0.99 | TP=719
  thr=0.15 | P=1.00 | R=0.99 | F1=0.99 | TP=719
  thr=0.20 | P=1.00 | R=0.99 | F1=0.99 | TP=719
  thr=0.25 | P=1.00 | R=0.99 | F1=0.99 | TP=718
  thr=0.30 | P=1.00 | R=0.99 | F1=0.99 | TP=718
  thr=0.50 | P=1.00 | R=0.98 | F1=0.99 | TP=716
2026-01-20 22:14:10,386 | INFO | test time bin [0.0h, 8.0h): samples=240 | accuracy:0.954 | precision:1.000 | recall:0.902 | f1:0.948 | auc:0.998
2026-01-20 22:14:10,391 | INFO | test time bin [8.0h, 12.0h): samples=128 | accuracy:0.992 | precision:1.000 | recall:0.984 | f1:0.992 | auc:1.000
2026-01-20 22:14:10,396 | INFO | test time bin [12.0h, 16.0h): samples=128 | accuracy:1.000 | precision:1.000 | recall:1.000 | f1:1.000 | auc:1.000
2026-01-20 22:14:10,401 | INFO | test time bin [16.0h, 24.0h): samples=256 | accuracy:1.000 | precision:1.000 | recall:1.000 | f1:1.000 | auc:1.000
2026-01-20 22:14:10,406 | INFO | test time bin [24.0h, 32.0h): samples=256 | accuracy:1.000 | precision:1.000 | recall:1.000 | f1:1.000 | auc:1.000
2026-01-20 22:14:10,406 | INFO | test: accuracy:0.9918 | precision:1.0000 | recall:0.9835 | f1:0.9917 | auc:0.9998 | loss:0.0392
2026-01-20 22:15:09,649 | INFO | ✓ Exported multitask-style outputs to outputs/resnet50_baseline_crop5pct/20260120-133520/fold_2
