{
  "model_configs": {
    "Multitask": "outputs/multitask_resnet50/20260108-124513_5fold",
    "Multitask-ClsConditioned": "outputs/multitask_cls_conditioned/20260108-132402_5fold",
    "Regression-Infected": "outputs/regression_infected/20260108-131451_5fold",
    "Regression-Uninfected": "outputs/regression_uninfected/20260108-131503_5fold"
  },
  "summaries": {
    "Multitask": {
      "total_loss": {
        "mean": 0.8081024294314177,
        "std": 0.04092788110045793,
        "min": 0.747563388036645,
        "max": 0.8608352256857831,
        "values": [
          0.747563388036645,
          0.7840935302817303,
          0.8034283959347269,
          0.8445916072182034,
          0.8608352256857831
        ]
      },
      "cls_loss": {
        "mean": 0.03204021317651495,
        "std": 0.005579078660651691,
        "min": 0.027556807339272422,
        "max": 0.043007395351710526,
        "values": [
          0.027556807339272422,
          0.043007395351710526,
          0.03008143794115471,
          0.030544512087742434,
          0.029010913162694676
        ]
      },
      "reg_loss": {
        "mean": 0.7760622123013372,
        "std": 0.04224972106012739,
        "min": 0.7200065851211548,
        "max": 0.8318242974903273,
        "values": [
          0.7200065851211548,
          0.7410861201908278,
          0.7733469605445862,
          0.81404709815979,
          0.8318242974903273
        ]
      },
      "cls_accuracy": {
        "mean": 0.9913043478260869,
        "std": 0.0014506899798955863,
        "min": 0.9891304347826086,
        "max": 0.9932065217391305,
        "values": [
          0.9932065217391305,
          0.9891304347826086,
          0.9911684782608695,
          0.9925271739130435,
          0.9904891304347826
        ]
      },
      "cls_precision": {
        "mean": 1.0,
        "std": 0.0,
        "min": 1.0,
        "max": 1.0,
        "values": [
          1.0,
          1.0,
          1.0,
          1.0,
          1.0
        ]
      },
      "cls_recall": {
        "mean": 0.9824175824175825,
        "std": 0.0029332632560525955,
        "min": 0.978021978021978,
        "max": 0.9862637362637363,
        "values": [
          0.9862637362637363,
          0.978021978021978,
          0.9821428571428571,
          0.9848901098901099,
          0.9807692307692307
        ]
      },
      "cls_f1": {
        "mean": 0.9911286111892259,
        "std": 0.001493074268462018,
        "min": 0.9888888888888889,
        "max": 0.9930843706777317,
        "values": [
          0.9930843706777317,
          0.9888888888888889,
          0.990990990990991,
          0.9923875432525952,
          0.9902912621359223
        ]
      },
      "cls_auc": {
        "mean": 0.9996060055535863,
        "std": 0.00017828373425468188,
        "min": 0.9993094942691716,
        "max": 0.9997747548150775,
        "values": [
          0.9997747548150775,
          0.9993094942691716,
          0.9997119815668203,
          0.9994922751979204,
          0.9997415219189413
        ]
      },
      "reg_mae": {
        "mean": 1.1851254940032958,
        "std": 0.04659243138409148,
        "min": 1.1205968856811523,
        "max": 1.24528968334198,
        "values": [
          1.1205968856811523,
          1.1476842164993286,
          1.1860922574996948,
          1.2259644269943237,
          1.24528968334198
        ]
      },
      "reg_rmse": {
        "mean": 1.5271451950073243,
        "std": 0.054195187642047074,
        "min": 1.4631247520446777,
        "max": 1.597862958908081,
        "values": [
          1.4631247520446777,
          1.4737133979797363,
          1.521885871887207,
          1.597862958908081,
          1.579138994216919
        ]
      },
      "reg_mse": {
        "mean": 2.3351096153259276,
        "std": 0.1658281413561691,
        "min": 2.1407341957092285,
        "max": 2.553166151046753,
        "values": [
          2.1407341957092285,
          2.1718311309814453,
          2.316136598587036,
          2.553166151046753,
          2.493680000305176
        ]
      },
      "combined": {
        "mean": 0.9848011136054993,
        "std": 0.0010179281346425753,
        "min": 0.9837692975997925,
        "max": 0.986512303352356,
        "values": [
          0.986512303352356,
          0.9837692975997925,
          0.9847105145454407,
          0.9852161407470703,
          0.9837973117828369
        ]
      }
    },
    "Multitask-ClsConditioned": {
      "total_loss": {
        "mean": 0.8217249657796778,
        "std": 0.04017050769544847,
        "min": 0.7634823348211206,
        "max": 0.8792787427487581,
        "values": [
          0.8054468787234762,
          0.8520578353301339,
          0.7634823348211206,
          0.8792787427487581,
          0.8083590372748997
        ]
      },
      "cls_loss": {
        "mean": 0.02674856275451653,
        "std": 0.006350064914259409,
        "min": 0.016154151602202783,
        "max": 0.03452429501845947,
        "values": [
          0.03180030380304822,
          0.026302736991530528,
          0.016154151602202783,
          0.024961326357341655,
          0.03452429501845947
        ]
      },
      "reg_loss": {
        "mean": 0.7949764059937519,
        "std": 0.03909211829248201,
        "min": 0.7473281803338424,
        "max": 0.854317421498506,
        "values": [
          0.7736465775448343,
          0.8257550985916801,
          0.7473281803338424,
          0.854317421498506,
          0.7738347519998965
        ]
      },
      "cls_accuracy": {
        "mean": 0.9925271739130433,
        "std": 0.0009607429092208765,
        "min": 0.9911684782608695,
        "max": 0.9938858695652174,
        "values": [
          0.9925271739130435,
          0.9911684782608695,
          0.9938858695652174,
          0.9932065217391305,
          0.9918478260869565
        ]
      },
      "cls_precision": {
        "mean": 0.9997210599721061,
        "std": 0.0005578800557879849,
        "min": 0.99860529986053,
        "max": 1.0,
        "values": [
          1.0,
          0.99860529986053,
          1.0,
          1.0,
          1.0
        ]
      },
      "cls_recall": {
        "mean": 0.9851648351648352,
        "std": 0.0016019098612212765,
        "min": 0.9835164835164835,
        "max": 0.9876373626373627,
        "values": [
          0.9848901098901099,
          0.9835164835164835,
          0.9876373626373627,
          0.9862637362637363,
          0.9835164835164835
        ]
      },
      "cls_f1": {
        "mean": 0.9923890719598722,
        "std": 0.0009826237657073148,
        "min": 0.9910034602076124,
        "max": 0.9937802349689012,
        "values": [
          0.9923875432525952,
          0.9910034602076124,
          0.9937802349689012,
          0.9930843706777317,
          0.9916897506925207
        ]
      },
      "cls_auc": {
        "mean": 0.9997441066997519,
        "std": 0.00013041843823258695,
        "min": 0.9995255080940565,
        "max": 0.9999224565756824,
        "values": [
          0.9995255080940565,
          0.9998135265272362,
          0.9999224565756824,
          0.9997396756469337,
          0.9997193666548505
        ]
      },
      "reg_mae": {
        "mean": 1.206246519088745,
        "std": 0.03763307118985226,
        "min": 1.159436583518982,
        "max": 1.2653074264526367,
        "values": [
          1.1850849390029907,
          1.2320836782455444,
          1.159436583518982,
          1.2653074264526367,
          1.1893199682235718
        ]
      },
      "reg_rmse": {
        "mean": 1.5380987405776978,
        "std": 0.05678243690363118,
        "min": 1.4654054641723633,
        "max": 1.6213557720184326,
        "values": [
          1.5141092538833618,
          1.5850580930709839,
          1.4654054641723633,
          1.6213557720184326,
          1.5045651197433472
        ]
      },