Model_1,Model_2,Mean_MAE_1,Mean_MAE_2,Difference,t_statistic,p_value,Significant
Multitask,Multitask-ClsConditioned,1.1851255,1.2062465,-0.021121025,-2.5134206785295765,0.011977852042758053,*
Multitask,Regression-Infected,1.1180446,0.90550685,0.21253777,12.097017664348593,4.680833874862689e-33,***
Multitask,Regression-Uninfected,1.118149,1.4756913,-0.35754228,-16.021740566316144,6.436894258661759e-56,***
Multitask-ClsConditioned,Regression-Infected,1.1609627,0.90550685,0.25545585,14.344204320330608,1.9640421396775315e-45,***
Multitask-ClsConditioned,Regression-Uninfected,1.1613418,1.4756913,-0.31434953,-13.887212475903949,8.707182264736358e-43,***
Regression-Infected,Regression-Uninfected,0.90550685,1.4662979,-0.560791,-26.59539505942742,1.4467182730039052e-142,***
