{
  "fold_index": 3,
  "best_val_metric": 0.9871616363525391,
  "test_metrics": {
    "total_loss": 1.0362635761178949,
    "cls_loss": 0.038117357762530446,
    "reg_loss": 0.9981462212019069,
    "cls_accuracy": 0.991263440860215,
    "cls_precision": 1.0,
    "cls_recall": 0.9825268817204301,
    "cls_f1": 0.9911864406779661,
    "cls_auc": 0.9994959677419355,
    "reg_mae": 1.4148005247116089,
    "reg_rmse": 1.8413571119308472,
    "reg_mse": 3.3905959129333496,
    "combined": 0.982921838760376
  }
}