{
  "fold_index": 0,
  "best_val_metric": 0.9912780523300171,
  "test_metrics": {
    "total_loss": 0.7353335411652274,
    "cls_loss": 0.04829572976576974,
    "reg_loss": 0.6870378229929053,
    "cls_accuracy": 0.9891304347826086,
    "cls_precision": 0.9985994397759104,
    "cls_recall": 0.9793956043956044,
    "cls_f1": 0.9889042995839112,
    "cls_auc": 0.9996916725747371,
    "reg_mae": 1.0907891988754272,
    "reg_rmse": 1.3980246782302856,
    "reg_mse": 1.9544731378555298,
    "combined": 0.9842526912689209
  }
}