{
  "fold_index": 1,
  "best_val_metric": 0.9912521839141846,
  "test_metrics": {
    "total_loss": 0.6629905959834224,
    "cls_loss": 0.02939871587849389,
    "reg_loss": 0.6335918696030326,
    "cls_accuracy": 0.9925271739130435,
    "cls_precision": 1.0,
    "cls_recall": 0.9848901098901099,
    "cls_f1": 0.9923875432525952,
    "cls_auc": 0.99992430284769,
    "reg_mae": 1.0244090557098389,
    "reg_rmse": 1.3324345350265503,
    "reg_mse": 1.7753818035125732,
    "combined": 0.9868957996368408
  }
}