{
  "test_window": [
    1.0,
    48.0
  ],
  "window_size": 6.0,
  "stride": 3.0,
  "centers": [
    4.0,
    7.0,
    10.0,
    13.0,
    16.0,
    19.0,
    22.0,
    25.0,
    28.0,
    31.0,
    34.0,
    37.0,
    40.0,
    43.0
  ],
  "multitask": {
    "auc": {
      "mean": [
        0.9877387152777779,
        0.997287326388889,
        1.0,
        1.0,
        1.0,
        1.0,
        1.0,
        1.0,
        1.0,
        1.0,
        1.0,
        1.0,
        1.0,
        1.0
      ],
      "std": [
        0.007087754675235499,
        0.0016167170600858752,
        0.0,
        0.0,
        0.0,
        0.0,
        0.0,
        0.0,
        0.0,
        0.0,
        0.0,
        0.0,
        0.0,
        0.0
      ]
    },
    "accuracy": {
      "mean": [
        0.9322916666666667,
        0.9697916666666668,
        1.0,
        1.0,
        1.0,
        1.0,
        1.0,
        1.0,
        1.0,
        1.0,
        1.0,
        1.0,
        1.0,
        1.0
      ],
      "std": [
        0.007365695637359875,
        0.00389755977788955,
        0.0,
        0.0,
        0.0,
        0.0,
        0.0,
        0.0,
        0.0,
        0.0,
        0.0,
        0.0,
        0.0,
        0.0
      ]
    },
    "f1": {
      "mean": [
        0.9273073412482409,
        0.9688340194602054,
        1.0,
        1.0,
        1.0,
        1.0,
        1.0,
        1.0,
        1.0,
        1.0,
        1.0,
        1.0,
        1.0,
        1.0
      ],
      "std": [
        0.00847550805801794,
        0.004150025692662899,
        0.0,
        0.0,
        0.0,
        0.0,
        0.0,
        0.0,
        0.0,
        0.0,
        0.0,
        0.0,
        0.0,
        0.0
      ]
    }
  },
  "baseline": {
    "auc": {
      "mean": [
        0.42211371527777775,
        0.42866753472222224,
        0.7595052083333333,
        0.9790581597222221,
        1.0,
        1.0,
        1.0,
        1.0,
        1.0,
        1.0,
        1.0,
        1.0,
        1.0,
        1.0
      ],
      "std": [
        0.1557287553800465,
        0.15122692843340851,
        0.12990337189631493,
        0.026985308410255798,
        0.0,
        0.0,
        0.0,
        0.0,
        0.0,
        0.0,
        0.0,
        0.0,
        0.0,
        0.0
      ]
    },
    "accuracy": {
      "mean": [
        0.5,
        0.5,
        0.5,
        0.5541666666666667,
        0.7291666666666667,
        0.9229166666666668,
        0.9979166666666668,
        1.0,
        1.0,
        0.9854166666666668,
        0.9375,
        0.878125,
        0.7604166666666666,
        0.6197916666666667
      ],
      "std": [
        0.0,
        0.0,
        0.0,
        0.03270899680855745,
        0.07387759677707144,
        0.043997316837381,
        0.004166666666666652,
        0.0,
        0.0,
        0.02916666666666665,
        0.125,
        0.18743054269070805,
        0.16029486718059455,
        0.11908760489189835
      ]
    },
    "f1": {
      "mean": [
        0.0,
        0.0,
        0.0,
        0.18923759582538452,
        0.614591290734561,
        0.914020416029443,
        0.9978947368421054,
        1.0,
        1.0,
        0.9842696629213483,
        0.909090909090909,
        0.7819426282381111,
        0.614120031679128,
        0.3320767645901336
      ],
      "std": [
        0.0,
        0.0,
        0.0,
        0.10602368038962282,
        0.13841611487010316,
        0.05160719939668325,
        0.004210526315789487,
        0.0,
        0.0,
        0.03146067415730336,
        0.18181818181818185,
        0.37277414230612876,
        0.34141751768665707,
        0.2872197925606173
      ]
    }
  },
  "plot": "/isilon/datalake/gurcan_rsch/scratch/WSI/zhengjie/CODE/cell_classification/outputs/multitask_resnet50/20260105-155852_5fold/multitask_vs_baseline_temporal_fair_1-48.png"
}