{
  "fold_index": 1,
  "best_val_metric": 0.986749529838562,
  "test_metrics": {
    "total_loss": 0.8520578353301339,
    "cls_loss": 0.026302736991530528,
    "reg_loss": 0.8257550985916801,
    "cls_accuracy": 0.9911684782608695,
    "cls_precision": 0.99860529986053,
    "cls_recall": 0.9835164835164835,
    "cls_f1": 0.9910034602076124,
    "cls_auc": 0.9998135265272362,
    "reg_mae": 1.2320836782455444,
    "reg_rmse": 1.5850580930709839,
    "reg_mse": 2.512408971786499,
    "combined": 0.9843347072601318
  }
}